ID_Venta,Fecha,ID_Cliente,Región_Cliente,ID_Producto,Cantidad,Método_Pago,Método_Pago_Nombre,Estado,Nombre_Producto,Precio_Unitario,Categoría,Total_Venta,Mes,Nro de Mes,Mes_Año,Cat_MetodoPago,Año
919,31/1/2024,10,Buenos Aires,25,5,1,Efectivo,Completa,Pizza congelada,$15.45,Congelados,$77.25,enero,1,miércoles-01,Congelados - Efectivo,2024
947,31/1/2024,106,NEA,5,1,4,Mercado Pago,Completa,Manteca,$5.65,Lácteos,$5.65,enero,1,miércoles-01,Lácteos - Mercado Pago,2024
1317,31/1/2024,235,NEA,25,3,3,Tarjeta de Débito,Completa,Pizza congelada,$15.45,Congelados,$46.35,enero,1,miércoles-01,Congelados - Tarjeta de Débito,2024
1607,31/1/2024,114,Centro,15,5,1,Efectivo,Completa,Medialunas,$3.51,Panadería,$17.55,enero,1,miércoles-01,Panadería - Efectivo,2024
2038,31/1/2024,132,Buenos Aires,2,5,4,Mercado Pago,Completa,Yogur,$5.21,Lácteos,$26.05,enero,1,miércoles-01,Lácteos - Mercado Pago,2024
2436,31/1/2024,282,Centro,3,3,1,Efectivo,Completa,Queso cremoso,$17.23,Lácteos,$51.69,enero,1,miércoles-01,Lácteos - Efectivo,2024
2578,31/1/2024,201,Patagonia,31,6,3,Tarjeta de Débito,Completa,Galletitas de agua,$5.24,Galletitas y Snacks,$31.44,enero,1,miércoles-01,Galletitas y Snacks - Tarjeta de Débito,2024
448,1/2/2024,5,Centro,19,3,4,Mercado Pago,Pendiente,Tomates,$6.54,Frutas y Verduras,$19.62,febrero,2,jueves-02,Frutas y Verduras - Mercado Pago,2024
492,1/2/2024,114,Centro,29,6,4,Mercado Pago,Completa,Cerveza,$11.54,Bebidas,$69.24,febrero,2,jueves-02,Bebidas - Mercado Pago,2024
1099,1/2/2024,282,Centro,28,1,4,Mercado Pago,Completa,Jugos de frutas,$9.45,Bebidas,$9.45,febrero,2,jueves-02,Bebidas - Mercado Pago,2024
1439,1/2/2024,130,Buenos Aires,18,2,2,Tarjeta de Crédito,Completa,Bananas,$7.25,Frutas y Verduras,$14.50,febrero,2,jueves-02,Frutas y Verduras - Tarjeta de Crédito,2024
1565,1/2/2024,97,Buenos Aires,6,6,2,Tarjeta de Crédito,Completa,Asado,$28.56,Carnicería,$171.36,febrero,2,jueves-02,Carnicería - Tarjeta de Crédito,2024
1776,1/2/2024,247,Buenos Aires,7,4,4,Mercado Pago,Completa,Chorizo,$11.25,Carnicería,$45.00,febrero,2,jueves-02,Carnicería - Mercado Pago,2024
2190,1/2/2024,98,Centro,16,1,1,Efectivo,Pendiente,Tortas,$15.23,Panadería,$15.23,febrero,2,jueves-02,Panadería - Efectivo,2024
2755,1/2/2024,27,Buenos Aires,18,4,4,Mercado Pago,Completa,Bananas,$7.25,Frutas y Verduras,$29.00,febrero,2,jueves-02,Frutas y Verduras - Mercado Pago,2024
43,2/2/2024,294,Centro,31,1,4,Mercado Pago,Completa,Galletitas de agua,$5.24,Galletitas y Snacks,$5.24,febrero,2,viernes-02,Galletitas y Snacks - Mercado Pago,2024
272,2/2/2024,60,NEA,3,6,4,Mercado Pago,Completa,Queso cremoso,$17.23,Lácteos,$103.38,febrero,2,viernes-02,Lácteos - Mercado Pago,2024
349,2/2/2024,203,Buenos Aires,2,3,4,Mercado Pago,Completa,Yogur,$5.21,Lácteos,$15.63,febrero,2,viernes-02,Lácteos - Mercado Pago,2024
351,2/2/2024,45,Buenos Aires,8,4,3,Tarjeta de Débito,Completa,Milanesa,$16.21,Carnicería,$64.84,febrero,2,viernes-02,Carnicería - Tarjeta de Débito,2024
822,2/2/2024,1,Patagonia,32,4,5,Transferencia,Completa,Galletitas de chocolate,$6.25,Galletitas y Snacks,$25.00,febrero,2,viernes-02,Galletitas y Snacks - Transferencia,2024
1078,2/2/2024,218,Centro,6,5,5,Transferencia,Completa,Asado,$28.56,Carnicería,$142.80,febrero,2,viernes-02,Carnicería - Transferencia,2024
1595,2/2/2024,129,Patagonia,31,6,1,Efectivo,Completa,Galletitas de agua,$5.24,Galletitas y Snacks,$31.44,febrero,2,viernes-02,Galletitas y Snacks - Efectivo,2024
2746,2/2/2024,217,Centro,4,1,4,Mercado Pago,Completa,Queso rallado,$19.23,Lácteos,$19.23,febrero,2,viernes-02,Lácteos - Mercado Pago,2024
262,3/2/2024,156,Patagonia,33,3,4,Mercado Pago,Pendiente,Papas chips,$8.54,Galletitas y Snacks,$25.62,febrero,2,sábado-02,Galletitas y Snacks - Mercado Pago,2024
997,3/2/2024,245,NEA,12,3,5,Transferencia,Completa,Pan francés,$8.12,Panadería,$24.36,febrero,2,sábado-02,Panadería - Transferencia,2024
1221,3/2/2024,251,Centro,10,5,5,Transferencia,Pendiente,Costilla de cerdo,$14.25,Carnicería,$71.25,febrero,2,sábado-02,Carnicería - Transferencia,2024
1931,3/2/2024,204,Patagonia,6,4,5,Transferencia,Completa,Asado,$28.56,Carnicería,$114.24,febrero,2,sábado-02,Carnicería - Transferencia,2024
1967,3/2/2024,32,Cuyo,7,5,4,Mercado Pago,Completa,Chorizo,$11.25,Carnicería,$56.25,febrero,2,sábado-02,Carnicería - Mercado Pago,2024
2328,3/2/2024,275,Buenos Aires,23,1,2,Tarjeta de Crédito,Completa,Papas fritas,$8.23,Congelados,$8.23,febrero,2,sábado-02,Congelados - Tarjeta de Crédito,2024
420,4/2/2024,259,Cuyo,32,1,2,Tarjeta de Crédito,Pendiente,Galletitas de chocolate,$6.25,Galletitas y Snacks,$6.25,febrero,2,domingo-02,Galletitas y Snacks - Tarjeta de Crédito,2024
546,4/2/2024,66,Buenos Aires,19,3,4,Mercado Pago,Completa,Tomates,$6.54,Frutas y Verduras,$19.62,febrero,2,domingo-02,Frutas y Verduras - Mercado Pago,2024
680,4/2/2024,112,NEA,37,2,5,Transferencia,Completa,Garbanzos,$3.65,Conservas,$7.30,febrero,2,domingo-02,Conservas - Transferencia,2024
2263,4/2/2024,48,Patagonia,27,1,5,Transferencia,Completa,Agua mineral,$6.21,Bebidas,$6.21,febrero,2,domingo-02,Bebidas - Transferencia,2024
2752,4/2/2024,125,Patagonia,35,3,4,Mercado Pago,Completa,Arroz,$4.25,Conservas,$12.75,febrero,2,domingo-02,Conservas - Mercado Pago,2024
2889,4/2/2024,48,Patagonia,24,2,3,Tarjeta de Débito,Pendiente,Empanadas,$13.54,Congelados,$27.08,febrero,2,domingo-02,Congelados - Tarjeta de Débito,2024
2896,4/2/2024,106,NEA,21,1,2,Tarjeta de Crédito,Completa,Zanahorias,$3.25,Frutas y Verduras,$3.25,febrero,2,domingo-02,Frutas y Verduras - Tarjeta de Crédito,2024
277,5/2/2024,159,NEA,4,6,4,Mercado Pago,Completa,Queso rallado,$19.23,Lácteos,$115.38,febrero,2,lunes-02,Lácteos - Mercado Pago,2024
497,5/2/2024,169,Centro,5,6,3,Tarjeta de Débito,Completa,Manteca,$5.65,Lácteos,$33.90,febrero,2,lunes-02,Lácteos - Tarjeta de Débito,2024
503,5/2/2024,169,Centro,5,5,1,Efectivo,Completa,Manteca,$5.65,Lácteos,$28.25,febrero,2,lunes-02,Lácteos - Efectivo,2024
1198,5/2/2024,102,Patagonia,13,2,1,Efectivo,Completa,Pan integral,$12.56,Panadería,$25.12,febrero,2,lunes-02,Panadería - Efectivo,2024
1449,5/2/2024,172,Buenos Aires,29,6,2,Tarjeta de Crédito,Completa,Cerveza,$11.54,Bebidas,$69.24,febrero,2,lunes-02,Bebidas - Tarjeta de Crédito,2024
1759,5/2/2024,255,Buenos Aires,23,5,5,Transferencia,Pendiente,Papas fritas,$8.23,Congelados,$41.15,febrero,2,lunes-02,Congelados - Transferencia,2024
2873,5/2/2024,230,Centro,13,2,2,Tarjeta de Crédito,Completa,Pan integral,$12.56,Panadería,$25.12,febrero,2,lunes-02,Panadería - Tarjeta de Crédito,2024
484,6/2/2024,168,Centro,35,1,2,Tarjeta de Crédito,Completa,Arroz,$4.25,Conservas,$4.25,febrero,2,martes-02,Conservas - Tarjeta de Crédito,2024
593,6/2/2024,258,Centro,11,4,5,Transferencia,Completa,Salchicha,$11.23,Carnicería,$44.92,febrero,2,martes-02,Carnicería - Transferencia,2024
809,6/2/2024,159,NEA,19,6,5,Transferencia,Pendiente,Tomates,$6.54,Frutas y Verduras,$39.24,febrero,2,martes-02,Frutas y Verduras - Transferencia,2024
1656,6/2/2024,283,Buenos Aires,1,3,4,Mercado Pago,Completa,Leche,$12.24,Lácteos,$36.72,febrero,2,martes-02,Lácteos - Mercado Pago,2024
1735,6/2/2024,130,Buenos Aires,8,6,5,Transferencia,Completa,Milanesa,$16.21,Carnicería,$97.26,febrero,2,martes-02,Carnicería - Transferencia,2024
2126,6/2/2024,181,Patagonia,3,3,4,Mercado Pago,Pendiente,Queso cremoso,$17.23,Lácteos,$51.69,febrero,2,martes-02,Lácteos - Mercado Pago,2024
2540,6/2/2024,75,NEA,28,6,1,Efectivo,Pendiente,Jugos de frutas,$9.45,Bebidas,$56.70,febrero,2,martes-02,Bebidas - Efectivo,2024
2680,6/2/2024,155,Cuyo,18,2,4,Mercado Pago,Completa,Bananas,$7.25,Frutas y Verduras,$14.50,febrero,2,martes-02,Frutas y Verduras - Mercado Pago,2024
116,7/2/2024,71,Buenos Aires,35,4,3,Tarjeta de Débito,Completa,Arroz,$4.25,Conservas,$17.00,febrero,2,miércoles-02,Conservas - Tarjeta de Débito,2024
215,7/2/2024,64,NEA,31,2,4,Mercado Pago,Pendiente,Galletitas de agua,$5.24,Galletitas y Snacks,$10.48,febrero,2,miércoles-02,Galletitas y Snacks - Mercado Pago,2024
441,7/2/2024,21,Buenos Aires,7,6,3,Tarjeta de Débito,Completa,Chorizo,$11.25,Carnicería,$67.50,febrero,2,miércoles-02,Carnicería - Tarjeta de Débito,2024
471,7/2/2024,108,Patagonia,12,6,5,Transferencia,Pendiente,Pan francés,$8.12,Panadería,$48.72,febrero,2,miércoles-02,Panadería - Transferencia,2024
1136,7/2/2024,187,Buenos Aires,23,3,3,Tarjeta de Débito,Completa,Papas fritas,$8.23,Congelados,$24.69,febrero,2,miércoles-02,Congelados - Tarjeta de Débito,2024
1753,7/2/2024,35,NOA,17,2,4,Mercado Pago,Pendiente,Manzanas,$6.54,Frutas y Verduras,$13.08,febrero,2,miércoles-02,Frutas y Verduras - Mercado Pago,2024
2127,7/2/2024,180,Buenos Aires,6,3,3,Tarjeta de Débito,Completa,Asado,$28.56,Carnicería,$85.68,febrero,2,miércoles-02,Carnicería - Tarjeta de Débito,2024
2209,7/2/2024,151,Buenos Aires,3,2,1,Efectivo,Completa,Queso cremoso,$17.23,Lácteos,$34.46,febrero,2,miércoles-02,Lácteos - Efectivo,2024
2935,7/2/2024,164,Centro,25,3,4,Mercado Pago,Completa,Pizza congelada,$15.45,Congelados,$46.35,febrero,2,miércoles-02,Congelados - Mercado Pago,2024
734,8/2/2024,212,Buenos Aires,36,5,2,Tarjeta de Crédito,Completa,Lentejas,$3.25,Conservas,$16.25,febrero,2,jueves-02,Conservas - Tarjeta de Crédito,2024
2043,8/2/2024,318,Buenos Aires,27,2,5,Transferencia,Completa,Agua mineral,$6.21,Bebidas,$12.42,febrero,2,jueves-02,Bebidas - Transferencia,2024
2335,8/2/2024,56,Centro,38,2,5,Transferencia,Completa,Atún enlatado,$6.21,Conservas,$12.42,febrero,2,jueves-02,Conservas - Transferencia,2024
2770,8/2/2024,295,Cuyo,34,4,2,Tarjeta de Crédito,Completa,Maníes,$5.45,Galletitas y Snacks,$21.80,febrero,2,jueves-02,Galletitas y Snacks - Tarjeta de Crédito,2024
226,9/2/2024,3,Patagonia,11,4,1,Efectivo,Completa,Salchicha,$11.23,Carnicería,$44.92,febrero,2,viernes-02,Carnicería - Efectivo,2024
1044,9/2/2024,69,Cuyo,29,1,5,Transferencia,Completa,Cerveza,$11.54,Bebidas,$11.54,febrero,2,viernes-02,Bebidas - Transferencia,2024
1162,9/2/2024,104,Buenos Aires,17,2,3,Tarjeta de Débito,Completa,Manzanas,$6.54,Frutas y Verduras,$13.08,febrero,2,viernes-02,Frutas y Verduras - Tarjeta de Débito,2024
1725,9/2/2024,293,Patagonia,25,6,4,Mercado Pago,Completa,Pizza congelada,$15.45,Congelados,$92.70,febrero,2,viernes-02,Congelados - Mercado Pago,2024
1878,9/2/2024,214,Patagonia,17,3,4,Mercado Pago,Completa,Manzanas,$6.54,Frutas y Verduras,$19.62,febrero,2,viernes-02,Frutas y Verduras - Mercado Pago,2024
2480,9/2/2024,278,Centro,22,1,1,Efectivo,Completa,Cebolla,$4.21,Frutas y Verduras,$4.21,febrero,2,viernes-02,Frutas y Verduras - Efectivo,2024
2610,9/2/2024,78,Buenos Aires,1,6,4,Mercado Pago,Completa,Leche,$12.24,Lácteos,$73.44,febrero,2,viernes-02,Lácteos - Mercado Pago,2024
2947,9/2/2024,28,NEA,6,5,4,Mercado Pago,Pendiente,Asado,$28.56,Carnicería,$142.80,febrero,2,viernes-02,Carnicería - Mercado Pago,2024
117,10/2/2024,288,Buenos Aires,10,3,2,Tarjeta de Crédito,Pendiente,Costilla de cerdo,$14.25,Carnicería,$42.75,febrero,2,sábado-02,Carnicería - Tarjeta de Crédito,2024
1102,10/2/2024,59,Centro,29,4,3,Tarjeta de Débito,Completa,Cerveza,$11.54,Bebidas,$46.16,febrero,2,sábado-02,Bebidas - Tarjeta de Débito,2024
1217,10/2/2024,144,NEA,22,2,4,Mercado Pago,Completa,Cebolla,$4.21,Frutas y Verduras,$8.42,febrero,2,sábado-02,Frutas y Verduras - Mercado Pago,2024
1363,10/2/2024,314,Patagonia,28,3,3,Tarjeta de Débito,Pendiente,Jugos de frutas,$9.45,Bebidas,$28.35,febrero,2,sábado-02,Bebidas - Tarjeta de Débito,2024
1600,10/2/2024,230,Centro,24,6,3,Tarjeta de Débito,Completa,Empanadas,$13.54,Congelados,$81.24,febrero,2,sábado-02,Congelados - Tarjeta de Débito,2024
2719,10/2/2024,57,Centro,16,1,4,Mercado Pago,Completa,Tortas,$15.23,Panadería,$15.23,febrero,2,sábado-02,Panadería - Mercado Pago,2024
621,11/2/2024,166,NEA,3,3,3,Tarjeta de Débito,Completa,Queso cremoso,$17.23,Lácteos,$51.69,febrero,2,domingo-02,Lácteos - Tarjeta de Débito,2024
995,11/2/2024,224,Cuyo,13,5,5,Transferencia,Completa,Pan integral,$12.56,Panadería,$62.80,febrero,2,domingo-02,Panadería - Transferencia,2024
1218,11/2/2024,34,Cuyo,29,1,2,Tarjeta de Crédito,Completa,Cerveza,$11.54,Bebidas,$11.54,febrero,2,domingo-02,Bebidas - Tarjeta de Crédito,2024
1362,11/2/2024,120,Buenos Aires,19,2,5,Transferencia,Pendiente,Tomates,$6.54,Frutas y Verduras,$13.08,febrero,2,domingo-02,Frutas y Verduras - Transferencia,2024
1651,11/2/2024,85,Cuyo,13,6,4,Mercado Pago,Completa,Pan integral,$12.56,Panadería,$75.36,febrero,2,domingo-02,Panadería - Mercado Pago,2024
1680,11/2/2024,241,Buenos Aires,28,3,3,Tarjeta de Débito,Completa,Jugos de frutas,$9.45,Bebidas,$28.35,febrero,2,domingo-02,Bebidas - Tarjeta de Débito,2024
1754,11/2/2024,212,Buenos Aires,27,3,5,Transferencia,Completa,Agua mineral,$6.21,Bebidas,$18.63,febrero,2,domingo-02,Bebidas - Transferencia,2024
1934,11/2/2024,69,Cuyo,27,1,2,Tarjeta de Crédito,Completa,Agua mineral,$6.21,Bebidas,$6.21,febrero,2,domingo-02,Bebidas - Tarjeta de Crédito,2024
2534,11/2/2024,250,Centro,11,1,5,Transferencia,Completa,Salchicha,$11.23,Carnicería,$11.23,febrero,2,domingo-02,Carnicería - Transferencia,2024
2642,11/2/2024,54,Buenos Aires,37,5,4,Mercado Pago,Completa,Garbanzos,$3.65,Conservas,$18.25,febrero,2,domingo-02,Conservas - Mercado Pago,2024
2703,11/2/2024,255,Buenos Aires,29,3,1,Efectivo,Pendiente,Cerveza,$11.54,Bebidas,$34.62,febrero,2,domingo-02,Bebidas - Efectivo,2024
2874,11/2/2024,87,Patagonia,19,4,5,Transferencia,Completa,Tomates,$6.54,Frutas y Verduras,$26.16,febrero,2,domingo-02,Frutas y Verduras - Transferencia,2024
2933,11/2/2024,307,Cuyo,37,4,5,Transferencia,Completa,Garbanzos,$3.65,Conservas,$14.60,febrero,2,domingo-02,Conservas - Transferencia,2024
29,12/2/2024,205,Patagonia,38,2,3,Tarjeta de Débito,Completa,Atún enlatado,$6.21,Conservas,$12.42,febrero,2,lunes-02,Conservas - Tarjeta de Débito,2024
237,12/2/2024,182,Centro,21,4,1,Efectivo,Completa,Zanahorias,$3.25,Frutas y Verduras,$13.00,febrero,2,lunes-02,Frutas y Verduras - Efectivo,2024
488,12/2/2024,47,Buenos Aires,14,2,5,Transferencia,Completa,Facturas,$12.36,Panadería,$24.72,febrero,2,lunes-02,Panadería - Transferencia,2024
1168,12/2/2024,286,Centro,4,4,5,Transferencia,Completa,Queso rallado,$19.23,Lácteos,$76.92,febrero,2,lunes-02,Lácteos - Transferencia,2024
1540,12/2/2024,273,Cuyo,14,6,3,Tarjeta de Débito,Completa,Facturas,$12.36,Panadería,$74.16,febrero,2,lunes-02,Panadería - Tarjeta de Débito,2024
2007,12/2/2024,288,Buenos Aires,14,2,4,Mercado Pago,Completa,Facturas,$12.36,Panadería,$24.72,febrero,2,lunes-02,Panadería - Mercado Pago,2024
2236,12/2/2024,295,Cuyo,18,4,5,Transferencia,Completa,Bananas,$7.25,Frutas y Verduras,$29.00,febrero,2,lunes-02,Frutas y Verduras - Transferencia,2024
8,13/2/2024,214,Patagonia,38,4,4,Mercado Pago,Completa,Atún enlatado,$6.21,Conservas,$24.84,febrero,2,martes-02,Conservas - Mercado Pago,2024
14,13/2/2024,171,Cuyo,22,4,3,Tarjeta de Débito,Completa,Cebolla,$4.21,Frutas y Verduras,$16.84,febrero,2,martes-02,Frutas y Verduras - Tarjeta de Débito,2024
459,13/2/2024,128,Buenos Aires,24,4,3,Tarjeta de Débito,Completa,Empanadas,$13.54,Congelados,$54.16,febrero,2,martes-02,Congelados - Tarjeta de Débito,2024
681,13/2/2024,14,Buenos Aires,29,3,3,Tarjeta de Débito,Completa,Cerveza,$11.54,Bebidas,$34.62,febrero,2,martes-02,Bebidas - Tarjeta de Débito,2024
821,13/2/2024,43,Patagonia,1,3,5,Transferencia,Pendiente,Leche,$12.24,Lácteos,$36.72,febrero,2,martes-02,Lácteos - Transferencia,2024
908,13/2/2024,141,NEA,11,4,4,Mercado Pago,Pendiente,Salchicha,$11.23,Carnicería,$44.92,febrero,2,martes-02,Carnicería - Mercado Pago,2024
1826,13/2/2024,300,NEA,20,1,1,Efectivo,Completa,Lechugas,$4.25,Frutas y Verduras,$4.25,febrero,2,martes-02,Frutas y Verduras - Efectivo,2024
2355,13/2/2024,150,Buenos Aires,35,2,5,Transferencia,Completa,Arroz,$4.25,Conservas,$8.50,febrero,2,martes-02,Conservas - Transferencia,2024
2555,13/2/2024,130,Buenos Aires,33,3,5,Transferencia,Completa,Papas chips,$8.54,Galletitas y Snacks,$25.62,febrero,2,martes-02,Galletitas y Snacks - Transferencia,2024
2572,13/2/2024,258,Centro,26,4,1,Efectivo,Completa,Hamburgesas congeladas,$9.54,Congelados,$38.16,febrero,2,martes-02,Congelados - Efectivo,2024
2687,13/2/2024,73,Centro,29,4,5,Transferencia,Completa,Cerveza,$11.54,Bebidas,$46.16,febrero,2,martes-02,Bebidas - Transferencia,2024
2709,13/2/2024,304,Cuyo,12,2,1,Efectivo,Pendiente,Pan francés,$8.12,Panadería,$16.24,febrero,2,martes-02,Panadería - Efectivo,2024
1271,14/2/2024,190,NEA,27,5,3,Tarjeta de Débito,Completa,Agua mineral,$6.21,Bebidas,$31.05,febrero,2,miércoles-02,Bebidas - Tarjeta de Débito,2024
1975,14/2/2024,118,Centro,4,6,5,Transferencia,Completa,Queso rallado,$19.23,Lácteos,$115.38,febrero,2,miércoles-02,Lácteos - Transferencia,2024
2076,14/2/2024,5,Centro,1,1,4,Mercado Pago,Completa,Leche,$12.24,Lácteos,$12.24,febrero,2,miércoles-02,Lácteos - Mercado Pago,2024
2559,14/2/2024,87,Patagonia,15,6,1,Efectivo,Pendiente,Medialunas,$3.51,Panadería,$21.06,febrero,2,miércoles-02,Panadería - Efectivo,2024
2763,14/2/2024,273,Cuyo,21,5,5,Transferencia,Completa,Zanahorias,$3.25,Frutas y Verduras,$16.25,febrero,2,miércoles-02,Frutas y Verduras - Transferencia,2024
2801,14/2/2024,105,Buenos Aires,17,5,3,Tarjeta de Débito,Completa,Manzanas,$6.54,Frutas y Verduras,$32.70,febrero,2,miércoles-02,Frutas y Verduras - Tarjeta de Débito,2024
34,15/2/2024,325,NEA,35,5,2,Tarjeta de Crédito,Completa,Arroz,$4.25,Conservas,$21.25,febrero,2,jueves-02,Conservas - Tarjeta de Crédito,2024
294,15/2/2024,85,Cuyo,24,3,2,Tarjeta de Crédito,Completa,Empanadas,$13.54,Congelados,$40.62,febrero,2,jueves-02,Congelados - Tarjeta de Crédito,2024
627,15/2/2024,312,Cuyo,24,6,5,Transferencia,Completa,Empanadas,$13.54,Congelados,$81.24,febrero,2,jueves-02,Congelados - Transferencia,2024
696,15/2/2024,76,Centro,13,3,1,Efectivo,Completa,Pan integral,$12.56,Panadería,$37.68,febrero,2,jueves-02,Panadería - Efectivo,2024
938,15/2/2024,204,Patagonia,1,1,4,Mercado Pago,Completa,Leche,$12.24,Lácteos,$12.24,febrero,2,jueves-02,Lácteos - Mercado Pago,2024
1700,15/2/2024,158,Buenos Aires,33,4,4,Mercado Pago,Completa,Papas chips,$8.54,Galletitas y Snacks,$34.16,febrero,2,jueves-02,Galletitas y Snacks - Mercado Pago,2024
1928,15/2/2024,310,Patagonia,35,1,1,Efectivo,Completa,Arroz,$4.25,Conservas,$4.25,febrero,2,jueves-02,Conservas - Efectivo,2024
2214,15/2/2024,187,Buenos Aires,7,5,5,Transferencia,Completa,Chorizo,$11.25,Carnicería,$56.25,febrero,2,jueves-02,Carnicería - Transferencia,2024
2238,15/2/2024,231,Patagonia,12,3,4,Mercado Pago,Completa,Pan francés,$8.12,Panadería,$24.36,febrero,2,jueves-02,Panadería - Mercado Pago,2024
2481,15/2/2024,166,NEA,4,2,5,Transferencia,Pendiente,Queso rallado,$19.23,Lácteos,$38.46,febrero,2,jueves-02,Lácteos - Transferencia,2024
2604,15/2/2024,319,Patagonia,23,1,5,Transferencia,Completa,Papas fritas,$8.23,Congelados,$8.23,febrero,2,jueves-02,Congelados - Transferencia,2024
481,16/2/2024,109,Cuyo,19,3,3,Tarjeta de Débito,Completa,Tomates,$6.54,Frutas y Verduras,$19.62,febrero,2,viernes-02,Frutas y Verduras - Tarjeta de Débito,2024
641,16/2/2024,184,Buenos Aires,17,5,5,Transferencia,Completa,Manzanas,$6.54,Frutas y Verduras,$32.70,febrero,2,viernes-02,Frutas y Verduras - Transferencia,2024
735,16/2/2024,183,Patagonia,20,2,1,Efectivo,Completa,Lechugas,$4.25,Frutas y Verduras,$8.50,febrero,2,viernes-02,Frutas y Verduras - Efectivo,2024
779,16/2/2024,252,Patagonia,14,2,3,Tarjeta de Débito,Completa,Facturas,$12.36,Panadería,$24.72,febrero,2,viernes-02,Panadería - Tarjeta de Débito,2024
1174,16/2/2024,286,Centro,14,1,1,Efectivo,Completa,Facturas,$12.36,Panadería,$12.36,febrero,2,viernes-02,Panadería - Efectivo,2024
1253,16/2/2024,50,Buenos Aires,13,1,2,Tarjeta de Crédito,Completa,Pan integral,$12.56,Panadería,$12.56,febrero,2,viernes-02,Panadería - Tarjeta de Crédito,2024
1263,16/2/2024,48,Patagonia,38,5,3,Tarjeta de Débito,Completa,Atún enlatado,$6.21,Conservas,$31.05,febrero,2,viernes-02,Conservas - Tarjeta de Débito,2024
1479,16/2/2024,211,Centro,33,1,1,Efectivo,Completa,Papas chips,$8.54,Galletitas y Snacks,$8.54,febrero,2,viernes-02,Galletitas y Snacks - Efectivo,2024
2323,16/2/2024,98,Centro,25,3,3,Tarjeta de Débito,Completa,Pizza congelada,$15.45,Congelados,$46.35,febrero,2,viernes-02,Congelados - Tarjeta de Débito,2024
2362,16/2/2024,109,Cuyo,36,6,1,Efectivo,Completa,Lentejas,$3.25,Conservas,$19.50,febrero,2,viernes-02,Conservas - Efectivo,2024
2771,16/2/2024,39,Patagonia,7,2,3,Tarjeta de Débito,Completa,Chorizo,$11.25,Carnicería,$22.50,febrero,2,viernes-02,Carnicería - Tarjeta de Débito,2024
2937,16/2/2024,124,NEA,3,3,2,Tarjeta de Crédito,Completa,Queso cremoso,$17.23,Lácteos,$51.69,febrero,2,viernes-02,Lácteos - Tarjeta de Crédito,2024
207,17/2/2024,203,Buenos Aires,20,2,5,Transferencia,Completa,Lechugas,$4.25,Frutas y Verduras,$8.50,febrero,2,sábado-02,Frutas y Verduras - Transferencia,2024
297,17/2/2024,302,Patagonia,3,4,5,Transferencia,Pendiente,Queso cremoso,$17.23,Lácteos,$68.92,febrero,2,sábado-02,Lácteos - Transferencia,2024
386,17/2/2024,250,Centro,32,6,5,Transferencia,Pendiente,Galletitas de chocolate,$6.25,Galletitas y Snacks,$37.50,febrero,2,sábado-02,Galletitas y Snacks - Transferencia,2024
572,17/2/2024,95,Buenos Aires,18,5,1,Efectivo,Completa,Bananas,$7.25,Frutas y Verduras,$36.25,febrero,2,sábado-02,Frutas y Verduras - Efectivo,2024
812,17/2/2024,280,Centro,7,4,3,Tarjeta de Débito,Completa,Chorizo,$11.25,Carnicería,$45.00,febrero,2,sábado-02,Carnicería - Tarjeta de Débito,2024
1079,17/2/2024,8,Buenos Aires,31,6,3,Tarjeta de Débito,Completa,Galletitas de agua,$5.24,Galletitas y Snacks,$31.44,febrero,2,sábado-02,Galletitas y Snacks - Tarjeta de Débito,2024
1095,17/2/2024,326,Cuyo,2,5,5,Transferencia,Pendiente,Yogur,$5.21,Lácteos,$26.05,febrero,2,sábado-02,Lácteos - Transferencia,2024
1842,17/2/2024,224,Cuyo,29,2,1,Efectivo,Completa,Cerveza,$11.54,Bebidas,$23.08,febrero,2,sábado-02,Bebidas - Efectivo,2024
1863,17/2/2024,46,Centro,26,5,4,Mercado Pago,Completa,Hamburgesas congeladas,$9.54,Congelados,$47.70,febrero,2,sábado-02,Congelados - Mercado Pago,2024
2045,17/2/2024,97,Buenos Aires,8,3,4,Mercado Pago,Completa,Milanesa,$16.21,Carnicería,$48.63,febrero,2,sábado-02,Carnicería - Mercado Pago,2024
2375,17/2/2024,82,Buenos Aires,38,1,3,Tarjeta de Débito,Completa,Atún enlatado,$6.21,Conservas,$6.21,febrero,2,sábado-02,Conservas - Tarjeta de Débito,2024
2634,17/2/2024,31,Centro,15,6,5,Transferencia,Completa,Medialunas,$3.51,Panadería,$21.06,febrero,2,sábado-02,Panadería - Transferencia,2024
77,18/2/2024,320,Centro,27,2,3,Tarjeta de Débito,Completa,Agua mineral,$6.21,Bebidas,$12.42,febrero,2,domingo-02,Bebidas - Tarjeta de Débito,2024
131,18/2/2024,17,Buenos Aires,23,5,4,Mercado Pago,Completa,Papas fritas,$8.23,Congelados,$41.15,febrero,2,domingo-02,Congelados - Mercado Pago,2024
166,18/2/2024,25,Patagonia,13,5,5,Transferencia,Completa,Pan integral,$12.56,Panadería,$62.80,febrero,2,domingo-02,Panadería - Transferencia,2024
223,18/2/2024,221,Buenos Aires,29,1,5,Transferencia,Completa,Cerveza,$11.54,Bebidas,$11.54,febrero,2,domingo-02,Bebidas - Transferencia,2024
236,18/2/2024,44,Buenos Aires,21,4,5,Transferencia,Pendiente,Zanahorias,$3.25,Frutas y Verduras,$13.00,febrero,2,domingo-02,Frutas y Verduras - Transferencia,2024
434,18/2/2024,90,Buenos Aires,23,1,5,Transferencia,Completa,Papas fritas,$8.23,Congelados,$8.23,febrero,2,domingo-02,Congelados - Transferencia,2024
539,18/2/2024,274,Buenos Aires,14,2,5,Transferencia,Completa,Facturas,$12.36,Panadería,$24.72,febrero,2,domingo-02,Panadería - Transferencia,2024
801,18/2/2024,37,Cuyo,27,3,1,Efectivo,Completa,Agua mineral,$6.21,Bebidas,$18.63,febrero,2,domingo-02,Bebidas - Efectivo,2024
1007,18/2/2024,77,Buenos Aires,11,6,5,Transferencia,Completa,Salchicha,$11.23,Carnicería,$67.38,febrero,2,domingo-02,Carnicería - Transferencia,2024
1181,18/2/2024,171,Cuyo,17,4,4,Mercado Pago,Completa,Manzanas,$6.54,Frutas y Verduras,$26.16,febrero,2,domingo-02,Frutas y Verduras - Mercado Pago,2024
1625,18/2/2024,145,Buenos Aires,38,4,3,Tarjeta de Débito,Completa,Atún enlatado,$6.21,Conservas,$24.84,febrero,2,domingo-02,Conservas - Tarjeta de Débito,2024
1983,18/2/2024,63,Buenos Aires,27,4,5,Transferencia,Completa,Agua mineral,$6.21,Bebidas,$24.84,febrero,2,domingo-02,Bebidas - Transferencia,2024
2409,18/2/2024,252,Patagonia,15,4,5,Transferencia,Completa,Medialunas,$3.51,Panadería,$14.04,febrero,2,domingo-02,Panadería - Transferencia,2024
2964,18/2/2024,269,Centro,7,2,1,Efectivo,Completa,Chorizo,$11.25,Carnicería,$22.50,febrero,2,domingo-02,Carnicería - Efectivo,2024
53,19/2/2024,66,Buenos Aires,30,2,5,Transferencia,Completa,Vino tinto,$13.54,Bebidas,$27.08,febrero,2,lunes-02,Bebidas - Transferencia,2024
447,19/2/2024,249,Buenos Aires,27,5,1,Efectivo,Completa,Agua mineral,$6.21,Bebidas,$31.05,febrero,2,lunes-02,Bebidas - Efectivo,2024
454,19/2/2024,131,Buenos Aires,13,5,4,Mercado Pago,Completa,Pan integral,$12.56,Panadería,$62.80,febrero,2,lunes-02,Panadería - Mercado Pago,2024
1332,19/2/2024,1,Patagonia,29,4,4,Mercado Pago,Completa,Cerveza,$11.54,Bebidas,$46.16,febrero,2,lunes-02,Bebidas - Mercado Pago,2024
1722,19/2/2024,266,Buenos Aires,7,3,4,Mercado Pago,Completa,Chorizo,$11.25,Carnicería,$33.75,febrero,2,lunes-02,Carnicería - Mercado Pago,2024
2134,19/2/2024,116,Buenos Aires,29,5,2,Tarjeta de Crédito,Completa,Cerveza,$11.54,Bebidas,$57.70,febrero,2,lunes-02,Bebidas - Tarjeta de Crédito,2024
2310,19/2/2024,139,Buenos Aires,11,2,5,Transferencia,Completa,Salchicha,$11.23,Carnicería,$22.46,febrero,2,lunes-02,Carnicería - Transferencia,2024
2926,19/2/2024,210,Centro,37,2,1,Efectivo,Completa,Garbanzos,$3.65,Conservas,$7.30,febrero,2,lunes-02,Conservas - Efectivo,2024
2969,19/2/2024,128,Buenos Aires,9,1,5,Transferencia,Completa,Pollo,$18.56,Carnicería,$18.56,febrero,2,lunes-02,Carnicería - Transferencia,2024
11,20/2/2024,237,Buenos Aires,25,6,1,Efectivo,Completa,Pizza congelada,$15.45,Congelados,$92.70,febrero,2,martes-02,Congelados - Efectivo,2024
110,20/2/2024,31,Centro,11,2,3,Tarjeta de Débito,Completa,Salchicha,$11.23,Carnicería,$22.46,febrero,2,martes-02,Carnicería - Tarjeta de Débito,2024
979,20/2/2024,30,Buenos Aires,29,5,1,Efectivo,Completa,Cerveza,$11.54,Bebidas,$57.70,febrero,2,martes-02,Bebidas - Efectivo,2024
1633,20/2/2024,27,Buenos Aires,11,5,4,Mercado Pago,Completa,Salchicha,$11.23,Carnicería,$56.15,febrero,2,martes-02,Carnicería - Mercado Pago,2024
2176,20/2/2024,48,Patagonia,12,5,1,Efectivo,Completa,Pan francés,$8.12,Panadería,$40.60,febrero,2,martes-02,Panadería - Efectivo,2024
2227,20/2/2024,239,Buenos Aires,8,4,5,Transferencia,Completa,Milanesa,$16.21,Carnicería,$64.84,febrero,2,martes-02,Carnicería - Transferencia,2024
2325,20/2/2024,13,Centro,2,4,4,Mercado Pago,Completa,Yogur,$5.21,Lácteos,$20.84,febrero,2,martes-02,Lácteos - Mercado Pago,2024
2427,20/2/2024,57,Centro,35,2,1,Efectivo,Completa,Arroz,$4.25,Conservas,$8.50,febrero,2,martes-02,Conservas - Efectivo,2024
2929,20/2/2024,28,NEA,11,1,3,Tarjeta de Débito,Completa,Salchicha,$11.23,Carnicería,$11.23,febrero,2,martes-02,Carnicería - Tarjeta de Débito,2024
168,21/2/2024,186,Patagonia,2,1,4,Mercado Pago,Completa,Yogur,$5.21,Lácteos,$5.21,febrero,2,miércoles-02,Lácteos - Mercado Pago,2024
691,21/2/2024,175,Buenos Aires,14,1,1,Efectivo,Completa,Facturas,$12.36,Panadería,$12.36,febrero,2,miércoles-02,Panadería - Efectivo,2024
851,21/2/2024,13,Centro,14,2,4,Mercado Pago,Completa,Facturas,$12.36,Panadería,$24.72,febrero,2,miércoles-02,Panadería - Mercado Pago,2024
986,21/2/2024,273,Cuyo,7,4,1,Efectivo,Completa,Chorizo,$11.25,Carnicería,$45.00,febrero,2,miércoles-02,Carnicería - Efectivo,2024
1041,21/2/2024,312,Cuyo,9,3,3,Tarjeta de Débito,Completa,Pollo,$18.56,Carnicería,$55.68,febrero,2,miércoles-02,Carnicería - Tarjeta de Débito,2024
2560,21/2/2024,249,Buenos Aires,33,3,5,Transferencia,Completa,Papas chips,$8.54,Galletitas y Snacks,$25.62,febrero,2,miércoles-02,Galletitas y Snacks - Transferencia,2024
2751,21/2/2024,19,Centro,2,5,4,Mercado Pago,Completa,Yogur,$5.21,Lácteos,$26.05,febrero,2,miércoles-02,Lácteos - Mercado Pago,2024
2905,21/2/2024,226,Patagonia,5,4,4,Mercado Pago,Completa,Manteca,$5.65,Lácteos,$22.60,febrero,2,miércoles-02,Lácteos - Mercado Pago,2024
338,22/2/2024,103,Patagonia,12,2,3,Tarjeta de Débito,Completa,Pan francés,$8.12,Panadería,$16.24,febrero,2,jueves-02,Panadería - Tarjeta de Débito,2024
407,22/2/2024,32,Cuyo,5,3,3,Tarjeta de Débito,Completa,Manteca,$5.65,Lácteos,$16.95,febrero,2,jueves-02,Lácteos - Tarjeta de Débito,2024
1184,22/2/2024,106,NEA,38,6,5,Transferencia,Completa,Atún enlatado,$6.21,Conservas,$37.26,febrero,2,jueves-02,Conservas - Transferencia,2024
1200,22/2/2024,143,Buenos Aires,32,1,5,Transferencia,Pendiente,Galletitas de chocolate,$6.25,Galletitas y Snacks,$6.25,febrero,2,jueves-02,Galletitas y Snacks - Transferencia,2024
1792,22/2/2024,81,Buenos Aires,9,4,1,Efectivo,Completa,Pollo,$18.56,Carnicería,$74.24,febrero,2,jueves-02,Carnicería - Efectivo,2024
2027,22/2/2024,184,Buenos Aires,32,4,1,Efectivo,Completa,Galletitas de chocolate,$6.25,Galletitas y Snacks,$25.00,febrero,2,jueves-02,Galletitas y Snacks - Efectivo,2024
2206,22/2/2024,236,Buenos Aires,23,1,1,Efectivo,Completa,Papas fritas,$8.23,Congelados,$8.23,febrero,2,jueves-02,Congelados - Efectivo,2024
2235,22/2/2024,20,Cuyo,28,6,5,Transferencia,Completa,Jugos de frutas,$9.45,Bebidas,$56.70,febrero,2,jueves-02,Bebidas - Transferencia,2024
2449,22/2/2024,262,Buenos Aires,1,2,5,Transferencia,Pendiente,Leche,$12.24,Lácteos,$24.48,febrero,2,jueves-02,Lácteos - Transferencia,2024
2527,22/2/2024,55,Patagonia,14,3,5,Transferencia,Completa,Facturas,$12.36,Panadería,$37.08,febrero,2,jueves-02,Panadería - Transferencia,2024
85,23/2/2024,91,Buenos Aires,4,5,2,Tarjeta de Crédito,Completa,Queso rallado,$19.23,Lácteos,$96.15,febrero,2,viernes-02,Lácteos - Tarjeta de Crédito,2024
784,23/2/2024,279,Centro,10,4,2,Tarjeta de Crédito,Completa,Costilla de cerdo,$14.25,Carnicería,$57.00,febrero,2,viernes-02,Carnicería - Tarjeta de Crédito,2024
1586,23/2/2024,166,NEA,38,2,4,Mercado Pago,Pendiente,Atún enlatado,$6.21,Conservas,$12.42,febrero,2,viernes-02,Conservas - Mercado Pago,2024
2869,23/2/2024,247,Buenos Aires,4,2,4,Mercado Pago,Completa,Queso rallado,$19.23,Lácteos,$38.46,febrero,2,viernes-02,Lácteos - Mercado Pago,2024
2982,23/2/2024,229,Cuyo,34,2,4,Mercado Pago,Completa,Maníes,$5.45,Galletitas y Snacks,$10.90,febrero,2,viernes-02,Galletitas y Snacks - Mercado Pago,2024
88,24/2/2024,176,NEA,37,1,5,Transferencia,Completa,Garbanzos,$3.65,Conservas,$3.65,febrero,2,sábado-02,Conservas - Transferencia,2024
267,24/2/2024,273,Cuyo,13,1,4,Mercado Pago,Pendiente,Pan integral,$12.56,Panadería,$12.56,febrero,2,sábado-02,Panadería - Mercado Pago,2024
342,24/2/2024,109,Cuyo,7,3,3,Tarjeta de Débito,Completa,Chorizo,$11.25,Carnicería,$33.75,febrero,2,sábado-02,Carnicería - Tarjeta de Débito,2024
783,24/2/2024,124,NEA,30,1,2,Tarjeta de Crédito,Completa,Vino tinto,$13.54,Bebidas,$13.54,febrero,2,sábado-02,Bebidas - Tarjeta de Crédito,2024
948,24/2/2024,218,Centro,11,1,4,Mercado Pago,Completa,Salchicha,$11.23,Carnicería,$11.23,febrero,2,sábado-02,Carnicería - Mercado Pago,2024
1416,24/2/2024,31,Centro,38,2,5,Transferencia,Completa,Atún enlatado,$6.21,Conservas,$12.42,febrero,2,sábado-02,Conservas - Transferencia,2024
1674,24/2/2024,75,NEA,23,4,5,Transferencia,Pendiente,Papas fritas,$8.23,Congelados,$32.92,febrero,2,sábado-02,Congelados - Transferencia,2024
1852,24/2/2024,230,Centro,1,4,5,Transferencia,Pendiente,Leche,$12.24,Lácteos,$48.96,febrero,2,sábado-02,Lácteos - Transferencia,2024
2439,24/2/2024,142,Cuyo,7,3,5,Transferencia,Completa,Chorizo,$11.25,Carnicería,$33.75,febrero,2,sábado-02,Carnicería - Transferencia,2024
2835,24/2/2024,57,Centro,3,5,5,Transferencia,Pendiente,Queso cremoso,$17.23,Lácteos,$86.15,febrero,2,sábado-02,Lácteos - Transferencia,2024
134,25/2/2024,308,Centro,10,1,4,Mercado Pago,Completa,Costilla de cerdo,$14.25,Carnicería,$14.25,febrero,2,domingo-02,Carnicería - Mercado Pago,2024
1999,25/2/2024,209,Buenos Aires,33,2,5,Transferencia,Completa,Papas chips,$8.54,Galletitas y Snacks,$17.08,febrero,2,domingo-02,Galletitas y Snacks - Transferencia,2024
2155,25/2/2024,162,Patagonia,17,1,3,Tarjeta de Débito,Pendiente,Manzanas,$6.54,Frutas y Verduras,$6.54,febrero,2,domingo-02,Frutas y Verduras - Tarjeta de Débito,2024
2309,25/2/2024,82,Buenos Aires,1,4,4,Mercado Pago,Pendiente,Leche,$12.24,Lácteos,$48.96,febrero,2,domingo-02,Lácteos - Mercado Pago,2024
2331,25/2/2024,228,Centro,1,2,3,Tarjeta de Débito,Completa,Leche,$12.24,Lácteos,$24.48,febrero,2,domingo-02,Lácteos - Tarjeta de Débito,2024
2729,25/2/2024,166,NEA,9,4,3,Tarjeta de Débito,Completa,Pollo,$18.56,Carnicería,$74.24,febrero,2,domingo-02,Carnicería - Tarjeta de Débito,2024
39,26/2/2024,183,Patagonia,26,2,4,Mercado Pago,Completa,Hamburgesas congeladas,$9.54,Congelados,$19.08,febrero,2,lunes-02,Congelados - Mercado Pago,2024
577,26/2/2024,169,Centro,3,1,3,Tarjeta de Débito,Completa,Queso cremoso,$17.23,Lácteos,$17.23,febrero,2,lunes-02,Lácteos - Tarjeta de Débito,2024
1287,26/2/2024,22,Centro,25,6,1,Efectivo,Completa,Pizza congelada,$15.45,Congelados,$92.70,febrero,2,lunes-02,Congelados - Efectivo,2024
1830,26/2/2024,291,NEA,32,4,4,Mercado Pago,Completa,Galletitas de chocolate,$6.25,Galletitas y Snacks,$25.00,febrero,2,lunes-02,Galletitas y Snacks - Mercado Pago,2024
2067,26/2/2024,73,Centro,23,1,4,Mercado Pago,Completa,Papas fritas,$8.23,Congelados,$8.23,febrero,2,lunes-02,Congelados - Mercado Pago,2024
2978,26/2/2024,108,Patagonia,3,3,1,Efectivo,Completa,Queso cremoso,$17.23,Lácteos,$51.69,febrero,2,lunes-02,Lácteos - Efectivo,2024
713,27/2/2024,64,NEA,14,2,4,Mercado Pago,Completa,Facturas,$12.36,Panadería,$24.72,febrero,2,martes-02,Panadería - Mercado Pago,2024
1841,27/2/2024,37,Cuyo,38,6,5,Transferencia,Completa,Atún enlatado,$6.21,Conservas,$37.26,febrero,2,martes-02,Conservas - Transferencia,2024
2248,27/2/2024,16,Buenos Aires,22,1,4,Mercado Pago,Pendiente,Cebolla,$4.21,Frutas y Verduras,$4.21,febrero,2,martes-02,Frutas y Verduras - Mercado Pago,2024
2272,27/2/2024,85,Cuyo,16,6,4,Mercado Pago,Completa,Tortas,$15.23,Panadería,$91.38,febrero,2,martes-02,Panadería - Mercado Pago,2024
2442,27/2/2024,266,Buenos Aires,26,3,5,Transferencia,Completa,Hamburgesas congeladas,$9.54,Congelados,$28.62,febrero,2,martes-02,Congelados - Transferencia,2024
2789,27/2/2024,35,NOA,22,5,1,Efectivo,Completa,Cebolla,$4.21,Frutas y Verduras,$21.05,febrero,2,martes-02,Frutas y Verduras - Efectivo,2024
2901,27/2/2024,34,Cuyo,19,1,4,Mercado Pago,Completa,Tomates,$6.54,Frutas y Verduras,$6.54,febrero,2,martes-02,Frutas y Verduras - Mercado Pago,2024
89,28/2/2024,6,Buenos Aires,10,2,3,Tarjeta de Débito,Completa,Costilla de cerdo,$14.25,Carnicería,$28.50,febrero,2,miércoles-02,Carnicería - Tarjeta de Débito,2024
271,28/2/2024,66,Buenos Aires,6,6,4,Mercado Pago,Completa,Asado,$28.56,Carnicería,$171.36,febrero,2,miércoles-02,Carnicería - Mercado Pago,2024
545,28/2/2024,20,Cuyo,26,4,4,Mercado Pago,Completa,Hamburgesas congeladas,$9.54,Congelados,$38.16,febrero,2,miércoles-02,Congelados - Mercado Pago,2024
795,28/2/2024,256,Buenos Aires,25,6,5,Transferencia,Completa,Pizza congelada,$15.45,Congelados,$92.70,febrero,2,miércoles-02,Congelados - Transferencia,2024
1749,28/2/2024,95,Buenos Aires,33,1,5,Transferencia,Completa,Papas chips,$8.54,Galletitas y Snacks,$8.54,febrero,2,miércoles-02,Galletitas y Snacks - Transferencia,2024
2047,28/2/2024,117,NOA,17,1,5,Transferencia,Completa,Manzanas,$6.54,Frutas y Verduras,$6.54,febrero,2,miércoles-02,Frutas y Verduras - Transferencia,2024
2294,28/2/2024,316,Centro,35,2,1,Efectivo,Completa,Arroz,$4.25,Conservas,$8.50,febrero,2,miércoles-02,Conservas - Efectivo,2024
2346,28/2/2024,274,Buenos Aires,25,4,3,Tarjeta de Débito,Completa,Pizza congelada,$15.45,Congelados,$61.80,febrero,2,miércoles-02,Congelados - Tarjeta de Débito,2024
2460,28/2/2024,301,Cuyo,15,5,4,Mercado Pago,Completa,Medialunas,$3.51,Panadería,$17.55,febrero,2,miércoles-02,Panadería - Mercado Pago,2024
2550,28/2/2024,138,Buenos Aires,23,4,3,Tarjeta de Débito,Pendiente,Papas fritas,$8.23,Congelados,$32.92,febrero,2,miércoles-02,Congelados - Tarjeta de Débito,2024
2600,28/2/2024,187,Buenos Aires,25,4,5,Transferencia,Completa,Pizza congelada,$15.45,Congelados,$61.80,febrero,2,miércoles-02,Congelados - Transferencia,2024
3,29/2/2024,31,Centro,21,3,3,Tarjeta de Débito,Completa,Zanahorias,$3.25,Frutas y Verduras,$9.75,febrero,2,jueves-02,Frutas y Verduras - Tarjeta de Débito,2024
123,29/2/2024,169,Centro,32,5,5,Transferencia,Completa,Galletitas de chocolate,$6.25,Galletitas y Snacks,$31.25,febrero,2,jueves-02,Galletitas y Snacks - Transferencia,2024
452,29/2/2024,115,Cuyo,4,5,4,Mercado Pago,Completa,Queso rallado,$19.23,Lácteos,$96.15,febrero,2,jueves-02,Lácteos - Mercado Pago,2024
1037,29/2/2024,48,Patagonia,30,6,4,Mercado Pago,Completa,Vino tinto,$13.54,Bebidas,$81.24,febrero,2,jueves-02,Bebidas - Mercado Pago,2024
1190,29/2/2024,119,Patagonia,21,1,3,Tarjeta de Débito,Completa,Zanahorias,$3.25,Frutas y Verduras,$3.25,febrero,2,jueves-02,Frutas y Verduras - Tarjeta de Débito,2024
1313,29/2/2024,95,Buenos Aires,13,2,3,Tarjeta de Débito,Completa,Pan integral,$12.56,Panadería,$25.12,febrero,2,jueves-02,Panadería - Tarjeta de Débito,2024
1713,29/2/2024,265,Centro,14,2,4,Mercado Pago,Completa,Facturas,$12.36,Panadería,$24.72,febrero,2,jueves-02,Panadería - Mercado Pago,2024
1907,29/2/2024,278,Centro,12,3,5,Transferencia,Pendiente,Pan francés,$8.12,Panadería,$24.36,febrero,2,jueves-02,Panadería - Transferencia,2024
2059,29/2/2024,84,Buenos Aires,20,6,3,Tarjeta de Débito,Completa,Lechugas,$4.25,Frutas y Verduras,$25.50,febrero,2,jueves-02,Frutas y Verduras - Tarjeta de Débito,2024
2606,29/2/2024,221,Buenos Aires,7,2,4,Mercado Pago,Completa,Chorizo,$11.25,Carnicería,$22.50,febrero,2,jueves-02,Carnicería - Mercado Pago,2024
66,1/3/2024,97,Buenos Aires,27,3,5,Transferencia,Completa,Agua mineral,$6.21,Bebidas,$18.63,marzo,3,viernes-03,Bebidas - Transferencia,2024
183,1/3/2024,31,Centro,38,3,3,Tarjeta de Débito,Completa,Atún enlatado,$6.21,Conservas,$18.63,marzo,3,viernes-03,Conservas - Tarjeta de Débito,2024
1188,1/3/2024,255,Buenos Aires,27,3,5,Transferencia,Pendiente,Agua mineral,$6.21,Bebidas,$18.63,marzo,3,viernes-03,Bebidas - Transferencia,2024
1422,1/3/2024,58,Buenos Aires,2,1,4,Mercado Pago,Completa,Yogur,$5.21,Lácteos,$5.21,marzo,3,viernes-03,Lácteos - Mercado Pago,2024
1465,1/3/2024,36,Buenos Aires,14,2,5,Transferencia,Completa,Facturas,$12.36,Panadería,$24.72,marzo,3,viernes-03,Panadería - Transferencia,2024
1535,1/3/2024,255,Buenos Aires,8,1,3,Tarjeta de Débito,Completa,Milanesa,$16.21,Carnicería,$16.21,marzo,3,viernes-03,Carnicería - Tarjeta de Débito,2024
2280,1/3/2024,134,Cuyo,18,1,4,Mercado Pago,Completa,Bananas,$7.25,Frutas y Verduras,$7.25,marzo,3,viernes-03,Frutas y Verduras - Mercado Pago,2024
2668,1/3/2024,117,NOA,19,5,1,Efectivo,Pendiente,Tomates,$6.54,Frutas y Verduras,$32.70,marzo,3,viernes-03,Frutas y Verduras - Efectivo,2024
2845,1/3/2024,71,Buenos Aires,5,6,3,Tarjeta de Débito,Completa,Manteca,$5.65,Lácteos,$33.90,marzo,3,viernes-03,Lácteos - Tarjeta de Débito,2024
72,2/3/2024,144,NEA,23,5,2,Tarjeta de Crédito,Completa,Papas fritas,$8.23,Congelados,$41.15,marzo,3,sábado-03,Congelados - Tarjeta de Crédito,2024
786,2/3/2024,292,Patagonia,19,6,4,Mercado Pago,Pendiente,Tomates,$6.54,Frutas y Verduras,$39.24,marzo,3,sábado-03,Frutas y Verduras - Mercado Pago,2024
2094,2/3/2024,276,Patagonia,25,5,3,Tarjeta de Débito,Completa,Pizza congelada,$15.45,Congelados,$77.25,marzo,3,sábado-03,Congelados - Tarjeta de Débito,2024
2278,2/3/2024,163,Buenos Aires,5,3,5,Transferencia,Completa,Manteca,$5.65,Lácteos,$16.95,marzo,3,sábado-03,Lácteos - Transferencia,2024
95,3/3/2024,67,NEA,14,5,4,Mercado Pago,Completa,Facturas,$12.36,Panadería,$61.80,marzo,3,domingo-03,Panadería - Mercado Pago,2024
365,3/3/2024,90,Buenos Aires,8,5,5,Transferencia,Completa,Milanesa,$16.21,Carnicería,$81.05,marzo,3,domingo-03,Carnicería - Transferencia,2024
382,3/3/2024,208,Buenos Aires,12,1,3,Tarjeta de Débito,Completa,Pan francés,$8.12,Panadería,$8.12,marzo,3,domingo-03,Panadería - Tarjeta de Débito,2024
428,3/3/2024,308,Centro,28,4,5,Transferencia,Completa,Jugos de frutas,$9.45,Bebidas,$37.80,marzo,3,domingo-03,Bebidas - Transferencia,2024
610,3/3/2024,197,Cuyo,38,3,4,Mercado Pago,Pendiente,Atún enlatado,$6.21,Conservas,$18.63,marzo,3,domingo-03,Conservas - Mercado Pago,2024
1069,3/3/2024,37,Cuyo,26,1,5,Transferencia,Completa,Hamburgesas congeladas,$9.54,Congelados,$9.54,marzo,3,domingo-03,Congelados - Transferencia,2024
1164,3/3/2024,97,Buenos Aires,12,3,4,Mercado Pago,Pendiente,Pan francés,$8.12,Panadería,$24.36,marzo,3,domingo-03,Panadería - Mercado Pago,2024
1214,3/3/2024,67,NEA,5,1,4,Mercado Pago,Completa,Manteca,$5.65,Lácteos,$5.65,marzo,3,domingo-03,Lácteos - Mercado Pago,2024
1501,3/3/2024,42,Patagonia,29,5,5,Transferencia,Completa,Cerveza,$11.54,Bebidas,$57.70,marzo,3,domingo-03,Bebidas - Transferencia,2024
1730,3/3/2024,160,Centro,33,6,3,Tarjeta de Débito,Completa,Papas chips,$8.54,Galletitas y Snacks,$51.24,marzo,3,domingo-03,Galletitas y Snacks - Tarjeta de Débito,2024
1867,3/3/2024,132,Buenos Aires,22,6,5,Transferencia,Pendiente,Cebolla,$4.21,Frutas y Verduras,$25.26,marzo,3,domingo-03,Frutas y Verduras - Transferencia,2024
2042,3/3/2024,221,Buenos Aires,22,6,5,Transferencia,Completa,Cebolla,$4.21,Frutas y Verduras,$25.26,marzo,3,domingo-03,Frutas y Verduras - Transferencia,2024
2327,3/3/2024,62,NEA,26,4,5,Transferencia,Completa,Hamburgesas congeladas,$9.54,Congelados,$38.16,marzo,3,domingo-03,Congelados - Transferencia,2024
2391,3/3/2024,271,Patagonia,32,1,4,Mercado Pago,Completa,Galletitas de chocolate,$6.25,Galletitas y Snacks,$6.25,marzo,3,domingo-03,Galletitas y Snacks - Mercado Pago,2024
2420,3/3/2024,17,Buenos Aires,1,2,2,Tarjeta de Crédito,Completa,Leche,$12.24,Lácteos,$24.48,marzo,3,domingo-03,Lácteos - Tarjeta de Crédito,2024
2778,3/3/2024,64,NEA,32,1,4,Mercado Pago,Completa,Galletitas de chocolate,$6.25,Galletitas y Snacks,$6.25,marzo,3,domingo-03,Galletitas y Snacks - Mercado Pago,2024
275,4/3/2024,27,Buenos Aires,11,5,4,Mercado Pago,Completa,Salchicha,$11.23,Carnicería,$56.15,marzo,3,lunes-03,Carnicería - Mercado Pago,2024
298,4/3/2024,158,Buenos Aires,1,3,4,Mercado Pago,Completa,Leche,$12.24,Lácteos,$36.72,marzo,3,lunes-03,Lácteos - Mercado Pago,2024
1531,4/3/2024,326,Cuyo,14,1,3,Tarjeta de Débito,Pendiente,Facturas,$12.36,Panadería,$12.36,marzo,3,lunes-03,Panadería - Tarjeta de Débito,2024
1737,4/3/2024,149,Cuyo,21,5,5,Transferencia,Completa,Zanahorias,$3.25,Frutas y Verduras,$16.25,marzo,3,lunes-03,Frutas y Verduras - Transferencia,2024
2547,4/3/2024,80,NEA,2,5,3,Tarjeta de Débito,Completa,Yogur,$5.21,Lácteos,$26.05,marzo,3,lunes-03,Lácteos - Tarjeta de Débito,2024
2913,4/3/2024,283,Buenos Aires,10,6,5,Transferencia,Completa,Costilla de cerdo,$14.25,Carnicería,$85.50,marzo,3,lunes-03,Carnicería - Transferencia,2024
290,5/3/2024,123,Patagonia,31,4,2,Tarjeta de Crédito,Completa,Galletitas de agua,$5.24,Galletitas y Snacks,$20.96,marzo,3,martes-03,Galletitas y Snacks - Tarjeta de Crédito,2024
408,5/3/2024,7,Cuyo,12,5,3,Tarjeta de Débito,Completa,Pan francés,$8.12,Panadería,$40.60,marzo,3,martes-03,Panadería - Tarjeta de Débito,2024
1171,5/3/2024,8,Buenos Aires,14,5,3,Tarjeta de Débito,Completa,Facturas,$12.36,Panadería,$61.80,marzo,3,martes-03,Panadería - Tarjeta de Débito,2024
1589,5/3/2024,112,NEA,26,2,4,Mercado Pago,Pendiente,Hamburgesas congeladas,$9.54,Congelados,$19.08,marzo,3,martes-03,Congelados - Mercado Pago,2024
2479,5/3/2024,85,Cuyo,34,5,5,Transferencia,Completa,Maníes,$5.45,Galletitas y Snacks,$27.25,marzo,3,martes-03,Galletitas y Snacks - Transferencia,2024
2669,5/3/2024,68,Patagonia,2,5,1,Efectivo,Pendiente,Yogur,$5.21,Lácteos,$26.05,marzo,3,martes-03,Lácteos - Efectivo,2024
28,6/3/2024,240,Buenos Aires,23,3,3,Tarjeta de Débito,Pendiente,Papas fritas,$8.23,Congelados,$24.69,marzo,3,miércoles-03,Congelados - Tarjeta de Débito,2024
311,6/3/2024,68,Patagonia,24,6,4,Mercado Pago,Completa,Empanadas,$13.54,Congelados,$81.24,marzo,3,miércoles-03,Congelados - Mercado Pago,2024
916,6/3/2024,307,Cuyo,17,3,3,Tarjeta de Débito,Pendiente,Manzanas,$6.54,Frutas y Verduras,$19.62,marzo,3,miércoles-03,Frutas y Verduras - Tarjeta de Débito,2024
1524,6/3/2024,292,Patagonia,34,2,5,Transferencia,Completa,Maníes,$5.45,Galletitas y Snacks,$10.90,marzo,3,miércoles-03,Galletitas y Snacks - Transferencia,2024
2157,6/3/2024,193,Buenos Aires,2,1,3,Tarjeta de Débito,Completa,Yogur,$5.21,Lácteos,$5.21,marzo,3,miércoles-03,Lácteos - Tarjeta de Débito,2024
2301,6/3/2024,321,Cuyo,7,1,1,Efectivo,Completa,Chorizo,$11.25,Carnicería,$11.25,marzo,3,miércoles-03,Carnicería - Efectivo,2024
2665,6/3/2024,36,Buenos Aires,20,6,5,Transferencia,Pendiente,Lechugas,$4.25,Frutas y Verduras,$25.50,marzo,3,miércoles-03,Frutas y Verduras - Transferencia,2024
210,7/3/2024,215,NEA,35,3,4,Mercado Pago,Completa,Arroz,$4.25,Conservas,$12.75,marzo,3,jueves-03,Conservas - Mercado Pago,2024
556,7/3/2024,104,Buenos Aires,23,5,1,Efectivo,Pendiente,Papas fritas,$8.23,Congelados,$41.15,marzo,3,jueves-03,Congelados - Efectivo,2024
606,7/3/2024,46,Centro,20,2,5,Transferencia,Completa,Lechugas,$4.25,Frutas y Verduras,$8.50,marzo,3,jueves-03,Frutas y Verduras - Transferencia,2024
820,7/3/2024,148,Centro,7,3,5,Transferencia,Completa,Chorizo,$11.25,Carnicería,$33.75,marzo,3,jueves-03,Carnicería - Transferencia,2024
1185,7/3/2024,58,Buenos Aires,22,2,4,Mercado Pago,Pendiente,Cebolla,$4.21,Frutas y Verduras,$8.42,marzo,3,jueves-03,Frutas y Verduras - Mercado Pago,2024
1444,7/3/2024,23,Patagonia,25,4,4,Mercado Pago,Completa,Pizza congelada,$15.45,Congelados,$61.80,marzo,3,jueves-03,Congelados - Mercado Pago,2024
1756,7/3/2024,309,Centro,13,5,4,Mercado Pago,Completa,Pan integral,$12.56,Panadería,$62.80,marzo,3,jueves-03,Panadería - Mercado Pago,2024
1796,7/3/2024,32,Cuyo,4,2,4,Mercado Pago,Completa,Queso rallado,$19.23,Lácteos,$38.46,marzo,3,jueves-03,Lácteos - Mercado Pago,2024
2156,7/3/2024,193,Buenos Aires,26,5,1,Efectivo,Completa,Hamburgesas congeladas,$9.54,Congelados,$47.70,marzo,3,jueves-03,Congelados - Efectivo,2024
2175,7/3/2024,255,Buenos Aires,3,1,4,Mercado Pago,Completa,Queso cremoso,$17.23,Lácteos,$17.23,marzo,3,jueves-03,Lácteos - Mercado Pago,2024
2183,7/3/2024,38,Patagonia,36,4,1,Efectivo,Completa,Lentejas,$3.25,Conservas,$13.00,marzo,3,jueves-03,Conservas - Efectivo,2024
2366,7/3/2024,222,Centro,17,2,4,Mercado Pago,Completa,Manzanas,$6.54,Frutas y Verduras,$13.08,marzo,3,jueves-03,Frutas y Verduras - Mercado Pago,2024
2732,7/3/2024,311,Buenos Aires,4,6,3,Tarjeta de Débito,Completa,Queso rallado,$19.23,Lácteos,$115.38,marzo,3,jueves-03,Lácteos - Tarjeta de Débito,2024
54,8/3/2024,108,Patagonia,13,1,2,Tarjeta de Crédito,Completa,Pan integral,$12.56,Panadería,$12.56,marzo,3,viernes-03,Panadería - Tarjeta de Crédito,2024
438,8/3/2024,307,Cuyo,29,5,2,Tarjeta de Crédito,Completa,Cerveza,$11.54,Bebidas,$57.70,marzo,3,viernes-03,Bebidas - Tarjeta de Crédito,2024
620,8/3/2024,257,NEA,21,6,3,Tarjeta de Débito,Completa,Zanahorias,$3.25,Frutas y Verduras,$19.50,marzo,3,viernes-03,Frutas y Verduras - Tarjeta de Débito,2024
876,8/3/2024,42,Patagonia,23,3,2,Tarjeta de Crédito,Completa,Papas fritas,$8.23,Congelados,$24.69,marzo,3,viernes-03,Congelados - Tarjeta de Crédito,2024
1226,8/3/2024,91,Buenos Aires,35,6,5,Transferencia,Completa,Arroz,$4.25,Conservas,$25.50,marzo,3,viernes-03,Conservas - Transferencia,2024
1463,8/3/2024,299,Cuyo,17,4,2,Tarjeta de Crédito,Completa,Manzanas,$6.54,Frutas y Verduras,$26.16,marzo,3,viernes-03,Frutas y Verduras - Tarjeta de Crédito,2024
1577,8/3/2024,25,Patagonia,26,5,4,Mercado Pago,Pendiente,Hamburgesas congeladas,$9.54,Congelados,$47.70,marzo,3,viernes-03,Congelados - Mercado Pago,2024
2398,8/3/2024,203,Buenos Aires,30,1,4,Mercado Pago,Completa,Vino tinto,$13.54,Bebidas,$13.54,marzo,3,viernes-03,Bebidas - Mercado Pago,2024
362,9/3/2024,30,Buenos Aires,15,2,4,Mercado Pago,Completa,Medialunas,$3.51,Panadería,$7.02,marzo,3,sábado-03,Panadería - Mercado Pago,2024
444,9/3/2024,164,Centro,9,6,5,Transferencia,Completa,Pollo,$18.56,Carnicería,$111.36,marzo,3,sábado-03,Carnicería - Transferencia,2024
790,9/3/2024,119,Patagonia,24,6,1,Efectivo,Completa,Empanadas,$13.54,Congelados,$81.24,marzo,3,sábado-03,Congelados - Efectivo,2024
1634,9/3/2024,206,NEA,14,3,5,Transferencia,Pendiente,Facturas,$12.36,Panadería,$37.08,marzo,3,sábado-03,Panadería - Transferencia,2024
1788,9/3/2024,180,Buenos Aires,2,2,4,Mercado Pago,Completa,Yogur,$5.21,Lácteos,$10.42,marzo,3,sábado-03,Lácteos - Mercado Pago,2024
2512,9/3/2024,87,Patagonia,36,1,4,Mercado Pago,Completa,Lentejas,$3.25,Conservas,$3.25,marzo,3,sábado-03,Conservas - Mercado Pago,2024
2769,9/3/2024,33,NEA,24,6,3,Tarjeta de Débito,Completa,Empanadas,$13.54,Congelados,$81.24,marzo,3,sábado-03,Congelados - Tarjeta de Débito,2024
35,10/3/2024,62,NEA,9,6,3,Tarjeta de Débito,Completa,Pollo,$18.56,Carnicería,$111.36,marzo,3,domingo-03,Carnicería - Tarjeta de Débito,2024
152,10/3/2024,64,NEA,11,5,4,Mercado Pago,Completa,Salchicha,$11.23,Carnicería,$56.15,marzo,3,domingo-03,Carnicería - Mercado Pago,2024
1142,10/3/2024,164,Centro,13,6,1,Efectivo,Completa,Pan integral,$12.56,Panadería,$75.36,marzo,3,domingo-03,Panadería - Efectivo,2024
1639,10/3/2024,230,Centro,26,5,4,Mercado Pago,Completa,Hamburgesas congeladas,$9.54,Congelados,$47.70,marzo,3,domingo-03,Congelados - Mercado Pago,2024
1957,10/3/2024,217,Centro,37,2,1,Efectivo,Completa,Garbanzos,$3.65,Conservas,$7.30,marzo,3,domingo-03,Conservas - Efectivo,2024
2678,10/3/2024,11,Buenos Aires,31,6,5,Transferencia,Pendiente,Galletitas de agua,$5.24,Galletitas y Snacks,$31.44,marzo,3,domingo-03,Galletitas y Snacks - Transferencia,2024
923,11/3/2024,172,Buenos Aires,2,1,1,Efectivo,Completa,Yogur,$5.21,Lácteos,$5.21,marzo,3,lunes-03,Lácteos - Efectivo,2024
1148,11/3/2024,67,NEA,25,5,4,Mercado Pago,Pendiente,Pizza congelada,$15.45,Congelados,$77.25,marzo,3,lunes-03,Congelados - Mercado Pago,2024
1564,11/3/2024,238,Buenos Aires,23,2,2,Tarjeta de Crédito,Completa,Papas fritas,$8.23,Congelados,$16.46,marzo,3,lunes-03,Congelados - Tarjeta de Crédito,2024
2058,11/3/2024,206,NEA,9,2,4,Mercado Pago,Completa,Pollo,$18.56,Carnicería,$37.12,marzo,3,lunes-03,Carnicería - Mercado Pago,2024
2132,11/3/2024,215,NEA,11,3,3,Tarjeta de Débito,Completa,Salchicha,$11.23,Carnicería,$33.69,marzo,3,lunes-03,Carnicería - Tarjeta de Débito,2024
2253,11/3/2024,278,Centro,2,2,2,Tarjeta de Crédito,Completa,Yogur,$5.21,Lácteos,$10.42,marzo,3,lunes-03,Lácteos - Tarjeta de Crédito,2024
437,12/3/2024,211,Centro,15,5,1,Efectivo,Completa,Medialunas,$3.51,Panadería,$17.55,marzo,3,martes-03,Panadería - Efectivo,2024
971,12/3/2024,213,Centro,29,6,4,Mercado Pago,Completa,Cerveza,$11.54,Bebidas,$69.24,marzo,3,martes-03,Bebidas - Mercado Pago,2024
2019,12/3/2024,49,Buenos Aires,13,6,4,Mercado Pago,Completa,Pan integral,$12.56,Panadería,$75.36,marzo,3,martes-03,Panadería - Mercado Pago,2024
2291,12/3/2024,69,Cuyo,6,6,5,Transferencia,Completa,Asado,$28.56,Carnicería,$171.36,marzo,3,martes-03,Carnicería - Transferencia,2024
2416,12/3/2024,49,Buenos Aires,11,5,4,Mercado Pago,Completa,Salchicha,$11.23,Carnicería,$56.15,marzo,3,martes-03,Carnicería - Mercado Pago,2024
2519,12/3/2024,30,Buenos Aires,3,6,1,Efectivo,Completa,Queso cremoso,$17.23,Lácteos,$103.38,marzo,3,martes-03,Lácteos - Efectivo,2024
2524,12/3/2024,117,NOA,9,2,3,Tarjeta de Débito,Pendiente,Pollo,$18.56,Carnicería,$37.12,marzo,3,martes-03,Carnicería - Tarjeta de Débito,2024
2989,12/3/2024,147,Cuyo,31,6,3,Tarjeta de Débito,Completa,Galletitas de agua,$5.24,Galletitas y Snacks,$31.44,marzo,3,martes-03,Galletitas y Snacks - Tarjeta de Débito,2024
426,13/3/2024,100,NEA,17,4,4,Mercado Pago,Completa,Manzanas,$6.54,Frutas y Verduras,$26.16,marzo,3,miércoles-03,Frutas y Verduras - Mercado Pago,2024
537,13/3/2024,262,Buenos Aires,3,6,2,Tarjeta de Crédito,Completa,Queso cremoso,$17.23,Lácteos,$103.38,marzo,3,miércoles-03,Lácteos - Tarjeta de Crédito,2024
656,13/3/2024,35,NOA,6,5,3,Tarjeta de Débito,Completa,Asado,$28.56,Carnicería,$142.80,marzo,3,miércoles-03,Carnicería - Tarjeta de Débito,2024
756,13/3/2024,81,Buenos Aires,12,4,4,Mercado Pago,Completa,Pan francés,$8.12,Panadería,$32.48,marzo,3,miércoles-03,Panadería - Mercado Pago,2024
762,13/3/2024,81,Buenos Aires,3,5,1,Efectivo,Completa,Queso cremoso,$17.23,Lácteos,$86.15,marzo,3,miércoles-03,Lácteos - Efectivo,2024
1808,13/3/2024,303,Centro,11,5,2,Tarjeta de Crédito,Completa,Salchicha,$11.23,Carnicería,$56.15,marzo,3,miércoles-03,Carnicería - Tarjeta de Crédito,2024
1970,13/3/2024,167,Buenos Aires,10,1,2,Tarjeta de Crédito,Completa,Costilla de cerdo,$14.25,Carnicería,$14.25,marzo,3,miércoles-03,Carnicería - Tarjeta de Crédito,2024
2180,13/3/2024,74,Patagonia,18,5,3,Tarjeta de Débito,Completa,Bananas,$7.25,Frutas y Verduras,$36.25,marzo,3,miércoles-03,Frutas y Verduras - Tarjeta de Débito,2024
2260,13/3/2024,54,Buenos Aires,1,3,5,Transferencia,Completa,Leche,$12.24,Lácteos,$36.72,marzo,3,miércoles-03,Lácteos - Transferencia,2024
2274,13/3/2024,213,Centro,35,1,1,Efectivo,Completa,Arroz,$4.25,Conservas,$4.25,marzo,3,miércoles-03,Conservas - Efectivo,2024
31,14/3/2024,267,Centro,2,1,3,Tarjeta de Débito,Completa,Yogur,$5.21,Lácteos,$5.21,marzo,3,jueves-03,Lácteos - Tarjeta de Débito,2024
124,14/3/2024,173,Patagonia,13,5,3,Tarjeta de Débito,Completa,Pan integral,$12.56,Panadería,$62.80,marzo,3,jueves-03,Panadería - Tarjeta de Débito,2024
225,14/3/2024,104,Buenos Aires,38,3,4,Mercado Pago,Pendiente,Atún enlatado,$6.21,Conservas,$18.63,marzo,3,jueves-03,Conservas - Mercado Pago,2024
607,14/3/2024,251,Centro,9,5,2,Tarjeta de Crédito,Completa,Pollo,$18.56,Carnicería,$92.80,marzo,3,jueves-03,Carnicería - Tarjeta de Crédito,2024
705,14/3/2024,185,Centro,17,2,1,Efectivo,Completa,Manzanas,$6.54,Frutas y Verduras,$13.08,marzo,3,jueves-03,Frutas y Verduras - Efectivo,2024
1033,14/3/2024,78,Buenos Aires,1,3,5,Transferencia,Completa,Leche,$12.24,Lácteos,$36.72,marzo,3,jueves-03,Lácteos - Transferencia,2024
1228,14/3/2024,291,NEA,1,6,1,Efectivo,Completa,Leche,$12.24,Lácteos,$73.44,marzo,3,jueves-03,Lácteos - Efectivo,2024
1537,14/3/2024,138,Buenos Aires,37,1,1,Efectivo,Completa,Garbanzos,$3.65,Conservas,$3.65,marzo,3,jueves-03,Conservas - Efectivo,2024
1864,14/3/2024,15,Buenos Aires,10,5,4,Mercado Pago,Completa,Costilla de cerdo,$14.25,Carnicería,$71.25,marzo,3,jueves-03,Carnicería - Mercado Pago,2024
2545,14/3/2024,233,Centro,12,1,4,Mercado Pago,Completa,Pan francés,$8.12,Panadería,$8.12,marzo,3,jueves-03,Panadería - Mercado Pago,2024
2973,14/3/2024,134,Cuyo,7,3,3,Tarjeta de Débito,Completa,Chorizo,$11.25,Carnicería,$33.75,marzo,3,jueves-03,Carnicería - Tarjeta de Débito,2024
817,15/3/2024,31,Centro,3,2,4,Mercado Pago,Completa,Queso cremoso,$17.23,Lácteos,$34.46,marzo,3,viernes-03,Lácteos - Mercado Pago,2024
1494,15/3/2024,157,Patagonia,23,3,1,Efectivo,Completa,Papas fritas,$8.23,Congelados,$24.69,marzo,3,viernes-03,Congelados - Efectivo,2024
1601,15/3/2024,313,Cuyo,34,4,1,Efectivo,Completa,Maníes,$5.45,Galletitas y Snacks,$21.80,marzo,3,viernes-03,Galletitas y Snacks - Efectivo,2024
1618,15/3/2024,14,Buenos Aires,18,3,5,Transferencia,Pendiente,Bananas,$7.25,Frutas y Verduras,$21.75,marzo,3,viernes-03,Frutas y Verduras - Transferencia,2024
1622,15/3/2024,211,Centro,16,2,5,Transferencia,Completa,Tortas,$15.23,Panadería,$30.46,marzo,3,viernes-03,Panadería - Transferencia,2024
1646,15/3/2024,143,Buenos Aires,8,3,3,Tarjeta de Débito,Completa,Milanesa,$16.21,Carnicería,$48.63,marzo,3,viernes-03,Carnicería - Tarjeta de Débito,2024
2073,15/3/2024,283,Buenos Aires,11,4,4,Mercado Pago,Completa,Salchicha,$11.23,Carnicería,$44.92,marzo,3,viernes-03,Carnicería - Mercado Pago,2024
2107,15/3/2024,299,Cuyo,3,5,3,Tarjeta de Débito,Completa,Queso cremoso,$17.23,Lácteos,$86.15,marzo,3,viernes-03,Lácteos - Tarjeta de Débito,2024
2204,15/3/2024,55,Patagonia,28,1,5,Transferencia,Completa,Jugos de frutas,$9.45,Bebidas,$9.45,marzo,3,viernes-03,Bebidas - Transferencia,2024
2660,15/3/2024,28,NEA,7,6,4,Mercado Pago,Completa,Chorizo,$11.25,Carnicería,$67.50,marzo,3,viernes-03,Carnicería - Mercado Pago,2024
2808,15/3/2024,11,Buenos Aires,38,6,4,Mercado Pago,Completa,Atún enlatado,$6.21,Conservas,$37.26,marzo,3,viernes-03,Conservas - Mercado Pago,2024
40,16/3/2024,125,Patagonia,34,6,1,Efectivo,Completa,Maníes,$5.45,Galletitas y Snacks,$32.70,marzo,3,sábado-03,Galletitas y Snacks - Efectivo,2024
42,16/3/2024,259,Cuyo,32,5,5,Transferencia,Completa,Galletitas de chocolate,$6.25,Galletitas y Snacks,$31.25,marzo,3,sábado-03,Galletitas y Snacks - Transferencia,2024
199,16/3/2024,226,Patagonia,30,4,4,Mercado Pago,Pendiente,Vino tinto,$13.54,Bebidas,$54.16,marzo,3,sábado-03,Bebidas - Mercado Pago,2024
1083,16/3/2024,111,Cuyo,26,5,4,Mercado Pago,Completa,Hamburgesas congeladas,$9.54,Congelados,$47.70,marzo,3,sábado-03,Congelados - Mercado Pago,2024
1085,16/3/2024,232,Buenos Aires,20,3,3,Tarjeta de Débito,Completa,Lechugas,$4.25,Frutas y Verduras,$12.75,marzo,3,sábado-03,Frutas y Verduras - Tarjeta de Débito,2024
1111,16/3/2024,65,Buenos Aires,16,2,3,Tarjeta de Débito,Completa,Tortas,$15.23,Panadería,$30.46,marzo,3,sábado-03,Panadería - Tarjeta de Débito,2024
1249,16/3/2024,77,Buenos Aires,21,1,3,Tarjeta de Débito,Completa,Zanahorias,$3.25,Frutas y Verduras,$3.25,marzo,3,sábado-03,Frutas y Verduras - Tarjeta de Débito,2024
1561,16/3/2024,200,Centro,22,5,4,Mercado Pago,Completa,Cebolla,$4.21,Frutas y Verduras,$21.05,marzo,3,sábado-03,Frutas y Verduras - Mercado Pago,2024
1708,16/3/2024,68,Patagonia,16,1,4,Mercado Pago,Completa,Tortas,$15.23,Panadería,$15.23,marzo,3,sábado-03,Panadería - Mercado Pago,2024
2201,16/3/2024,63,Buenos Aires,34,6,5,Transferencia,Completa,Maníes,$5.45,Galletitas y Snacks,$32.70,marzo,3,sábado-03,Galletitas y Snacks - Transferencia,2024
2264,16/3/2024,87,Patagonia,11,6,5,Transferencia,Completa,Salchicha,$11.23,Carnicería,$67.38,marzo,3,sábado-03,Carnicería - Transferencia,2024
2689,16/3/2024,108,Patagonia,30,5,4,Mercado Pago,Completa,Vino tinto,$13.54,Bebidas,$67.70,marzo,3,sábado-03,Bebidas - Mercado Pago,2024
2740,16/3/2024,224,Cuyo,7,5,4,Mercado Pago,Completa,Chorizo,$11.25,Carnicería,$56.25,marzo,3,sábado-03,Carnicería - Mercado Pago,2024
2951,16/3/2024,229,Cuyo,32,1,4,Mercado Pago,Completa,Galletitas de chocolate,$6.25,Galletitas y Snacks,$6.25,marzo,3,sábado-03,Galletitas y Snacks - Mercado Pago,2024
18,17/3/2024,179,Buenos Aires,10,3,4,Mercado Pago,Completa,Costilla de cerdo,$14.25,Carnicería,$42.75,marzo,3,domingo-03,Carnicería - Mercado Pago,2024
827,17/3/2024,246,NEA,8,2,5,Transferencia,Completa,Milanesa,$16.21,Carnicería,$32.42,marzo,3,domingo-03,Carnicería - Transferencia,2024
875,17/3/2024,321,Cuyo,15,6,5,Transferencia,Completa,Medialunas,$3.51,Panadería,$21.06,marzo,3,domingo-03,Panadería - Transferencia,2024
884,17/3/2024,312,Cuyo,16,5,2,Tarjeta de Crédito,Pendiente,Tortas,$15.23,Panadería,$76.15,marzo,3,domingo-03,Panadería - Tarjeta de Crédito,2024
1121,17/3/2024,88,Patagonia,34,3,5,Transferencia,Pendiente,Maníes,$5.45,Galletitas y Snacks,$16.35,marzo,3,domingo-03,Galletitas y Snacks - Transferencia,2024
1137,17/3/2024,295,Cuyo,32,6,3,Tarjeta de Débito,Completa,Galletitas de chocolate,$6.25,Galletitas y Snacks,$37.50,marzo,3,domingo-03,Galletitas y Snacks - Tarjeta de Débito,2024
1290,17/3/2024,323,Centro,25,5,3,Tarjeta de Débito,Completa,Pizza congelada,$15.45,Congelados,$77.25,marzo,3,domingo-03,Congelados - Tarjeta de Débito,2024
1682,17/3/2024,48,Patagonia,38,4,4,Mercado Pago,Completa,Atún enlatado,$6.21,Conservas,$24.84,marzo,3,domingo-03,Conservas - Mercado Pago,2024
2091,17/3/2024,44,Buenos Aires,21,3,5,Transferencia,Completa,Zanahorias,$3.25,Frutas y Verduras,$9.75,marzo,3,domingo-03,Frutas y Verduras - Transferencia,2024
2261,17/3/2024,305,Patagonia,4,6,4,Mercado Pago,Completa,Queso rallado,$19.23,Lácteos,$115.38,marzo,3,domingo-03,Lácteos - Mercado Pago,2024
2478,17/3/2024,109,Cuyo,29,3,3,Tarjeta de Débito,Completa,Cerveza,$11.54,Bebidas,$34.62,marzo,3,domingo-03,Bebidas - Tarjeta de Débito,2024
414,18/3/2024,151,Buenos Aires,35,3,5,Transferencia,Completa,Arroz,$4.25,Conservas,$12.75,marzo,3,lunes-03,Conservas - Transferencia,2024
1133,18/3/2024,313,Cuyo,32,4,5,Transferencia,Completa,Galletitas de chocolate,$6.25,Galletitas y Snacks,$25.00,marzo,3,lunes-03,Galletitas y Snacks - Transferencia,2024
1156,18/3/2024,37,Cuyo,2,3,1,Efectivo,Completa,Yogur,$5.21,Lácteos,$15.63,marzo,3,lunes-03,Lácteos - Efectivo,2024
1545,18/3/2024,8,Buenos Aires,19,2,1,Efectivo,Completa,Tomates,$6.54,Frutas y Verduras,$13.08,marzo,3,lunes-03,Frutas y Verduras - Efectivo,2024
2135,18/3/2024,50,Buenos Aires,31,6,4,Mercado Pago,Completa,Galletitas de agua,$5.24,Galletitas y Snacks,$31.44,marzo,3,lunes-03,Galletitas y Snacks - Mercado Pago,2024
2917,18/3/2024,17,Buenos Aires,35,5,3,Tarjeta de Débito,Pendiente,Arroz,$4.25,Conservas,$21.25,marzo,3,lunes-03,Conservas - Tarjeta de Débito,2024
2981,18/3/2024,36,Buenos Aires,11,2,4,Mercado Pago,Completa,Salchicha,$11.23,Carnicería,$22.46,marzo,3,lunes-03,Carnicería - Mercado Pago,2024
44,19/3/2024,122,Centro,30,2,4,Mercado Pago,Completa,Vino tinto,$13.54,Bebidas,$27.08,marzo,3,martes-03,Bebidas - Mercado Pago,2024
208,19/3/2024,66,Buenos Aires,29,3,1,Efectivo,Completa,Cerveza,$11.54,Bebidas,$34.62,marzo,3,martes-03,Bebidas - Efectivo,2024
1357,19/3/2024,71,Buenos Aires,23,5,1,Efectivo,Pendiente,Papas fritas,$8.23,Congelados,$41.15,marzo,3,martes-03,Congelados - Efectivo,2024
1777,19/3/2024,113,Buenos Aires,3,2,5,Transferencia,Completa,Queso cremoso,$17.23,Lácteos,$34.46,marzo,3,martes-03,Lácteos - Transferencia,2024
1874,19/3/2024,92,Patagonia,15,4,3,Tarjeta de Débito,Completa,Medialunas,$3.51,Panadería,$14.04,marzo,3,martes-03,Panadería - Tarjeta de Débito,2024
2112,19/3/2024,119,Patagonia,22,4,2,Tarjeta de Crédito,Pendiente,Cebolla,$4.21,Frutas y Verduras,$16.84,marzo,3,martes-03,Frutas y Verduras - Tarjeta de Crédito,2024
2563,19/3/2024,99,Buenos Aires,15,4,4,Mercado Pago,Completa,Medialunas,$3.51,Panadería,$14.04,marzo,3,martes-03,Panadería - Mercado Pago,2024
2585,19/3/2024,323,Centro,19,1,1,Efectivo,Completa,Tomates,$6.54,Frutas y Verduras,$6.54,marzo,3,martes-03,Frutas y Verduras - Efectivo,2024
2628,19/3/2024,195,Centro,14,5,2,Tarjeta de Crédito,Completa,Facturas,$12.36,Panadería,$61.80,marzo,3,martes-03,Panadería - Tarjeta de Crédito,2024
118,20/3/2024,26,Centro,25,4,5,Transferencia,Completa,Pizza congelada,$15.45,Congelados,$61.80,marzo,3,miércoles-03,Congelados - Transferencia,2024
741,20/3/2024,222,Centro,31,6,5,Transferencia,Completa,Galletitas de agua,$5.24,Galletitas y Snacks,$31.44,marzo,3,miércoles-03,Galletitas y Snacks - Transferencia,2024
968,20/3/2024,3,Patagonia,23,3,4,Mercado Pago,Completa,Papas fritas,$8.23,Congelados,$24.69,marzo,3,miércoles-03,Congelados - Mercado Pago,2024
1071,20/3/2024,135,Cuyo,14,6,4,Mercado Pago,Completa,Facturas,$12.36,Panadería,$74.16,marzo,3,miércoles-03,Panadería - Mercado Pago,2024
1108,20/3/2024,270,Cuyo,25,6,2,Tarjeta de Crédito,Pendiente,Pizza congelada,$15.45,Congelados,$92.70,marzo,3,miércoles-03,Congelados - Tarjeta de Crédito,2024
1130,20/3/2024,213,Centro,4,2,2,Tarjeta de Crédito,Completa,Queso rallado,$19.23,Lácteos,$38.46,marzo,3,miércoles-03,Lácteos - Tarjeta de Crédito,2024
1903,20/3/2024,278,Centro,33,2,5,Transferencia,Completa,Papas chips,$8.54,Galletitas y Snacks,$17.08,marzo,3,miércoles-03,Galletitas y Snacks - Transferencia,2024
1920,20/3/2024,184,Buenos Aires,36,6,3,Tarjeta de Débito,Completa,Lentejas,$3.25,Conservas,$19.50,marzo,3,miércoles-03,Conservas - Tarjeta de Débito,2024
1984,20/3/2024,321,Cuyo,38,2,1,Efectivo,Pendiente,Atún enlatado,$6.21,Conservas,$12.42,marzo,3,miércoles-03,Conservas - Efectivo,2024
2054,20/3/2024,209,Buenos Aires,37,3,5,Transferencia,Completa,Garbanzos,$3.65,Conservas,$10.95,marzo,3,miércoles-03,Conservas - Transferencia,2024
2720,20/3/2024,145,Buenos Aires,7,4,3,Tarjeta de Débito,Completa,Chorizo,$11.25,Carnicería,$45.00,marzo,3,miércoles-03,Carnicería - Tarjeta de Débito,2024
911,21/3/2024,288,Buenos Aires,19,1,4,Mercado Pago,Completa,Tomates,$6.54,Frutas y Verduras,$6.54,marzo,3,jueves-03,Frutas y Verduras - Mercado Pago,2024
1096,21/3/2024,204,Patagonia,37,5,4,Mercado Pago,Completa,Garbanzos,$3.65,Conservas,$18.25,marzo,3,jueves-03,Conservas - Mercado Pago,2024
1098,21/3/2024,178,Patagonia,25,3,4,Mercado Pago,Completa,Pizza congelada,$15.45,Congelados,$46.35,marzo,3,jueves-03,Congelados - Mercado Pago,2024
1473,21/3/2024,255,Buenos Aires,18,1,5,Transferencia,Pendiente,Bananas,$7.25,Frutas y Verduras,$7.25,marzo,3,jueves-03,Frutas y Verduras - Transferencia,2024
1606,21/3/2024,278,Centro,27,6,4,Mercado Pago,Completa,Agua mineral,$6.21,Bebidas,$37.26,marzo,3,jueves-03,Bebidas - Mercado Pago,2024
1998,21/3/2024,279,Centro,31,1,1,Efectivo,Pendiente,Galletitas de agua,$5.24,Galletitas y Snacks,$5.24,marzo,3,jueves-03,Galletitas y Snacks - Efectivo,2024
2243,21/3/2024,326,Cuyo,18,2,2,Tarjeta de Crédito,Completa,Bananas,$7.25,Frutas y Verduras,$14.50,marzo,3,jueves-03,Frutas y Verduras - Tarjeta de Crédito,2024
2397,21/3/2024,238,Buenos Aires,32,2,3,Tarjeta de Débito,Completa,Galletitas de chocolate,$6.25,Galletitas y Snacks,$12.50,marzo,3,jueves-03,Galletitas y Snacks - Tarjeta de Débito,2024
416,22/3/2024,110,NEA,29,2,4,Mercado Pago,Completa,Cerveza,$11.54,Bebidas,$23.08,marzo,3,viernes-03,Bebidas - Mercado Pago,2024
608,22/3/2024,105,Buenos Aires,14,5,3,Tarjeta de Débito,Completa,Facturas,$12.36,Panadería,$61.80,marzo,3,viernes-03,Panadería - Tarjeta de Débito,2024
1028,22/3/2024,267,Centro,31,3,4,Mercado Pago,Completa,Galletitas de agua,$5.24,Galletitas y Snacks,$15.72,marzo,3,viernes-03,Galletitas y Snacks - Mercado Pago,2024
1118,22/3/2024,106,NEA,13,2,1,Efectivo,Completa,Pan integral,$12.56,Panadería,$25.12,marzo,3,viernes-03,Panadería - Efectivo,2024
1210,22/3/2024,266,Buenos Aires,6,4,5,Transferencia,Completa,Asado,$28.56,Carnicería,$114.24,marzo,3,viernes-03,Carnicería - Transferencia,2024
1504,22/3/2024,168,Centro,3,4,4,Mercado Pago,Completa,Queso cremoso,$17.23,Lácteos,$68.92,marzo,3,viernes-03,Lácteos - Mercado Pago,2024
1773,22/3/2024,88,Patagonia,25,4,5,Transferencia,Completa,Pizza congelada,$15.45,Congelados,$61.80,marzo,3,viernes-03,Congelados - Transferencia,2024
1809,22/3/2024,90,Buenos Aires,31,3,3,Tarjeta de Débito,Completa,Galletitas de agua,$5.24,Galletitas y Snacks,$15.72,marzo,3,viernes-03,Galletitas y Snacks - Tarjeta de Débito,2024
2040,22/3/2024,313,Cuyo,12,5,1,Efectivo,Completa,Pan francés,$8.12,Panadería,$40.60,marzo,3,viernes-03,Panadería - Efectivo,2024
2251,22/3/2024,238,Buenos Aires,36,4,5,Transferencia,Completa,Lentejas,$3.25,Conservas,$13.00,marzo,3,viernes-03,Conservas - Transferencia,2024
2372,22/3/2024,177,NEA,8,1,1,Efectivo,Completa,Milanesa,$16.21,Carnicería,$16.21,marzo,3,viernes-03,Carnicería - Efectivo,2024
2907,22/3/2024,207,Buenos Aires,6,2,3,Tarjeta de Débito,Completa,Asado,$28.56,Carnicería,$57.12,marzo,3,viernes-03,Carnicería - Tarjeta de Débito,2024
405,23/3/2024,122,Centro,16,2,4,Mercado Pago,Pendiente,Tortas,$15.23,Panadería,$30.46,marzo,3,sábado-03,Panadería - Mercado Pago,2024
970,23/3/2024,212,Buenos Aires,16,6,3,Tarjeta de Débito,Completa,Tortas,$15.23,Panadería,$91.38,marzo,3,sábado-03,Panadería - Tarjeta de Débito,2024
1795,23/3/2024,1,Patagonia,12,6,4,Mercado Pago,Completa,Pan francés,$8.12,Panadería,$48.72,marzo,3,sábado-03,Panadería - Mercado Pago,2024
1814,23/3/2024,175,Buenos Aires,4,4,1,Efectivo,Completa,Queso rallado,$19.23,Lácteos,$76.92,marzo,3,sábado-03,Lácteos - Efectivo,2024
2258,23/3/2024,17,Buenos Aires,33,3,4,Mercado Pago,Completa,Papas chips,$8.54,Galletitas y Snacks,$25.62,marzo,3,sábado-03,Galletitas y Snacks - Mercado Pago,2024
2467,23/3/2024,25,Patagonia,4,3,5,Transferencia,Completa,Queso rallado,$19.23,Lácteos,$57.69,marzo,3,sábado-03,Lácteos - Transferencia,2024
2815,23/3/2024,171,Cuyo,1,6,5,Transferencia,Completa,Leche,$12.24,Lácteos,$73.44,marzo,3,sábado-03,Lácteos - Transferencia,2024
785,24/3/2024,132,Buenos Aires,9,5,5,Transferencia,Completa,Pollo,$18.56,Carnicería,$92.80,marzo,3,domingo-03,Carnicería - Transferencia,2024
1549,24/3/2024,260,Buenos Aires,17,1,2,Tarjeta de Crédito,Completa,Manzanas,$6.54,Frutas y Verduras,$6.54,marzo,3,domingo-03,Frutas y Verduras - Tarjeta de Crédito,2024
1942,24/3/2024,41,Patagonia,31,1,4,Mercado Pago,Pendiente,Galletitas de agua,$5.24,Galletitas y Snacks,$5.24,marzo,3,domingo-03,Galletitas y Snacks - Mercado Pago,2024
1947,24/3/2024,288,Buenos Aires,29,2,5,Transferencia,Completa,Cerveza,$11.54,Bebidas,$23.08,marzo,3,domingo-03,Bebidas - Transferencia,2024
2008,24/3/2024,162,Patagonia,15,4,4,Mercado Pago,Completa,Medialunas,$3.51,Panadería,$14.04,marzo,3,domingo-03,Panadería - Mercado Pago,2024
2861,24/3/2024,147,Cuyo,21,5,4,Mercado Pago,Completa,Zanahorias,$3.25,Frutas y Verduras,$16.25,marzo,3,domingo-03,Frutas y Verduras - Mercado Pago,2024
113,25/3/2024,72,Centro,19,1,3,Tarjeta de Débito,Pendiente,Tomates,$6.54,Frutas y Verduras,$6.54,marzo,3,lunes-03,Frutas y Verduras - Tarjeta de Débito,2024
170,25/3/2024,269,Centro,20,3,4,Mercado Pago,Completa,Lechugas,$4.25,Frutas y Verduras,$12.75,marzo,3,lunes-03,Frutas y Verduras - Mercado Pago,2024
378,25/3/2024,199,Buenos Aires,25,1,4,Mercado Pago,Completa,Pizza congelada,$15.45,Congelados,$15.45,marzo,3,lunes-03,Congelados - Mercado Pago,2024
1139,25/3/2024,8,Buenos Aires,36,5,1,Efectivo,Completa,Lentejas,$3.25,Conservas,$16.25,marzo,3,lunes-03,Conservas - Efectivo,2024
1399,25/3/2024,90,Buenos Aires,27,2,3,Tarjeta de Débito,Completa,Agua mineral,$6.21,Bebidas,$12.42,marzo,3,lunes-03,Bebidas - Tarjeta de Débito,2024
1710,25/3/2024,131,Buenos Aires,27,1,3,Tarjeta de Débito,Completa,Agua mineral,$6.21,Bebidas,$6.21,marzo,3,lunes-03,Bebidas - Tarjeta de Débito,2024
1866,25/3/2024,272,Buenos Aires,5,5,1,Efectivo,Completa,Manteca,$5.65,Lácteos,$28.25,marzo,3,lunes-03,Lácteos - Efectivo,2024
2164,25/3/2024,292,Patagonia,36,5,5,Transferencia,Completa,Lentejas,$3.25,Conservas,$16.25,marzo,3,lunes-03,Conservas - Transferencia,2024
2854,25/3/2024,208,Buenos Aires,33,2,5,Transferencia,Pendiente,Papas chips,$8.54,Galletitas y Snacks,$17.08,marzo,3,lunes-03,Galletitas y Snacks - Transferencia,2024
2993,25/3/2024,117,NOA,4,2,1,Efectivo,Completa,Queso rallado,$19.23,Lácteos,$38.46,marzo,3,lunes-03,Lácteos - Efectivo,2024
464,26/3/2024,323,Centro,5,4,4,Mercado Pago,Completa,Manteca,$5.65,Lácteos,$22.60,marzo,3,martes-03,Lácteos - Mercado Pago,2024
469,26/3/2024,134,Cuyo,17,4,4,Mercado Pago,Completa,Manzanas,$6.54,Frutas y Verduras,$26.16,marzo,3,martes-03,Frutas y Verduras - Mercado Pago,2024
1025,26/3/2024,288,Buenos Aires,15,3,5,Transferencia,Pendiente,Medialunas,$3.51,Panadería,$10.53,marzo,3,martes-03,Panadería - Transferencia,2024
1125,26/3/2024,9,Centro,26,5,4,Mercado Pago,Pendiente,Hamburgesas congeladas,$9.54,Congelados,$47.70,marzo,3,martes-03,Congelados - Mercado Pago,2024
1321,26/3/2024,94,Centro,6,4,1,Efectivo,Completa,Asado,$28.56,Carnicería,$114.24,marzo,3,martes-03,Carnicería - Efectivo,2024
1556,26/3/2024,65,Buenos Aires,8,2,1,Efectivo,Completa,Milanesa,$16.21,Carnicería,$32.42,marzo,3,martes-03,Carnicería - Efectivo,2024
1667,26/3/2024,81,Buenos Aires,24,6,3,Tarjeta de Débito,Completa,Empanadas,$13.54,Congelados,$81.24,marzo,3,martes-03,Congelados - Tarjeta de Débito,2024
2182,26/3/2024,116,Buenos Aires,2,6,2,Tarjeta de Crédito,Completa,Yogur,$5.21,Lácteos,$31.26,marzo,3,martes-03,Lácteos - Tarjeta de Crédito,2024
2570,26/3/2024,17,Buenos Aires,7,6,5,Transferencia,Completa,Chorizo,$11.25,Carnicería,$67.50,marzo,3,martes-03,Carnicería - Transferencia,2024
2623,26/3/2024,237,Buenos Aires,3,5,4,Mercado Pago,Completa,Queso cremoso,$17.23,Lácteos,$86.15,marzo,3,martes-03,Lácteos - Mercado Pago,2024
2683,26/3/2024,14,Buenos Aires,28,1,2,Tarjeta de Crédito,Completa,Jugos de frutas,$9.45,Bebidas,$9.45,marzo,3,martes-03,Bebidas - Tarjeta de Crédito,2024
172,27/3/2024,268,NOA,24,6,1,Efectivo,Completa,Empanadas,$13.54,Congelados,$81.24,marzo,3,miércoles-03,Congelados - Efectivo,2024
295,27/3/2024,223,Buenos Aires,32,6,2,Tarjeta de Crédito,Completa,Galletitas de chocolate,$6.25,Galletitas y Snacks,$37.50,marzo,3,miércoles-03,Galletitas y Snacks - Tarjeta de Crédito,2024
559,27/3/2024,97,Buenos Aires,24,5,2,Tarjeta de Crédito,Completa,Empanadas,$13.54,Congelados,$67.70,marzo,3,miércoles-03,Congelados - Tarjeta de Crédito,2024
737,27/3/2024,48,Patagonia,30,1,5,Transferencia,Completa,Vino tinto,$13.54,Bebidas,$13.54,marzo,3,miércoles-03,Bebidas - Transferencia,2024
1278,27/3/2024,11,Buenos Aires,29,5,4,Mercado Pago,Pendiente,Cerveza,$11.54,Bebidas,$57.70,marzo,3,miércoles-03,Bebidas - Mercado Pago,2024
1312,27/3/2024,215,NEA,35,5,3,Tarjeta de Débito,Completa,Arroz,$4.25,Conservas,$21.25,marzo,3,miércoles-03,Conservas - Tarjeta de Débito,2024
1627,27/3/2024,323,Centro,13,1,5,Transferencia,Completa,Pan integral,$12.56,Panadería,$12.56,marzo,3,miércoles-03,Panadería - Transferencia,2024
1666,27/3/2024,56,Centro,25,1,3,Tarjeta de Débito,Completa,Pizza congelada,$15.45,Congelados,$15.45,marzo,3,miércoles-03,Congelados - Tarjeta de Débito,2024
1679,27/3/2024,273,Cuyo,38,4,3,Tarjeta de Débito,Completa,Atún enlatado,$6.21,Conservas,$24.84,marzo,3,miércoles-03,Conservas - Tarjeta de Débito,2024
2048,27/3/2024,261,NOA,25,3,4,Mercado Pago,Completa,Pizza congelada,$15.45,Congelados,$46.35,marzo,3,miércoles-03,Congelados - Mercado Pago,2024
2225,27/3/2024,269,Centro,34,1,4,Mercado Pago,Completa,Maníes,$5.45,Galletitas y Snacks,$5.45,marzo,3,miércoles-03,Galletitas y Snacks - Mercado Pago,2024
2630,27/3/2024,223,Buenos Aires,19,5,3,Tarjeta de Débito,Completa,Tomates,$6.54,Frutas y Verduras,$32.70,marzo,3,miércoles-03,Frutas y Verduras - Tarjeta de Débito,2024
249,28/3/2024,1,Patagonia,31,2,5,Transferencia,Pendiente,Galletitas de agua,$5.24,Galletitas y Snacks,$10.48,marzo,3,jueves-03,Galletitas y Snacks - Transferencia,2024
279,28/3/2024,54,Buenos Aires,10,4,4,Mercado Pago,Completa,Costilla de cerdo,$14.25,Carnicería,$57.00,marzo,3,jueves-03,Carnicería - Mercado Pago,2024
321,28/3/2024,205,Patagonia,35,4,5,Transferencia,Completa,Arroz,$4.25,Conservas,$17.00,marzo,3,jueves-03,Conservas - Transferencia,2024
669,28/3/2024,44,Buenos Aires,19,4,3,Tarjeta de Débito,Completa,Tomates,$6.54,Frutas y Verduras,$26.16,marzo,3,jueves-03,Frutas y Verduras - Tarjeta de Débito,2024
988,28/3/2024,266,Buenos Aires,21,5,2,Tarjeta de Crédito,Completa,Zanahorias,$3.25,Frutas y Verduras,$16.25,marzo,3,jueves-03,Frutas y Verduras - Tarjeta de Crédito,2024
1086,28/3/2024,40,Cuyo,22,6,5,Transferencia,Completa,Cebolla,$4.21,Frutas y Verduras,$25.26,marzo,3,jueves-03,Frutas y Verduras - Transferencia,2024
1153,28/3/2024,130,Buenos Aires,27,6,3,Tarjeta de Débito,Completa,Agua mineral,$6.21,Bebidas,$37.26,marzo,3,jueves-03,Bebidas - Tarjeta de Débito,2024
2507,28/3/2024,243,Buenos Aires,33,3,4,Mercado Pago,Completa,Papas chips,$8.54,Galletitas y Snacks,$25.62,marzo,3,jueves-03,Galletitas y Snacks - Mercado Pago,2024
86,29/3/2024,188,Cuyo,30,2,4,Mercado Pago,Completa,Vino tinto,$13.54,Bebidas,$27.08,marzo,3,viernes-03,Bebidas - Mercado Pago,2024
189,29/3/2024,170,Centro,30,1,1,Efectivo,Completa,Vino tinto,$13.54,Bebidas,$13.54,marzo,3,viernes-03,Bebidas - Efectivo,2024
468,29/3/2024,45,Buenos Aires,17,5,1,Efectivo,Completa,Manzanas,$6.54,Frutas y Verduras,$32.70,marzo,3,viernes-03,Frutas y Verduras - Efectivo,2024
511,29/3/2024,98,Centro,31,6,3,Tarjeta de Débito,Completa,Galletitas de agua,$5.24,Galletitas y Snacks,$31.44,marzo,3,viernes-03,Galletitas y Snacks - Tarjeta de Débito,2024
1129,29/3/2024,275,Buenos Aires,36,4,4,Mercado Pago,Pendiente,Lentejas,$3.25,Conservas,$13.00,marzo,3,viernes-03,Conservas - Mercado Pago,2024
1169,29/3/2024,8,Buenos Aires,28,5,4,Mercado Pago,Completa,Jugos de frutas,$9.45,Bebidas,$47.25,marzo,3,viernes-03,Bebidas - Mercado Pago,2024
1409,29/3/2024,86,Patagonia,14,6,4,Mercado Pago,Completa,Facturas,$12.36,Panadería,$74.16,marzo,3,viernes-03,Panadería - Mercado Pago,2024
1828,29/3/2024,52,Patagonia,14,2,2,Tarjeta de Crédito,Completa,Facturas,$12.36,Panadería,$24.72,marzo,3,viernes-03,Panadería - Tarjeta de Crédito,2024
2142,29/3/2024,165,Buenos Aires,23,2,1,Efectivo,Pendiente,Papas fritas,$8.23,Congelados,$16.46,marzo,3,viernes-03,Congelados - Efectivo,2024
265,30/3/2024,257,NEA,28,1,1,Efectivo,Completa,Jugos de frutas,$9.45,Bebidas,$9.45,marzo,3,sábado-03,Bebidas - Efectivo,2024
432,30/3/2024,197,Cuyo,25,5,3,Tarjeta de Débito,Completa,Pizza congelada,$15.45,Congelados,$77.25,marzo,3,sábado-03,Congelados - Tarjeta de Débito,2024
1624,30/3/2024,71,Buenos Aires,1,2,5,Transferencia,Completa,Leche,$12.24,Lácteos,$24.48,marzo,3,sábado-03,Lácteos - Transferencia,2024
2580,30/3/2024,287,NEA,22,4,3,Tarjeta de Débito,Pendiente,Cebolla,$4.21,Frutas y Verduras,$16.84,marzo,3,sábado-03,Frutas y Verduras - Tarjeta de Débito,2024
2863,30/3/2024,194,Buenos Aires,1,5,5,Transferencia,Completa,Leche,$12.24,Lácteos,$61.20,marzo,3,sábado-03,Lácteos - Transferencia,2024
2891,30/3/2024,76,Centro,7,1,4,Mercado Pago,Completa,Chorizo,$11.25,Carnicería,$11.25,marzo,3,sábado-03,Carnicería - Mercado Pago,2024
209,31/3/2024,311,Buenos Aires,35,3,2,Tarjeta de Crédito,Completa,Arroz,$4.25,Conservas,$12.75,marzo,3,domingo-03,Conservas - Tarjeta de Crédito,2024
293,31/3/2024,310,Patagonia,35,3,3,Tarjeta de Débito,Completa,Arroz,$4.25,Conservas,$12.75,marzo,3,domingo-03,Conservas - Tarjeta de Débito,2024
433,31/3/2024,218,Centro,29,6,5,Transferencia,Completa,Cerveza,$11.54,Bebidas,$69.24,marzo,3,domingo-03,Bebidas - Transferencia,2024
590,31/3/2024,194,Buenos Aires,13,6,1,Efectivo,Completa,Pan integral,$12.56,Panadería,$75.36,marzo,3,domingo-03,Panadería - Efectivo,2024
853,31/3/2024,176,NEA,35,2,4,Mercado Pago,Completa,Arroz,$4.25,Conservas,$8.50,marzo,3,domingo-03,Conservas - Mercado Pago,2024
1045,31/3/2024,258,Centro,32,3,4,Mercado Pago,Completa,Galletitas de chocolate,$6.25,Galletitas y Snacks,$18.75,marzo,3,domingo-03,Galletitas y Snacks - Mercado Pago,2024
1705,31/3/2024,321,Cuyo,18,4,1,Efectivo,Completa,Bananas,$7.25,Frutas y Verduras,$29.00,marzo,3,domingo-03,Frutas y Verduras - Efectivo,2024
1976,31/3/2024,299,Cuyo,18,6,5,Transferencia,Completa,Bananas,$7.25,Frutas y Verduras,$43.50,marzo,3,domingo-03,Frutas y Verduras - Transferencia,2024
2213,31/3/2024,230,Centro,19,4,2,Tarjeta de Crédito,Pendiente,Tomates,$6.54,Frutas y Verduras,$26.16,marzo,3,domingo-03,Frutas y Verduras - Tarjeta de Crédito,2024
2303,1/4/2024,314,Patagonia,2,1,5,Transferencia,Pendiente,Yogur,$5.21,Lácteos,$5.21,abril,4,lunes-04,Lácteos - Transferencia,2024
2326,1/4/2024,201,Patagonia,26,3,5,Transferencia,Completa,Hamburgesas congeladas,$9.54,Congelados,$28.62,abril,4,lunes-04,Congelados - Transferencia,2024
2385,1/4/2024,76,Centro,12,4,3,Tarjeta de Débito,Completa,Pan francés,$8.12,Panadería,$32.48,abril,4,lunes-04,Panadería - Tarjeta de Débito,2024
2611,1/4/2024,63,Buenos Aires,1,4,5,Transferencia,Completa,Leche,$12.24,Lácteos,$48.96,abril,4,lunes-04,Lácteos - Transferencia,2024
2914,1/4/2024,66,Buenos Aires,22,6,4,Mercado Pago,Pendiente,Cebolla,$4.21,Frutas y Verduras,$25.26,abril,4,lunes-04,Frutas y Verduras - Mercado Pago,2024
160,2/4/2024,106,NEA,25,6,4,Mercado Pago,Completa,Pizza congelada,$15.45,Congelados,$92.70,abril,4,martes-04,Congelados - Mercado Pago,2024
837,2/4/2024,102,Patagonia,4,3,1,Efectivo,Completa,Queso rallado,$19.23,Lácteos,$57.69,abril,4,martes-04,Lácteos - Efectivo,2024
1224,2/4/2024,60,NEA,4,3,5,Transferencia,Pendiente,Queso rallado,$19.23,Lácteos,$57.69,abril,4,martes-04,Lácteos - Transferencia,2024
1819,2/4/2024,192,Cuyo,22,5,1,Efectivo,Pendiente,Cebolla,$4.21,Frutas y Verduras,$21.05,abril,4,martes-04,Frutas y Verduras - Efectivo,2024
1968,2/4/2024,285,Patagonia,12,2,5,Transferencia,Pendiente,Pan francés,$8.12,Panadería,$16.24,abril,4,martes-04,Panadería - Transferencia,2024
2413,2/4/2024,248,Centro,31,5,4,Mercado Pago,Completa,Galletitas de agua,$5.24,Galletitas y Snacks,$26.20,abril,4,martes-04,Galletitas y Snacks - Mercado Pago,2024
2465,2/4/2024,240,Buenos Aires,9,3,2,Tarjeta de Crédito,Completa,Pollo,$18.56,Carnicería,$55.68,abril,4,martes-04,Carnicería - Tarjeta de Crédito,2024
2899,2/4/2024,163,Buenos Aires,34,5,1,Efectivo,Pendiente,Maníes,$5.45,Galletitas y Snacks,$27.25,abril,4,martes-04,Galletitas y Snacks - Efectivo,2024
232,3/4/2024,144,NEA,24,3,3,Tarjeta de Débito,Completa,Empanadas,$13.54,Congelados,$40.62,abril,4,miércoles-04,Congelados - Tarjeta de Débito,2024
339,3/4/2024,81,Buenos Aires,21,1,3,Tarjeta de Débito,Completa,Zanahorias,$3.25,Frutas y Verduras,$3.25,abril,4,miércoles-04,Frutas y Verduras - Tarjeta de Débito,2024
844,3/4/2024,258,Centro,22,2,2,Tarjeta de Crédito,Pendiente,Cebolla,$4.21,Frutas y Verduras,$8.42,abril,4,miércoles-04,Frutas y Verduras - Tarjeta de Crédito,2024
1687,3/4/2024,160,Centro,23,6,5,Transferencia,Completa,Papas fritas,$8.23,Congelados,$49.38,abril,4,miércoles-04,Congelados - Transferencia,2024
1704,3/4/2024,104,Buenos Aires,3,4,4,Mercado Pago,Completa,Queso cremoso,$17.23,Lácteos,$68.92,abril,4,miércoles-04,Lácteos - Mercado Pago,2024
1913,3/4/2024,78,Buenos Aires,33,5,4,Mercado Pago,Completa,Papas chips,$8.54,Galletitas y Snacks,$42.70,abril,4,miércoles-04,Galletitas y Snacks - Mercado Pago,2024
2532,3/4/2024,28,NEA,13,5,4,Mercado Pago,Completa,Pan integral,$12.56,Panadería,$62.80,abril,4,miércoles-04,Panadería - Mercado Pago,2024
2571,3/4/2024,54,Buenos Aires,18,5,4,Mercado Pago,Completa,Bananas,$7.25,Frutas y Verduras,$36.25,abril,4,miércoles-04,Frutas y Verduras - Mercado Pago,2024
2641,3/4/2024,172,Buenos Aires,8,3,3,Tarjeta de Débito,Completa,Milanesa,$16.21,Carnicería,$48.63,abril,4,miércoles-04,Carnicería - Tarjeta de Débito,2024
2795,3/4/2024,39,Patagonia,8,5,4,Mercado Pago,Completa,Milanesa,$16.21,Carnicería,$81.05,abril,4,miércoles-04,Carnicería - Mercado Pago,2024
2954,3/4/2024,237,Buenos Aires,27,6,3,Tarjeta de Débito,Completa,Agua mineral,$6.21,Bebidas,$37.26,abril,4,miércoles-04,Bebidas - Tarjeta de Débito,2024
2961,3/4/2024,141,NEA,25,2,1,Efectivo,Completa,Pizza congelada,$15.45,Congelados,$30.90,abril,4,miércoles-04,Congelados - Efectivo,2024
327,4/4/2024,203,Buenos Aires,27,4,2,Tarjeta de Crédito,Completa,Agua mineral,$6.21,Bebidas,$24.84,abril,4,jueves-04,Bebidas - Tarjeta de Crédito,2024
491,4/4/2024,25,Patagonia,5,5,5,Transferencia,Completa,Manteca,$5.65,Lácteos,$28.25,abril,4,jueves-04,Lácteos - Transferencia,2024
1175,4/4/2024,189,Patagonia,17,3,1,Efectivo,Completa,Manzanas,$6.54,Frutas y Verduras,$19.62,abril,4,jueves-04,Frutas y Verduras - Efectivo,2024
1417,4/4/2024,126,Cuyo,13,5,3,Tarjeta de Débito,Completa,Pan integral,$12.56,Panadería,$62.80,abril,4,jueves-04,Panadería - Tarjeta de Débito,2024
1782,4/4/2024,145,Buenos Aires,13,2,3,Tarjeta de Débito,Completa,Pan integral,$12.56,Panadería,$25.12,abril,4,jueves-04,Panadería - Tarjeta de Débito,2024
1872,4/4/2024,239,Buenos Aires,16,6,1,Efectivo,Completa,Tortas,$15.23,Panadería,$91.38,abril,4,jueves-04,Panadería - Efectivo,2024
2844,4/4/2024,213,Centro,22,3,5,Transferencia,Completa,Cebolla,$4.21,Frutas y Verduras,$12.63,abril,4,jueves-04,Frutas y Verduras - Transferencia,2024
2879,4/4/2024,186,Patagonia,3,5,4,Mercado Pago,Completa,Queso cremoso,$17.23,Lácteos,$86.15,abril,4,jueves-04,Lácteos - Mercado Pago,2024
245,5/4/2024,101,Buenos Aires,32,4,4,Mercado Pago,Completa,Galletitas de chocolate,$6.25,Galletitas y Snacks,$25.00,abril,4,viernes-04,Galletitas y Snacks - Mercado Pago,2024
799,5/4/2024,55,Patagonia,19,1,5,Transferencia,Pendiente,Tomates,$6.54,Frutas y Verduras,$6.54,abril,4,viernes-04,Frutas y Verduras - Transferencia,2024
905,5/4/2024,151,Buenos Aires,3,2,4,Mercado Pago,Completa,Queso cremoso,$17.23,Lácteos,$34.46,abril,4,viernes-04,Lácteos - Mercado Pago,2024
1195,5/4/2024,47,Buenos Aires,16,3,3,Tarjeta de Débito,Completa,Tortas,$15.23,Panadería,$45.69,abril,4,viernes-04,Panadería - Tarjeta de Débito,2024
2276,5/4/2024,62,NEA,23,6,4,Mercado Pago,Pendiente,Papas fritas,$8.23,Congelados,$49.38,abril,4,viernes-04,Congelados - Mercado Pago,2024
2884,5/4/2024,307,Cuyo,32,3,1,Efectivo,Completa,Galletitas de chocolate,$6.25,Galletitas y Snacks,$18.75,abril,4,viernes-04,Galletitas y Snacks - Efectivo,2024
2945,5/4/2024,245,NEA,20,1,5,Transferencia,Completa,Lechugas,$4.25,Frutas y Verduras,$4.25,abril,4,viernes-04,Frutas y Verduras - Transferencia,2024
2995,5/4/2024,38,Patagonia,34,5,5,Transferencia,Completa,Maníes,$5.45,Galletitas y Snacks,$27.25,abril,4,viernes-04,Galletitas y Snacks - Transferencia,2024
10,6/4/2024,232,Buenos Aires,37,2,3,Tarjeta de Débito,Completa,Garbanzos,$3.65,Conservas,$7.30,abril,4,sábado-04,Conservas - Tarjeta de Débito,2024
1068,6/4/2024,318,Buenos Aires,6,3,5,Transferencia,Completa,Asado,$28.56,Carnicería,$85.68,abril,4,sábado-04,Carnicería - Transferencia,2024
1960,6/4/2024,266,Buenos Aires,30,3,5,Transferencia,Completa,Vino tinto,$13.54,Bebidas,$40.62,abril,4,sábado-04,Bebidas - Transferencia,2024
2718,6/4/2024,157,Patagonia,32,1,5,Transferencia,Completa,Galletitas de chocolate,$6.25,Galletitas y Snacks,$6.25,abril,4,sábado-04,Galletitas y Snacks - Transferencia,2024
395,7/4/2024,75,NEA,32,5,5,Transferencia,Completa,Galletitas de chocolate,$6.25,Galletitas y Snacks,$31.25,abril,4,domingo-04,Galletitas y Snacks - Transferencia,2024
453,7/4/2024,75,NEA,12,2,4,Mercado Pago,Completa,Pan francés,$8.12,Panadería,$16.24,abril,4,domingo-04,Panadería - Mercado Pago,2024
657,7/4/2024,57,Centro,36,1,4,Mercado Pago,Completa,Lentejas,$3.25,Conservas,$3.25,abril,4,domingo-04,Conservas - Mercado Pago,2024
1220,7/4/2024,224,Cuyo,38,5,3,Tarjeta de Débito,Completa,Atún enlatado,$6.21,Conservas,$31.05,abril,4,domingo-04,Conservas - Tarjeta de Débito,2024
2084,7/4/2024,138,Buenos Aires,33,4,3,Tarjeta de Débito,Completa,Papas chips,$8.54,Galletitas y Snacks,$34.16,abril,4,domingo-04,Galletitas y Snacks - Tarjeta de Débito,2024
2726,7/4/2024,166,NEA,17,6,4,Mercado Pago,Completa,Manzanas,$6.54,Frutas y Verduras,$39.24,abril,4,domingo-04,Frutas y Verduras - Mercado Pago,2024
2731,7/4/2024,132,Buenos Aires,5,3,1,Efectivo,Pendiente,Manteca,$5.65,Lácteos,$16.95,abril,4,domingo-04,Lácteos - Efectivo,2024
108,8/4/2024,153,Cuyo,17,4,4,Mercado Pago,Completa,Manzanas,$6.54,Frutas y Verduras,$26.16,abril,4,lunes-04,Frutas y Verduras - Mercado Pago,2024
581,8/4/2024,297,Buenos Aires,6,1,3,Tarjeta de Débito,Pendiente,Asado,$28.56,Carnicería,$28.56,abril,4,lunes-04,Carnicería - Tarjeta de Débito,2024
1470,8/4/2024,38,Patagonia,24,5,5,Transferencia,Completa,Empanadas,$13.54,Congelados,$67.70,abril,4,lunes-04,Congelados - Transferencia,2024
1834,8/4/2024,141,NEA,7,1,5,Transferencia,Completa,Chorizo,$11.25,Carnicería,$11.25,abril,4,lunes-04,Carnicería - Transferencia,2024
1840,8/4/2024,241,Buenos Aires,12,6,3,Tarjeta de Débito,Completa,Pan francés,$8.12,Panadería,$48.72,abril,4,lunes-04,Panadería - Tarjeta de Débito,2024
2140,8/4/2024,174,Patagonia,9,1,4,Mercado Pago,Completa,Pollo,$18.56,Carnicería,$18.56,abril,4,lunes-04,Carnicería - Mercado Pago,2024
2885,8/4/2024,245,NEA,24,1,2,Tarjeta de Crédito,Completa,Empanadas,$13.54,Congelados,$13.54,abril,4,lunes-04,Congelados - Tarjeta de Crédito,2024
80,9/4/2024,313,Cuyo,25,6,3,Tarjeta de Débito,Completa,Pizza congelada,$15.45,Congelados,$92.70,abril,4,martes-04,Congelados - Tarjeta de Débito,2024
600,9/4/2024,142,Cuyo,14,2,4,Mercado Pago,Completa,Facturas,$12.36,Panadería,$24.72,abril,4,martes-04,Panadería - Mercado Pago,2024
962,9/4/2024,275,Buenos Aires,8,2,4,Mercado Pago,Completa,Milanesa,$16.21,Carnicería,$32.42,abril,4,martes-04,Carnicería - Mercado Pago,2024
1331,9/4/2024,51,Cuyo,11,2,4,Mercado Pago,Completa,Salchicha,$11.23,Carnicería,$22.46,abril,4,martes-04,Carnicería - Mercado Pago,2024
1474,9/4/2024,321,Cuyo,9,1,4,Mercado Pago,Completa,Pollo,$18.56,Carnicería,$18.56,abril,4,martes-04,Carnicería - Mercado Pago,2024
2341,9/4/2024,23,Patagonia,10,3,5,Transferencia,Completa,Costilla de cerdo,$14.25,Carnicería,$42.75,abril,4,martes-04,Carnicería - Transferencia,2024
2716,9/4/2024,162,Patagonia,15,4,3,Tarjeta de Débito,Completa,Medialunas,$3.51,Panadería,$14.04,abril,4,martes-04,Panadería - Tarjeta de Débito,2024
2920,9/4/2024,207,Buenos Aires,35,2,3,Tarjeta de Débito,Completa,Arroz,$4.25,Conservas,$8.50,abril,4,martes-04,Conservas - Tarjeta de Débito,2024
102,10/4/2024,282,Centro,26,1,3,Tarjeta de Débito,Completa,Hamburgesas congeladas,$9.54,Congelados,$9.54,abril,4,miércoles-04,Congelados - Tarjeta de Débito,2024
239,10/4/2024,197,Cuyo,37,6,5,Transferencia,Completa,Garbanzos,$3.65,Conservas,$21.90,abril,4,miércoles-04,Conservas - Transferencia,2024
532,10/4/2024,233,Centro,1,3,1,Efectivo,Completa,Leche,$12.24,Lácteos,$36.72,abril,4,miércoles-04,Lácteos - Efectivo,2024
1046,10/4/2024,288,Buenos Aires,1,5,3,Tarjeta de Débito,Completa,Leche,$12.24,Lácteos,$61.20,abril,4,miércoles-04,Lácteos - Tarjeta de Débito,2024
1612,10/4/2024,68,Patagonia,20,4,4,Mercado Pago,Pendiente,Lechugas,$4.25,Frutas y Verduras,$17.00,abril,4,miércoles-04,Frutas y Verduras - Mercado Pago,2024
1904,10/4/2024,231,Patagonia,12,4,4,Mercado Pago,Completa,Pan francés,$8.12,Panadería,$32.48,abril,4,miércoles-04,Panadería - Mercado Pago,2024
2490,10/4/2024,162,Patagonia,26,3,5,Transferencia,Completa,Hamburgesas congeladas,$9.54,Congelados,$28.62,abril,4,miércoles-04,Congelados - Transferencia,2024
2758,10/4/2024,273,Cuyo,23,2,4,Mercado Pago,Completa,Papas fritas,$8.23,Congelados,$16.46,abril,4,miércoles-04,Congelados - Mercado Pago,2024
2785,10/4/2024,191,Centro,17,6,5,Transferencia,Completa,Manzanas,$6.54,Frutas y Verduras,$39.24,abril,4,miércoles-04,Frutas y Verduras - Transferencia,2024
354,11/4/2024,195,Centro,29,6,1,Efectivo,Completa,Cerveza,$11.54,Bebidas,$69.24,abril,4,jueves-04,Bebidas - Efectivo,2024
677,11/4/2024,291,NEA,10,3,5,Transferencia,Completa,Costilla de cerdo,$14.25,Carnicería,$42.75,abril,4,jueves-04,Carnicería - Transferencia,2024
873,11/4/2024,72,Centro,26,1,4,Mercado Pago,Completa,Hamburgesas congeladas,$9.54,Congelados,$9.54,abril,4,jueves-04,Congelados - Mercado Pago,2024
1110,11/4/2024,284,NOA,12,2,4,Mercado Pago,Completa,Pan francés,$8.12,Panadería,$16.24,abril,4,jueves-04,Panadería - Mercado Pago,2024
2469,11/4/2024,79,Patagonia,36,4,5,Transferencia,Pendiente,Lentejas,$3.25,Conservas,$13.00,abril,4,jueves-04,Conservas - Transferencia,2024
2561,11/4/2024,133,Buenos Aires,19,3,1,Efectivo,Completa,Tomates,$6.54,Frutas y Verduras,$19.62,abril,4,jueves-04,Frutas y Verduras - Efectivo,2024
379,12/4/2024,67,NEA,2,4,1,Efectivo,Completa,Yogur,$5.21,Lácteos,$20.84,abril,4,viernes-04,Lácteos - Efectivo,2024
831,12/4/2024,94,Centro,19,4,3,Tarjeta de Débito,Pendiente,Tomates,$6.54,Frutas y Verduras,$26.16,abril,4,viernes-04,Frutas y Verduras - Tarjeta de Débito,2024
1143,12/4/2024,266,Buenos Aires,20,2,5,Transferencia,Completa,Lechugas,$4.25,Frutas y Verduras,$8.50,abril,4,viernes-04,Frutas y Verduras - Transferencia,2024
1149,12/4/2024,272,Buenos Aires,24,5,5,Transferencia,Completa,Empanadas,$13.54,Congelados,$67.70,abril,4,viernes-04,Congelados - Transferencia,2024
1157,12/4/2024,90,Buenos Aires,11,4,3,Tarjeta de Débito,Completa,Salchicha,$11.23,Carnicería,$44.92,abril,4,viernes-04,Carnicería - Tarjeta de Débito,2024
1299,12/4/2024,223,Buenos Aires,16,3,3,Tarjeta de Débito,Completa,Tortas,$15.23,Panadería,$45.69,abril,4,viernes-04,Panadería - Tarjeta de Débito,2024
1647,12/4/2024,74,Patagonia,9,4,4,Mercado Pago,Completa,Pollo,$18.56,Carnicería,$74.24,abril,4,viernes-04,Carnicería - Mercado Pago,2024
1698,12/4/2024,272,Buenos Aires,3,5,5,Transferencia,Completa,Queso cremoso,$17.23,Lácteos,$86.15,abril,4,viernes-04,Lácteos - Transferencia,2024
1915,12/4/2024,21,Buenos Aires,27,4,4,Mercado Pago,Completa,Agua mineral,$6.21,Bebidas,$24.84,abril,4,viernes-04,Bebidas - Mercado Pago,2024
2137,12/4/2024,202,NEA,5,1,4,Mercado Pago,Completa,Manteca,$5.65,Lácteos,$5.65,abril,4,viernes-04,Lácteos - Mercado Pago,2024
2229,12/4/2024,312,Cuyo,27,2,1,Efectivo,Completa,Agua mineral,$6.21,Bebidas,$12.42,abril,4,viernes-04,Bebidas - Efectivo,2024
2306,12/4/2024,242,NEA,2,6,3,Tarjeta de Débito,Completa,Yogur,$5.21,Lácteos,$31.26,abril,4,viernes-04,Lácteos - Tarjeta de Débito,2024
2497,12/4/2024,105,Buenos Aires,26,5,4,Mercado Pago,Completa,Hamburgesas congeladas,$9.54,Congelados,$47.70,abril,4,viernes-04,Congelados - Mercado Pago,2024
2581,12/4/2024,260,Buenos Aires,26,2,4,Mercado Pago,Completa,Hamburgesas congeladas,$9.54,Congelados,$19.08,abril,4,viernes-04,Congelados - Mercado Pago,2024
328,13/4/2024,167,Buenos Aires,23,3,3,Tarjeta de Débito,Pendiente,Papas fritas,$8.23,Congelados,$24.69,abril,4,sábado-04,Congelados - Tarjeta de Débito,2024
788,13/4/2024,52,Patagonia,33,1,2,Tarjeta de Crédito,Completa,Papas chips,$8.54,Galletitas y Snacks,$8.54,abril,4,sábado-04,Galletitas y Snacks - Tarjeta de Crédito,2024
1574,13/4/2024,204,Patagonia,20,5,4,Mercado Pago,Completa,Lechugas,$4.25,Frutas y Verduras,$21.25,abril,4,sábado-04,Frutas y Verduras - Mercado Pago,2024
1899,13/4/2024,176,NEA,22,2,5,Transferencia,Completa,Cebolla,$4.21,Frutas y Verduras,$8.42,abril,4,sábado-04,Frutas y Verduras - Transferencia,2024
2138,13/4/2024,281,Buenos Aires,7,5,2,Tarjeta de Crédito,Completa,Chorizo,$11.25,Carnicería,$56.25,abril,4,sábado-04,Carnicería - Tarjeta de Crédito,2024
2159,13/4/2024,288,Buenos Aires,19,3,1,Efectivo,Completa,Tomates,$6.54,Frutas y Verduras,$19.62,abril,4,sábado-04,Frutas y Verduras - Efectivo,2024
2395,13/4/2024,248,Centro,12,5,3,Tarjeta de Débito,Completa,Pan francés,$8.12,Panadería,$40.60,abril,4,sábado-04,Panadería - Tarjeta de Débito,2024
2403,13/4/2024,15,Buenos Aires,8,2,4,Mercado Pago,Completa,Milanesa,$16.21,Carnicería,$32.42,abril,4,sábado-04,Carnicería - Mercado Pago,2024
2458,13/4/2024,105,Buenos Aires,24,1,4,Mercado Pago,Pendiente,Empanadas,$13.54,Congelados,$13.54,abril,4,sábado-04,Congelados - Mercado Pago,2024
248,14/4/2024,132,Buenos Aires,3,5,5,Transferencia,Pendiente,Queso cremoso,$17.23,Lácteos,$86.15,abril,4,domingo-04,Lácteos - Transferencia,2024
340,14/4/2024,271,Patagonia,19,2,3,Tarjeta de Débito,Pendiente,Tomates,$6.54,Frutas y Verduras,$13.08,abril,4,domingo-04,Frutas y Verduras - Tarjeta de Débito,2024
371,14/4/2024,105,Buenos Aires,5,2,4,Mercado Pago,Completa,Manteca,$5.65,Lácteos,$11.30,abril,4,domingo-04,Lácteos - Mercado Pago,2024
708,14/4/2024,164,Centro,17,3,1,Efectivo,Completa,Manzanas,$6.54,Frutas y Verduras,$19.62,abril,4,domingo-04,Frutas y Verduras - Efectivo,2024
864,14/4/2024,190,NEA,21,5,4,Mercado Pago,Completa,Zanahorias,$3.25,Frutas y Verduras,$16.25,abril,4,domingo-04,Frutas y Verduras - Mercado Pago,2024
1868,14/4/2024,234,Buenos Aires,19,6,1,Efectivo,Pendiente,Tomates,$6.54,Frutas y Verduras,$39.24,abril,4,domingo-04,Frutas y Verduras - Efectivo,2024
1922,14/4/2024,269,Centro,31,1,5,Transferencia,Pendiente,Galletitas de agua,$5.24,Galletitas y Snacks,$5.24,abril,4,domingo-04,Galletitas y Snacks - Transferencia,2024
2051,14/4/2024,165,Buenos Aires,30,2,5,Transferencia,Completa,Vino tinto,$13.54,Bebidas,$27.08,abril,4,domingo-04,Bebidas - Transferencia,2024
2838,14/4/2024,41,Patagonia,28,2,3,Tarjeta de Débito,Completa,Jugos de frutas,$9.45,Bebidas,$18.90,abril,4,domingo-04,Bebidas - Tarjeta de Débito,2024
15,15/4/2024,219,Patagonia,34,4,3,Tarjeta de Débito,Completa,Maníes,$5.45,Galletitas y Snacks,$21.80,abril,4,lunes-04,Galletitas y Snacks - Tarjeta de Débito,2024
82,15/4/2024,246,NEA,27,3,4,Mercado Pago,Completa,Agua mineral,$6.21,Bebidas,$18.63,abril,4,lunes-04,Bebidas - Mercado Pago,2024
194,15/4/2024,45,Buenos Aires,32,5,5,Transferencia,Pendiente,Galletitas de chocolate,$6.25,Galletitas y Snacks,$31.25,abril,4,lunes-04,Galletitas y Snacks - Transferencia,2024
361,15/4/2024,226,Patagonia,20,6,5,Transferencia,Completa,Lechugas,$4.25,Frutas y Verduras,$25.50,abril,4,lunes-04,Frutas y Verduras - Transferencia,2024
431,15/4/2024,231,Patagonia,33,1,2,Tarjeta de Crédito,Completa,Papas chips,$8.54,Galletitas y Snacks,$8.54,abril,4,lunes-04,Galletitas y Snacks - Tarjeta de Crédito,2024
651,15/4/2024,150,Buenos Aires,8,6,3,Tarjeta de Débito,Completa,Milanesa,$16.21,Carnicería,$97.26,abril,4,lunes-04,Carnicería - Tarjeta de Débito,2024
1001,15/4/2024,325,NEA,4,4,4,Mercado Pago,Completa,Queso rallado,$19.23,Lácteos,$76.92,abril,4,lunes-04,Lácteos - Mercado Pago,2024
1286,15/4/2024,110,NEA,21,5,5,Transferencia,Pendiente,Zanahorias,$3.25,Frutas y Verduras,$16.25,abril,4,lunes-04,Frutas y Verduras - Transferencia,2024
1498,15/4/2024,216,Centro,37,4,3,Tarjeta de Débito,Completa,Garbanzos,$3.65,Conservas,$14.60,abril,4,lunes-04,Conservas - Tarjeta de Débito,2024
2949,15/4/2024,24,Cuyo,28,6,4,Mercado Pago,Completa,Jugos de frutas,$9.45,Bebidas,$56.70,abril,4,lunes-04,Bebidas - Mercado Pago,2024
399,16/4/2024,115,Cuyo,38,4,4,Mercado Pago,Completa,Atún enlatado,$6.21,Conservas,$24.84,abril,4,martes-04,Conservas - Mercado Pago,2024
807,16/4/2024,181,Patagonia,1,5,3,Tarjeta de Débito,Completa,Leche,$12.24,Lácteos,$61.20,abril,4,martes-04,Lácteos - Tarjeta de Débito,2024
976,16/4/2024,110,NEA,31,2,4,Mercado Pago,Completa,Galletitas de agua,$5.24,Galletitas y Snacks,$10.48,abril,4,martes-04,Galletitas y Snacks - Mercado Pago,2024
1258,16/4/2024,48,Patagonia,28,4,1,Efectivo,Completa,Jugos de frutas,$9.45,Bebidas,$37.80,abril,4,martes-04,Bebidas - Efectivo,2024
1307,16/4/2024,46,Centro,1,3,5,Transferencia,Completa,Leche,$12.24,Lácteos,$36.72,abril,4,martes-04,Lácteos - Transferencia,2024
1319,16/4/2024,28,NEA,3,1,4,Mercado Pago,Completa,Queso cremoso,$17.23,Lácteos,$17.23,abril,4,martes-04,Lácteos - Mercado Pago,2024
1717,16/4/2024,171,Cuyo,33,5,5,Transferencia,Completa,Papas chips,$8.54,Galletitas y Snacks,$42.70,abril,4,martes-04,Galletitas y Snacks - Transferencia,2024
2162,16/4/2024,304,Cuyo,28,4,4,Mercado Pago,Pendiente,Jugos de frutas,$9.45,Bebidas,$37.80,abril,4,martes-04,Bebidas - Mercado Pago,2024
2407,16/4/2024,209,Buenos Aires,34,5,3,Tarjeta de Débito,Completa,Maníes,$5.45,Galletitas y Snacks,$27.25,abril,4,martes-04,Galletitas y Snacks - Tarjeta de Débito,2024
547,17/4/2024,69,Cuyo,22,2,4,Mercado Pago,Pendiente,Cebolla,$4.21,Frutas y Verduras,$8.42,abril,4,miércoles-04,Frutas y Verduras - Mercado Pago,2024
1177,17/4/2024,192,Cuyo,22,1,4,Mercado Pago,Completa,Cebolla,$4.21,Frutas y Verduras,$4.21,abril,4,miércoles-04,Frutas y Verduras - Mercado Pago,2024
2368,17/4/2024,245,NEA,33,1,4,Mercado Pago,Completa,Papas chips,$8.54,Galletitas y Snacks,$8.54,abril,4,miércoles-04,Galletitas y Snacks - Mercado Pago,2024
2962,17/4/2024,314,Patagonia,2,6,3,Tarjeta de Débito,Pendiente,Yogur,$5.21,Lácteos,$31.26,abril,4,miércoles-04,Lácteos - Tarjeta de Débito,2024
421,18/4/2024,86,Patagonia,28,3,4,Mercado Pago,Pendiente,Jugos de frutas,$9.45,Bebidas,$28.35,abril,4,jueves-04,Bebidas - Mercado Pago,2024
1107,18/4/2024,223,Buenos Aires,18,4,4,Mercado Pago,Pendiente,Bananas,$7.25,Frutas y Verduras,$29.00,abril,4,jueves-04,Frutas y Verduras - Mercado Pago,2024
1282,18/4/2024,280,Centro,31,1,2,Tarjeta de Crédito,Completa,Galletitas de agua,$5.24,Galletitas y Snacks,$5.24,abril,4,jueves-04,Galletitas y Snacks - Tarjeta de Crédito,2024
1325,18/4/2024,89,Patagonia,24,6,1,Efectivo,Completa,Empanadas,$13.54,Congelados,$81.24,abril,4,jueves-04,Congelados - Efectivo,2024
1379,18/4/2024,301,Cuyo,18,1,3,Tarjeta de Débito,Completa,Bananas,$7.25,Frutas y Verduras,$7.25,abril,4,jueves-04,Frutas y Verduras - Tarjeta de Débito,2024
1951,18/4/2024,212,Buenos Aires,8,6,1,Efectivo,Completa,Milanesa,$16.21,Carnicería,$97.26,abril,4,jueves-04,Carnicería - Efectivo,2024
2632,18/4/2024,53,Centro,31,6,3,Tarjeta de Débito,Completa,Galletitas de agua,$5.24,Galletitas y Snacks,$31.44,abril,4,jueves-04,Galletitas y Snacks - Tarjeta de Débito,2024
2661,18/4/2024,121,Cuyo,29,3,2,Tarjeta de Crédito,Completa,Cerveza,$11.54,Bebidas,$34.62,abril,4,jueves-04,Bebidas - Tarjeta de Crédito,2024
2777,18/4/2024,24,Cuyo,28,6,4,Mercado Pago,Completa,Jugos de frutas,$9.45,Bebidas,$56.70,abril,4,jueves-04,Bebidas - Mercado Pago,2024
1320,19/4/2024,324,NEA,22,2,4,Mercado Pago,Pendiente,Cebolla,$4.21,Frutas y Verduras,$8.42,abril,4,viernes-04,Frutas y Verduras - Mercado Pago,2024
2081,19/4/2024,206,NEA,3,1,1,Efectivo,Completa,Queso cremoso,$17.23,Lácteos,$17.23,abril,4,viernes-04,Lácteos - Efectivo,2024
2087,19/4/2024,103,Patagonia,27,6,3,Tarjeta de Débito,Completa,Agua mineral,$6.21,Bebidas,$37.26,abril,4,viernes-04,Bebidas - Tarjeta de Débito,2024
2149,19/4/2024,82,Buenos Aires,3,4,4,Mercado Pago,Completa,Queso cremoso,$17.23,Lácteos,$68.92,abril,4,viernes-04,Lácteos - Mercado Pago,2024
2666,19/4/2024,12,Patagonia,36,3,3,Tarjeta de Débito,Completa,Lentejas,$3.25,Conservas,$9.75,abril,4,viernes-04,Conservas - Tarjeta de Débito,2024
724,20/4/2024,298,Buenos Aires,4,2,2,Tarjeta de Crédito,Completa,Queso rallado,$19.23,Lácteos,$38.46,abril,4,sábado-04,Lácteos - Tarjeta de Crédito,2024
800,20/4/2024,56,Centro,29,3,3,Tarjeta de Débito,Completa,Cerveza,$11.54,Bebidas,$34.62,abril,4,sábado-04,Bebidas - Tarjeta de Débito,2024
1575,20/4/2024,66,Buenos Aires,4,3,4,Mercado Pago,Completa,Queso rallado,$19.23,Lácteos,$57.69,abril,4,sábado-04,Lácteos - Mercado Pago,2024
1605,20/4/2024,180,Buenos Aires,20,6,2,Tarjeta de Crédito,Pendiente,Lechugas,$4.25,Frutas y Verduras,$25.50,abril,4,sábado-04,Frutas y Verduras - Tarjeta de Crédito,2024
1707,20/4/2024,223,Buenos Aires,30,2,5,Transferencia,Completa,Vino tinto,$13.54,Bebidas,$27.08,abril,4,sábado-04,Bebidas - Transferencia,2024
2092,20/4/2024,272,Buenos Aires,23,1,3,Tarjeta de Débito,Completa,Papas fritas,$8.23,Congelados,$8.23,abril,4,sábado-04,Congelados - Tarjeta de Débito,2024
2205,20/4/2024,233,Centro,4,2,4,Mercado Pago,Completa,Queso rallado,$19.23,Lácteos,$38.46,abril,4,sábado-04,Lácteos - Mercado Pago,2024
2434,20/4/2024,211,Centro,28,5,3,Tarjeta de Débito,Pendiente,Jugos de frutas,$9.45,Bebidas,$47.25,abril,4,sábado-04,Bebidas - Tarjeta de Débito,2024
2596,20/4/2024,287,NEA,12,5,1,Efectivo,Completa,Pan francés,$8.12,Panadería,$40.60,abril,4,sábado-04,Panadería - Efectivo,2024
2635,20/4/2024,263,Buenos Aires,34,5,1,Efectivo,Completa,Maníes,$5.45,Galletitas y Snacks,$27.25,abril,4,sábado-04,Galletitas y Snacks - Efectivo,2024
135,21/4/2024,254,Patagonia,38,2,5,Transferencia,Completa,Atún enlatado,$6.21,Conservas,$12.42,abril,4,domingo-04,Conservas - Transferencia,2024
259,21/4/2024,288,Buenos Aires,32,3,2,Tarjeta de Crédito,Completa,Galletitas de chocolate,$6.25,Galletitas y Snacks,$18.75,abril,4,domingo-04,Galletitas y Snacks - Tarjeta de Crédito,2024
598,21/4/2024,186,Patagonia,4,1,1,Efectivo,Completa,Queso rallado,$19.23,Lácteos,$19.23,abril,4,domingo-04,Lácteos - Efectivo,2024
1026,21/4/2024,131,Buenos Aires,17,2,4,Mercado Pago,Pendiente,Manzanas,$6.54,Frutas y Verduras,$13.08,abril,4,domingo-04,Frutas y Verduras - Mercado Pago,2024
1194,21/4/2024,237,Buenos Aires,17,6,4,Mercado Pago,Completa,Manzanas,$6.54,Frutas y Verduras,$39.24,abril,4,domingo-04,Frutas y Verduras - Mercado Pago,2024
1456,21/4/2024,271,Patagonia,18,4,1,Efectivo,Completa,Bananas,$7.25,Frutas y Verduras,$29.00,abril,4,domingo-04,Frutas y Verduras - Efectivo,2024
1638,21/4/2024,151,Buenos Aires,18,1,4,Mercado Pago,Completa,Bananas,$7.25,Frutas y Verduras,$7.25,abril,4,domingo-04,Frutas y Verduras - Mercado Pago,2024
1714,21/4/2024,242,NEA,32,4,5,Transferencia,Completa,Galletitas de chocolate,$6.25,Galletitas y Snacks,$25.00,abril,4,domingo-04,Galletitas y Snacks - Transferencia,2024
1894,21/4/2024,1,Patagonia,37,4,4,Mercado Pago,Completa,Garbanzos,$3.65,Conservas,$14.60,abril,4,domingo-04,Conservas - Mercado Pago,2024
2055,21/4/2024,186,Patagonia,5,3,5,Transferencia,Completa,Manteca,$5.65,Lácteos,$16.95,abril,4,domingo-04,Lácteos - Transferencia,2024
2066,21/4/2024,288,Buenos Aires,11,1,4,Mercado Pago,Completa,Salchicha,$11.23,Carnicería,$11.23,abril,4,domingo-04,Carnicería - Mercado Pago,2024
2356,21/4/2024,139,Buenos Aires,19,1,4,Mercado Pago,Completa,Tomates,$6.54,Frutas y Verduras,$6.54,abril,4,domingo-04,Frutas y Verduras - Mercado Pago,2024
2426,21/4/2024,75,NEA,30,2,4,Mercado Pago,Completa,Vino tinto,$13.54,Bebidas,$27.08,abril,4,domingo-04,Bebidas - Mercado Pago,2024
2499,21/4/2024,310,Patagonia,24,1,3,Tarjeta de Débito,Pendiente,Empanadas,$13.54,Congelados,$13.54,abril,4,domingo-04,Congelados - Tarjeta de Débito,2024
2827,21/4/2024,305,Patagonia,23,2,5,Transferencia,Completa,Papas fritas,$8.23,Congelados,$16.46,abril,4,domingo-04,Congelados - Transferencia,2024
523,22/4/2024,107,Patagonia,12,2,1,Efectivo,Completa,Pan francés,$8.12,Panadería,$16.24,abril,4,lunes-04,Panadería - Efectivo,2024
806,22/4/2024,225,Buenos Aires,32,6,2,Tarjeta de Crédito,Completa,Galletitas de chocolate,$6.25,Galletitas y Snacks,$37.50,abril,4,lunes-04,Galletitas y Snacks - Tarjeta de Crédito,2024
1074,22/4/2024,320,Centro,38,6,3,Tarjeta de Débito,Completa,Atún enlatado,$6.21,Conservas,$37.26,abril,4,lunes-04,Conservas - Tarjeta de Débito,2024
1406,22/4/2024,100,NEA,23,1,3,Tarjeta de Débito,Completa,Papas fritas,$8.23,Congelados,$8.23,abril,4,lunes-04,Congelados - Tarjeta de Débito,2024
1806,22/4/2024,233,Centro,35,4,2,Tarjeta de Crédito,Completa,Arroz,$4.25,Conservas,$17.00,abril,4,lunes-04,Conservas - Tarjeta de Crédito,2024
1853,22/4/2024,273,Cuyo,5,5,4,Mercado Pago,Completa,Manteca,$5.65,Lácteos,$28.25,abril,4,lunes-04,Lácteos - Mercado Pago,2024
2925,22/4/2024,209,Buenos Aires,18,3,2,Tarjeta de Crédito,Completa,Bananas,$7.25,Frutas y Verduras,$21.75,abril,4,lunes-04,Frutas y Verduras - Tarjeta de Crédito,2024
61,23/4/2024,319,Patagonia,6,2,1,Efectivo,Completa,Asado,$28.56,Carnicería,$57.12,abril,4,martes-04,Carnicería - Efectivo,2024
849,23/4/2024,177,NEA,31,2,5,Transferencia,Completa,Galletitas de agua,$5.24,Galletitas y Snacks,$10.48,abril,4,martes-04,Galletitas y Snacks - Transferencia,2024
1254,23/4/2024,294,Centro,4,2,4,Mercado Pago,Completa,Queso rallado,$19.23,Lácteos,$38.46,abril,4,martes-04,Lácteos - Mercado Pago,2024
1677,23/4/2024,122,Centro,5,1,2,Tarjeta de Crédito,Pendiente,Manteca,$5.65,Lácteos,$5.65,abril,4,martes-04,Lácteos - Tarjeta de Crédito,2024
1686,23/4/2024,73,Centro,37,1,4,Mercado Pago,Completa,Garbanzos,$3.65,Conservas,$3.65,abril,4,martes-04,Conservas - Mercado Pago,2024
1732,23/4/2024,215,NEA,38,5,4,Mercado Pago,Completa,Atún enlatado,$6.21,Conservas,$31.05,abril,4,martes-04,Conservas - Mercado Pago,2024
1800,23/4/2024,313,Cuyo,37,4,5,Transferencia,Pendiente,Garbanzos,$3.65,Conservas,$14.60,abril,4,martes-04,Conservas - Transferencia,2024
119,24/4/2024,55,Patagonia,21,4,5,Transferencia,Completa,Zanahorias,$3.25,Frutas y Verduras,$13.00,abril,4,miércoles-04,Frutas y Verduras - Transferencia,2024
909,24/4/2024,287,NEA,31,1,1,Efectivo,Completa,Galletitas de agua,$5.24,Galletitas y Snacks,$5.24,abril,4,miércoles-04,Galletitas y Snacks - Efectivo,2024
1460,24/4/2024,40,Cuyo,17,4,3,Tarjeta de Débito,Completa,Manzanas,$6.54,Frutas y Verduras,$26.16,abril,4,miércoles-04,Frutas y Verduras - Tarjeta de Débito,2024
1783,24/4/2024,301,Cuyo,11,2,4,Mercado Pago,Completa,Salchicha,$11.23,Carnicería,$22.46,abril,4,miércoles-04,Carnicería - Mercado Pago,2024
1996,24/4/2024,117,NOA,23,2,3,Tarjeta de Débito,Completa,Papas fritas,$8.23,Congelados,$16.46,abril,4,miércoles-04,Congelados - Tarjeta de Débito,2024
2145,24/4/2024,38,Patagonia,12,4,2,Tarjeta de Crédito,Completa,Pan francés,$8.12,Panadería,$32.48,abril,4,miércoles-04,Panadería - Tarjeta de Crédito,2024
2584,24/4/2024,141,NEA,5,4,4,Mercado Pago,Completa,Manteca,$5.65,Lácteos,$22.60,abril,4,miércoles-04,Lácteos - Mercado Pago,2024
2645,24/4/2024,182,Centro,32,6,5,Transferencia,Completa,Galletitas de chocolate,$6.25,Galletitas y Snacks,$37.50,abril,4,miércoles-04,Galletitas y Snacks - Transferencia,2024
87,25/4/2024,152,NOA,26,6,5,Transferencia,Completa,Hamburgesas congeladas,$9.54,Congelados,$57.24,abril,4,jueves-04,Congelados - Transferencia,2024
251,25/4/2024,158,Buenos Aires,4,1,4,Mercado Pago,Completa,Queso rallado,$19.23,Lácteos,$19.23,abril,4,jueves-04,Lácteos - Mercado Pago,2024
751,25/4/2024,259,Cuyo,23,2,1,Efectivo,Pendiente,Papas fritas,$8.23,Congelados,$16.46,abril,4,jueves-04,Congelados - Efectivo,2024
792,25/4/2024,130,Buenos Aires,1,1,1,Efectivo,Completa,Leche,$12.24,Lácteos,$12.24,abril,4,jueves-04,Lácteos - Efectivo,2024
952,25/4/2024,207,Buenos Aires,7,3,3,Tarjeta de Débito,Completa,Chorizo,$11.25,Carnicería,$33.75,abril,4,jueves-04,Carnicería - Tarjeta de Débito,2024
1060,25/4/2024,56,Centro,29,5,3,Tarjeta de Débito,Completa,Cerveza,$11.54,Bebidas,$57.70,abril,4,jueves-04,Bebidas - Tarjeta de Débito,2024
1088,25/4/2024,274,Buenos Aires,30,2,2,Tarjeta de Crédito,Completa,Vino tinto,$13.54,Bebidas,$27.08,abril,4,jueves-04,Bebidas - Tarjeta de Crédito,2024
1657,25/4/2024,298,Buenos Aires,12,5,1,Efectivo,Completa,Pan francés,$8.12,Panadería,$40.60,abril,4,jueves-04,Panadería - Efectivo,2024
1900,25/4/2024,222,Centro,24,2,3,Tarjeta de Débito,Completa,Empanadas,$13.54,Congelados,$27.08,abril,4,jueves-04,Congelados - Tarjeta de Débito,2024
2184,25/4/2024,68,Patagonia,9,6,5,Transferencia,Completa,Pollo,$18.56,Carnicería,$111.36,abril,4,jueves-04,Carnicería - Transferencia,2024
2269,25/4/2024,13,Centro,24,6,1,Efectivo,Completa,Empanadas,$13.54,Congelados,$81.24,abril,4,jueves-04,Congelados - Efectivo,2024
2615,25/4/2024,277,Patagonia,16,4,5,Transferencia,Completa,Tortas,$15.23,Panadería,$60.92,abril,4,jueves-04,Panadería - Transferencia,2024
2974,25/4/2024,315,Buenos Aires,17,4,3,Tarjeta de Débito,Completa,Manzanas,$6.54,Frutas y Verduras,$26.16,abril,4,jueves-04,Frutas y Verduras - Tarjeta de Débito,2024
617,26/4/2024,313,Cuyo,8,6,1,Efectivo,Completa,Milanesa,$16.21,Carnicería,$97.26,abril,4,viernes-04,Carnicería - Efectivo,2024
763,26/4/2024,254,Patagonia,27,2,3,Tarjeta de Débito,Completa,Agua mineral,$6.21,Bebidas,$12.42,abril,4,viernes-04,Bebidas - Tarjeta de Débito,2024
826,26/4/2024,137,Patagonia,26,5,4,Mercado Pago,Completa,Hamburgesas congeladas,$9.54,Congelados,$47.70,abril,4,viernes-04,Congelados - Mercado Pago,2024
1616,26/4/2024,144,NEA,34,1,1,Efectivo,Completa,Maníes,$5.45,Galletitas y Snacks,$5.45,abril,4,viernes-04,Galletitas y Snacks - Efectivo,2024
1621,26/4/2024,193,Buenos Aires,2,2,1,Efectivo,Completa,Yogur,$5.21,Lácteos,$10.42,abril,4,viernes-04,Lácteos - Efectivo,2024
1733,26/4/2024,185,Centro,10,5,5,Transferencia,Completa,Costilla de cerdo,$14.25,Carnicería,$71.25,abril,4,viernes-04,Carnicería - Transferencia,2024
2117,26/4/2024,82,Buenos Aires,12,2,5,Transferencia,Completa,Pan francés,$8.12,Panadería,$16.24,abril,4,viernes-04,Panadería - Transferencia,2024
2554,26/4/2024,306,Cuyo,36,1,4,Mercado Pago,Completa,Lentejas,$3.25,Conservas,$3.25,abril,4,viernes-04,Conservas - Mercado Pago,2024
2741,26/4/2024,48,Patagonia,25,5,5,Transferencia,Completa,Pizza congelada,$15.45,Congelados,$77.25,abril,4,viernes-04,Congelados - Transferencia,2024
842,27/4/2024,307,Cuyo,14,4,4,Mercado Pago,Completa,Facturas,$12.36,Panadería,$49.44,abril,4,sábado-04,Panadería - Mercado Pago,2024
889,27/4/2024,51,Cuyo,17,2,5,Transferencia,Completa,Manzanas,$6.54,Frutas y Verduras,$13.08,abril,4,sábado-04,Frutas y Verduras - Transferencia,2024
1128,27/4/2024,59,Centro,20,3,5,Transferencia,Completa,Lechugas,$4.25,Frutas y Verduras,$12.75,abril,4,sábado-04,Frutas y Verduras - Transferencia,2024
1266,27/4/2024,70,Centro,21,6,4,Mercado Pago,Completa,Zanahorias,$3.25,Frutas y Verduras,$19.50,abril,4,sábado-04,Frutas y Verduras - Mercado Pago,2024
1505,27/4/2024,13,Centro,8,5,4,Mercado Pago,Completa,Milanesa,$16.21,Carnicería,$81.05,abril,4,sábado-04,Carnicería - Mercado Pago,2024
1572,27/4/2024,314,Patagonia,24,1,4,Mercado Pago,Completa,Empanadas,$13.54,Congelados,$13.54,abril,4,sábado-04,Congelados - Mercado Pago,2024
2169,27/4/2024,284,NOA,38,6,4,Mercado Pago,Completa,Atún enlatado,$6.21,Conservas,$37.26,abril,4,sábado-04,Conservas - Mercado Pago,2024
2245,27/4/2024,167,Buenos Aires,22,4,3,Tarjeta de Débito,Completa,Cebolla,$4.21,Frutas y Verduras,$16.84,abril,4,sábado-04,Frutas y Verduras - Tarjeta de Débito,2024
2281,27/4/2024,283,Buenos Aires,10,5,4,Mercado Pago,Pendiente,Costilla de cerdo,$14.25,Carnicería,$71.25,abril,4,sábado-04,Carnicería - Mercado Pago,2024
592,28/4/2024,102,Patagonia,5,6,5,Transferencia,Pendiente,Manteca,$5.65,Lácteos,$33.90,abril,4,domingo-04,Lácteos - Transferencia,2024
858,28/4/2024,67,NEA,1,4,3,Tarjeta de Débito,Pendiente,Leche,$12.24,Lácteos,$48.96,abril,4,domingo-04,Lácteos - Tarjeta de Débito,2024
1689,28/4/2024,28,NEA,33,4,1,Efectivo,Completa,Papas chips,$8.54,Galletitas y Snacks,$34.16,abril,4,domingo-04,Galletitas y Snacks - Efectivo,2024
1988,28/4/2024,114,Centro,21,2,5,Transferencia,Completa,Zanahorias,$3.25,Frutas y Verduras,$6.50,abril,4,domingo-04,Frutas y Verduras - Transferencia,2024
2128,28/4/2024,314,Patagonia,35,1,1,Efectivo,Pendiente,Arroz,$4.25,Conservas,$4.25,abril,4,domingo-04,Conservas - Efectivo,2024
2539,28/4/2024,135,Cuyo,37,4,3,Tarjeta de Débito,Completa,Garbanzos,$3.65,Conservas,$14.60,abril,4,domingo-04,Conservas - Tarjeta de Débito,2024
2799,28/4/2024,217,Centro,2,1,5,Transferencia,Pendiente,Yogur,$5.21,Lácteos,$5.21,abril,4,domingo-04,Lácteos - Transferencia,2024
2851,28/4/2024,316,Centro,33,4,1,Efectivo,Completa,Papas chips,$8.54,Galletitas y Snacks,$34.16,abril,4,domingo-04,Galletitas y Snacks - Efectivo,2024
2957,28/4/2024,249,Buenos Aires,4,6,1,Efectivo,Completa,Queso rallado,$19.23,Lácteos,$115.38,abril,4,domingo-04,Lácteos - Efectivo,2024
217,29/4/2024,100,NEA,17,4,5,Transferencia,Completa,Manzanas,$6.54,Frutas y Verduras,$26.16,abril,4,lunes-04,Frutas y Verduras - Transferencia,2024
1114,29/4/2024,47,Buenos Aires,38,6,4,Mercado Pago,Completa,Atún enlatado,$6.21,Conservas,$37.26,abril,4,lunes-04,Conservas - Mercado Pago,2024
1115,29/4/2024,159,NEA,1,6,2,Tarjeta de Crédito,Completa,Leche,$12.24,Lácteos,$73.44,abril,4,lunes-04,Lácteos - Tarjeta de Crédito,2024
1207,29/4/2024,159,NEA,11,4,4,Mercado Pago,Completa,Salchicha,$11.23,Carnicería,$44.92,abril,4,lunes-04,Carnicería - Mercado Pago,2024
1211,29/4/2024,104,Buenos Aires,4,5,5,Transferencia,Completa,Queso rallado,$19.23,Lácteos,$96.15,abril,4,lunes-04,Lácteos - Transferencia,2024
1552,29/4/2024,21,Buenos Aires,6,6,1,Efectivo,Completa,Asado,$28.56,Carnicería,$171.36,abril,4,lunes-04,Carnicería - Efectivo,2024
1889,29/4/2024,237,Buenos Aires,1,4,1,Efectivo,Completa,Leche,$12.24,Lácteos,$48.96,abril,4,lunes-04,Lácteos - Efectivo,2024
1952,29/4/2024,190,NEA,19,4,5,Transferencia,Pendiente,Tomates,$6.54,Frutas y Verduras,$26.16,abril,4,lunes-04,Frutas y Verduras - Transferencia,2024
2105,29/4/2024,85,Cuyo,12,1,3,Tarjeta de Débito,Pendiente,Pan francés,$8.12,Panadería,$8.12,abril,4,lunes-04,Panadería - Tarjeta de Débito,2024
2786,29/4/2024,106,NEA,7,6,1,Efectivo,Completa,Chorizo,$11.25,Carnicería,$67.50,abril,4,lunes-04,Carnicería - Efectivo,2024
2999,29/4/2024,320,Centro,11,3,4,Mercado Pago,Completa,Salchicha,$11.23,Carnicería,$33.69,abril,4,lunes-04,Carnicería - Mercado Pago,2024
353,30/4/2024,181,Patagonia,10,4,5,Transferencia,Completa,Costilla de cerdo,$14.25,Carnicería,$57.00,abril,4,martes-04,Carnicería - Transferencia,2024
625,30/4/2024,11,Buenos Aires,18,1,2,Tarjeta de Crédito,Completa,Bananas,$7.25,Frutas y Verduras,$7.25,abril,4,martes-04,Frutas y Verduras - Tarjeta de Crédito,2024
898,30/4/2024,179,Buenos Aires,9,6,4,Mercado Pago,Completa,Pollo,$18.56,Carnicería,$111.36,abril,4,martes-04,Carnicería - Mercado Pago,2024
1127,30/4/2024,136,Patagonia,6,2,4,Mercado Pago,Completa,Asado,$28.56,Carnicería,$57.12,abril,4,martes-04,Carnicería - Mercado Pago,2024
1238,30/4/2024,254,Patagonia,6,2,1,Efectivo,Pendiente,Asado,$28.56,Carnicería,$57.12,abril,4,martes-04,Carnicería - Efectivo,2024
1652,30/4/2024,106,NEA,19,4,3,Tarjeta de Débito,Completa,Tomates,$6.54,Frutas y Verduras,$26.16,abril,4,martes-04,Frutas y Verduras - Tarjeta de Débito,2024
2222,30/4/2024,163,Buenos Aires,21,1,3,Tarjeta de Débito,Completa,Zanahorias,$3.25,Frutas y Verduras,$3.25,abril,4,martes-04,Frutas y Verduras - Tarjeta de Débito,2024
2402,30/4/2024,90,Buenos Aires,16,6,2,Tarjeta de Crédito,Completa,Tortas,$15.23,Panadería,$91.38,abril,4,martes-04,Panadería - Tarjeta de Crédito,2024
2495,30/4/2024,299,Cuyo,7,4,4,Mercado Pago,Completa,Chorizo,$11.25,Carnicería,$45.00,abril,4,martes-04,Carnicería - Mercado Pago,2024
419,1/5/2024,149,Cuyo,2,2,3,Tarjeta de Débito,Completa,Yogur,$5.21,Lácteos,$10.42,mayo,5,miércoles-05,Lácteos - Tarjeta de Débito,2024
659,1/5/2024,213,Centro,1,2,3,Tarjeta de Débito,Completa,Leche,$12.24,Lácteos,$24.48,mayo,5,miércoles-05,Lácteos - Tarjeta de Débito,2024
1237,1/5/2024,247,Buenos Aires,37,6,4,Mercado Pago,Completa,Garbanzos,$3.65,Conservas,$21.90,mayo,5,miércoles-05,Conservas - Mercado Pago,2024
1247,1/5/2024,87,Patagonia,25,6,1,Efectivo,Completa,Pizza congelada,$15.45,Congelados,$92.70,mayo,5,miércoles-05,Congelados - Efectivo,2024
1472,1/5/2024,1,Patagonia,12,2,3,Tarjeta de Débito,Completa,Pan francés,$8.12,Panadería,$16.24,mayo,5,miércoles-05,Panadería - Tarjeta de Débito,2024
1961,1/5/2024,177,NEA,35,3,5,Transferencia,Completa,Arroz,$4.25,Conservas,$12.75,mayo,5,miércoles-05,Conservas - Transferencia,2024
1986,1/5/2024,278,Centro,17,6,5,Transferencia,Completa,Manzanas,$6.54,Frutas y Verduras,$39.24,mayo,5,miércoles-05,Frutas y Verduras - Transferencia,2024
2659,1/5/2024,274,Buenos Aires,13,5,4,Mercado Pago,Completa,Pan integral,$12.56,Panadería,$62.80,mayo,5,miércoles-05,Panadería - Mercado Pago,2024
2890,1/5/2024,156,Patagonia,8,5,4,Mercado Pago,Completa,Milanesa,$16.21,Carnicería,$81.05,mayo,5,miércoles-05,Carnicería - Mercado Pago,2024
169,2/5/2024,279,Centro,24,4,2,Tarjeta de Crédito,Completa,Empanadas,$13.54,Congelados,$54.16,mayo,5,jueves-05,Congelados - Tarjeta de Crédito,2024
287,2/5/2024,70,Centro,23,6,2,Tarjeta de Crédito,Completa,Papas fritas,$8.23,Congelados,$49.38,mayo,5,jueves-05,Congelados - Tarjeta de Crédito,2024
692,2/5/2024,303,Centro,3,5,5,Transferencia,Completa,Queso cremoso,$17.23,Lácteos,$86.15,mayo,5,jueves-05,Lácteos - Transferencia,2024
1609,2/5/2024,286,Centro,15,3,2,Tarjeta de Crédito,Completa,Medialunas,$3.51,Panadería,$10.53,mayo,5,jueves-05,Panadería - Tarjeta de Crédito,2024
1926,2/5/2024,55,Patagonia,33,1,4,Mercado Pago,Completa,Papas chips,$8.54,Galletitas y Snacks,$8.54,mayo,5,jueves-05,Galletitas y Snacks - Mercado Pago,2024
2810,2/5/2024,314,Patagonia,12,2,1,Efectivo,Pendiente,Pan francés,$8.12,Panadería,$16.24,mayo,5,jueves-05,Panadería - Efectivo,2024
2826,2/5/2024,323,Centro,34,1,5,Transferencia,Completa,Maníes,$5.45,Galletitas y Snacks,$5.45,mayo,5,jueves-05,Galletitas y Snacks - Transferencia,2024
2883,2/5/2024,251,Centro,5,1,5,Transferencia,Completa,Manteca,$5.65,Lácteos,$5.65,mayo,5,jueves-05,Lácteos - Transferencia,2024
2938,2/5/2024,12,Patagonia,31,5,4,Mercado Pago,Completa,Galletitas de agua,$5.24,Galletitas y Snacks,$26.20,mayo,5,jueves-05,Galletitas y Snacks - Mercado Pago,2024
60,3/5/2024,53,Centro,20,5,3,Tarjeta de Débito,Completa,Lechugas,$4.25,Frutas y Verduras,$21.25,mayo,5,viernes-05,Frutas y Verduras - Tarjeta de Débito,2024
270,3/5/2024,326,Cuyo,8,6,5,Transferencia,Pendiente,Milanesa,$16.21,Carnicería,$97.26,mayo,5,viernes-05,Carnicería - Transferencia,2024
472,3/5/2024,123,Patagonia,33,4,3,Tarjeta de Débito,Completa,Papas chips,$8.54,Galletitas y Snacks,$34.16,mayo,5,viernes-05,Galletitas y Snacks - Tarjeta de Débito,2024
1274,3/5/2024,187,Buenos Aires,17,4,1,Efectivo,Completa,Manzanas,$6.54,Frutas y Verduras,$26.16,mayo,5,viernes-05,Frutas y Verduras - Efectivo,2024
1655,3/5/2024,293,Patagonia,27,5,4,Mercado Pago,Completa,Agua mineral,$6.21,Bebidas,$31.05,mayo,5,viernes-05,Bebidas - Mercado Pago,2024
1774,3/5/2024,232,Buenos Aires,8,3,4,Mercado Pago,Completa,Milanesa,$16.21,Carnicería,$48.63,mayo,5,viernes-05,Carnicería - Mercado Pago,2024
2109,3/5/2024,284,NOA,1,2,1,Efectivo,Completa,Leche,$12.24,Lácteos,$24.48,mayo,5,viernes-05,Lácteos - Efectivo,2024
2388,3/5/2024,128,Buenos Aires,37,2,5,Transferencia,Completa,Garbanzos,$3.65,Conservas,$7.30,mayo,5,viernes-05,Conservas - Transferencia,2024
2898,3/5/2024,188,Cuyo,1,5,4,Mercado Pago,Completa,Leche,$12.24,Lácteos,$61.20,mayo,5,viernes-05,Lácteos - Mercado Pago,2024
2943,3/5/2024,181,Patagonia,17,3,1,Efectivo,Completa,Manzanas,$6.54,Frutas y Verduras,$19.62,mayo,5,viernes-05,Frutas y Verduras - Efectivo,2024
103,4/5/2024,98,Centro,17,3,5,Transferencia,Completa,Manzanas,$6.54,Frutas y Verduras,$19.62,mayo,5,sábado-05,Frutas y Verduras - Transferencia,2024
238,4/5/2024,25,Patagonia,2,2,3,Tarjeta de Débito,Completa,Yogur,$5.21,Lácteos,$10.42,mayo,5,sábado-05,Lácteos - Tarjeta de Débito,2024
727,4/5/2024,241,Buenos Aires,4,6,3,Tarjeta de Débito,Completa,Queso rallado,$19.23,Lácteos,$115.38,mayo,5,sábado-05,Lácteos - Tarjeta de Débito,2024
766,4/5/2024,166,NEA,8,6,3,Tarjeta de Débito,Pendiente,Milanesa,$16.21,Carnicería,$97.26,mayo,5,sábado-05,Carnicería - Tarjeta de Débito,2024
1613,4/5/2024,12,Patagonia,3,5,1,Efectivo,Completa,Queso cremoso,$17.23,Lácteos,$86.15,mayo,5,sábado-05,Lácteos - Efectivo,2024
1743,4/5/2024,9,Centro,1,4,4,Mercado Pago,Completa,Leche,$12.24,Lácteos,$48.96,mayo,5,sábado-05,Lácteos - Mercado Pago,2024
2146,4/5/2024,278,Centro,15,2,4,Mercado Pago,Completa,Medialunas,$3.51,Panadería,$7.02,mayo,5,sábado-05,Panadería - Mercado Pago,2024
2605,4/5/2024,210,Centro,24,6,5,Transferencia,Completa,Empanadas,$13.54,Congelados,$81.24,mayo,5,sábado-05,Congelados - Transferencia,2024
174,5/5/2024,264,Buenos Aires,2,1,3,Tarjeta de Débito,Completa,Yogur,$5.21,Lácteos,$5.21,mayo,5,domingo-05,Lácteos - Tarjeta de Débito,2024
1738,5/5/2024,198,NOA,10,4,4,Mercado Pago,Completa,Costilla de cerdo,$14.25,Carnicería,$57.00,mayo,5,domingo-05,Carnicería - Mercado Pago,2024
2313,5/5/2024,122,Centro,33,2,3,Tarjeta de Débito,Completa,Papas chips,$8.54,Galletitas y Snacks,$17.08,mayo,5,domingo-05,Galletitas y Snacks - Tarjeta de Débito,2024
2473,5/5/2024,181,Patagonia,37,5,4,Mercado Pago,Completa,Garbanzos,$3.65,Conservas,$18.25,mayo,5,domingo-05,Conservas - Mercado Pago,2024
2544,5/5/2024,34,Cuyo,30,1,1,Efectivo,Completa,Vino tinto,$13.54,Bebidas,$13.54,mayo,5,domingo-05,Bebidas - Efectivo,2024
2840,5/5/2024,289,Cuyo,35,3,4,Mercado Pago,Completa,Arroz,$4.25,Conservas,$12.75,mayo,5,domingo-05,Conservas - Mercado Pago,2024
2924,5/5/2024,158,Buenos Aires,2,6,1,Efectivo,Completa,Yogur,$5.21,Lácteos,$31.26,mayo,5,domingo-05,Lácteos - Efectivo,2024
2997,5/5/2024,178,Patagonia,25,2,5,Transferencia,Completa,Pizza congelada,$15.45,Congelados,$30.90,mayo,5,domingo-05,Congelados - Transferencia,2024
455,6/5/2024,4,Buenos Aires,27,4,3,Tarjeta de Débito,Completa,Agua mineral,$6.21,Bebidas,$24.84,mayo,5,lunes-05,Bebidas - Tarjeta de Débito,2024
614,6/5/2024,245,NEA,34,3,5,Transferencia,Completa,Maníes,$5.45,Galletitas y Snacks,$16.35,mayo,5,lunes-05,Galletitas y Snacks - Transferencia,2024
815,6/5/2024,186,Patagonia,5,2,4,Mercado Pago,Completa,Manteca,$5.65,Lácteos,$11.30,mayo,5,lunes-05,Lácteos - Mercado Pago,2024
1424,6/5/2024,174,Patagonia,35,1,5,Transferencia,Completa,Arroz,$4.25,Conservas,$4.25,mayo,5,lunes-05,Conservas - Transferencia,2024
1433,6/5/2024,222,Centro,16,1,1,Efectivo,Pendiente,Tortas,$15.23,Panadería,$15.23,mayo,5,lunes-05,Panadería - Efectivo,2024
1517,6/5/2024,106,NEA,31,5,5,Transferencia,Completa,Galletitas de agua,$5.24,Galletitas y Snacks,$26.20,mayo,5,lunes-05,Galletitas y Snacks - Transferencia,2024
2379,6/5/2024,321,Cuyo,13,5,1,Efectivo,Completa,Pan integral,$12.56,Panadería,$62.80,mayo,5,lunes-05,Panadería - Efectivo,2024
2602,6/5/2024,157,Patagonia,37,1,5,Transferencia,Completa,Garbanzos,$3.65,Conservas,$3.65,mayo,5,lunes-05,Conservas - Transferencia,2024
2950,6/5/2024,307,Cuyo,26,4,1,Efectivo,Completa,Hamburgesas congeladas,$9.54,Congelados,$38.16,mayo,5,lunes-05,Congelados - Efectivo,2024
140,7/5/2024,220,Centro,29,3,5,Transferencia,Completa,Cerveza,$11.54,Bebidas,$34.62,mayo,5,martes-05,Bebidas - Transferencia,2024
686,7/5/2024,171,Cuyo,16,1,3,Tarjeta de Débito,Completa,Tortas,$15.23,Panadería,$15.23,mayo,5,martes-05,Panadería - Tarjeta de Débito,2024
1250,7/5/2024,234,Buenos Aires,8,1,2,Tarjeta de Crédito,Completa,Milanesa,$16.21,Carnicería,$16.21,mayo,5,martes-05,Carnicería - Tarjeta de Crédito,2024
1734,7/5/2024,311,Buenos Aires,8,3,5,Transferencia,Completa,Milanesa,$16.21,Carnicería,$48.63,mayo,5,martes-05,Carnicería - Transferencia,2024
1739,7/5/2024,222,Centro,2,4,4,Mercado Pago,Completa,Yogur,$5.21,Lácteos,$20.84,mayo,5,martes-05,Lácteos - Mercado Pago,2024
1802,7/5/2024,81,Buenos Aires,30,6,2,Tarjeta de Crédito,Completa,Vino tinto,$13.54,Bebidas,$81.24,mayo,5,martes-05,Bebidas - Tarjeta de Crédito,2024
2110,7/5/2024,27,Buenos Aires,29,5,2,Tarjeta de Crédito,Pendiente,Cerveza,$11.54,Bebidas,$57.70,mayo,5,martes-05,Bebidas - Tarjeta de Crédito,2024
2136,7/5/2024,150,Buenos Aires,12,6,2,Tarjeta de Crédito,Completa,Pan francés,$8.12,Panadería,$48.72,mayo,5,martes-05,Panadería - Tarjeta de Crédito,2024
2568,7/5/2024,92,Patagonia,33,4,4,Mercado Pago,Completa,Papas chips,$8.54,Galletitas y Snacks,$34.16,mayo,5,martes-05,Galletitas y Snacks - Mercado Pago,2024
897,8/5/2024,234,Buenos Aires,23,5,4,Mercado Pago,Completa,Papas fritas,$8.23,Congelados,$41.15,mayo,5,miércoles-05,Congelados - Mercado Pago,2024
1051,8/5/2024,308,Centro,7,2,5,Transferencia,Pendiente,Chorizo,$11.25,Carnicería,$22.50,mayo,5,miércoles-05,Carnicería - Transferencia,2024
1235,8/5/2024,250,Centro,16,6,3,Tarjeta de Débito,Cancelada,Tortas,$15.23,Panadería,$91.38,mayo,5,miércoles-05,Panadería - Tarjeta de Débito,2024
1270,8/5/2024,173,Patagonia,29,6,4,Mercado Pago,Completa,Cerveza,$11.54,Bebidas,$69.24,mayo,5,miércoles-05,Bebidas - Mercado Pago,2024
1648,8/5/2024,50,Buenos Aires,31,1,5,Transferencia,Completa,Galletitas de agua,$5.24,Galletitas y Snacks,$5.24,mayo,5,miércoles-05,Galletitas y Snacks - Transferencia,2024
1659,8/5/2024,283,Buenos Aires,21,4,5,Transferencia,Pendiente,Zanahorias,$3.25,Frutas y Verduras,$13.00,mayo,5,miércoles-05,Frutas y Verduras - Transferencia,2024
2487,8/5/2024,250,Centro,35,5,3,Tarjeta de Débito,Pendiente,Arroz,$4.25,Conservas,$21.25,mayo,5,miércoles-05,Conservas - Tarjeta de Débito,2024
1019,9/5/2024,225,Buenos Aires,26,4,4,Mercado Pago,Completa,Hamburgesas congeladas,$9.54,Congelados,$38.16,mayo,5,jueves-05,Congelados - Mercado Pago,2024
1921,9/5/2024,192,Cuyo,24,6,4,Mercado Pago,Completa,Empanadas,$13.54,Congelados,$81.24,mayo,5,jueves-05,Congelados - Mercado Pago,2024
2193,9/5/2024,244,Buenos Aires,30,5,1,Efectivo,Completa,Vino tinto,$13.54,Bebidas,$67.70,mayo,5,jueves-05,Bebidas - Efectivo,2024
2452,9/5/2024,215,NEA,32,5,1,Efectivo,Completa,Galletitas de chocolate,$6.25,Galletitas y Snacks,$31.25,mayo,5,jueves-05,Galletitas y Snacks - Efectivo,2024
2485,9/5/2024,66,Buenos Aires,6,5,5,Transferencia,Completa,Asado,$28.56,Carnicería,$142.80,mayo,5,jueves-05,Carnicería - Transferencia,2024
90,10/5/2024,161,Patagonia,16,3,5,Transferencia,Completa,Tortas,$15.23,Panadería,$45.69,mayo,5,viernes-05,Panadería - Transferencia,2024
182,10/5/2024,301,Cuyo,13,2,3,Tarjeta de Débito,Completa,Pan integral,$12.56,Panadería,$25.12,mayo,5,viernes-05,Panadería - Tarjeta de Débito,2024
303,10/5/2024,216,Centro,3,1,4,Mercado Pago,Pendiente,Queso cremoso,$17.23,Lácteos,$17.23,mayo,5,viernes-05,Lácteos - Mercado Pago,2024
422,10/5/2024,81,Buenos Aires,11,2,4,Mercado Pago,Completa,Salchicha,$11.23,Carnicería,$22.46,mayo,5,viernes-05,Carnicería - Mercado Pago,2024
524,10/5/2024,54,Buenos Aires,7,4,4,Mercado Pago,Pendiente,Chorizo,$11.25,Carnicería,$45.00,mayo,5,viernes-05,Carnicería - Mercado Pago,2024
778,10/5/2024,46,Centro,6,1,4,Mercado Pago,Completa,Asado,$28.56,Carnicería,$28.56,mayo,5,viernes-05,Carnicería - Mercado Pago,2024
1031,10/5/2024,103,Patagonia,10,4,5,Transferencia,Completa,Costilla de cerdo,$14.25,Carnicería,$57.00,mayo,5,viernes-05,Carnicería - Transferencia,2024
1268,10/5/2024,14,Buenos Aires,8,4,1,Efectivo,Pendiente,Milanesa,$16.21,Carnicería,$64.84,mayo,5,viernes-05,Carnicería - Efectivo,2024
1385,10/5/2024,151,Buenos Aires,13,4,5,Transferencia,Completa,Pan integral,$12.56,Panadería,$50.24,mayo,5,viernes-05,Panadería - Transferencia,2024
1387,10/5/2024,156,Patagonia,27,6,5,Transferencia,Completa,Agua mineral,$6.21,Bebidas,$37.26,mayo,5,viernes-05,Bebidas - Transferencia,2024
1447,10/5/2024,75,NEA,37,2,5,Transferencia,Completa,Garbanzos,$3.65,Conservas,$7.30,mayo,5,viernes-05,Conservas - Transferencia,2024
1467,10/5/2024,59,Centro,4,1,1,Efectivo,Completa,Queso rallado,$19.23,Lácteos,$19.23,mayo,5,viernes-05,Lácteos - Efectivo,2024
1824,10/5/2024,73,Centro,26,3,1,Efectivo,Completa,Hamburgesas congeladas,$9.54,Congelados,$28.62,mayo,5,viernes-05,Congelados - Efectivo,2024
2005,10/5/2024,45,Buenos Aires,28,3,4,Mercado Pago,Pendiente,Jugos de frutas,$9.45,Bebidas,$28.35,mayo,5,viernes-05,Bebidas - Mercado Pago,2024
2311,10/5/2024,45,Buenos Aires,18,2,4,Mercado Pago,Completa,Bananas,$7.25,Frutas y Verduras,$14.50,mayo,5,viernes-05,Frutas y Verduras - Mercado Pago,2024
2794,10/5/2024,114,Centro,38,2,5,Transferencia,Pendiente,Atún enlatado,$6.21,Conservas,$12.42,mayo,5,viernes-05,Conservas - Transferencia,2024
63,11/5/2024,180,Buenos Aires,33,1,3,Tarjeta de Débito,Completa,Papas chips,$8.54,Galletitas y Snacks,$8.54,mayo,5,sábado-05,Galletitas y Snacks - Tarjeta de Débito,2024
214,11/5/2024,9,Centro,8,2,5,Transferencia,Completa,Milanesa,$16.21,Carnicería,$32.42,mayo,5,sábado-05,Carnicería - Transferencia,2024
857,11/5/2024,325,NEA,24,1,1,Efectivo,Completa,Empanadas,$13.54,Congelados,$13.54,mayo,5,sábado-05,Congelados - Efectivo,2024
1050,11/5/2024,115,Cuyo,27,3,4,Mercado Pago,Completa,Agua mineral,$6.21,Bebidas,$18.63,mayo,5,sábado-05,Bebidas - Mercado Pago,2024
1140,11/5/2024,184,Buenos Aires,23,1,5,Transferencia,Pendiente,Papas fritas,$8.23,Congelados,$8.23,mayo,5,sábado-05,Congelados - Transferencia,2024
1351,11/5/2024,222,Centro,4,5,5,Transferencia,Completa,Queso rallado,$19.23,Lácteos,$96.15,mayo,5,sábado-05,Lácteos - Transferencia,2024
1747,11/5/2024,138,Buenos Aires,15,4,2,Tarjeta de Crédito,Completa,Medialunas,$3.51,Panadería,$14.04,mayo,5,sábado-05,Panadería - Tarjeta de Crédito,2024
1847,11/5/2024,56,Centro,18,5,4,Mercado Pago,Pendiente,Bananas,$7.25,Frutas y Verduras,$36.25,mayo,5,sábado-05,Frutas y Verduras - Mercado Pago,2024
1876,11/5/2024,265,Centro,3,6,5,Transferencia,Completa,Queso cremoso,$17.23,Lácteos,$103.38,mayo,5,sábado-05,Lácteos - Transferencia,2024
2332,11/5/2024,301,Cuyo,3,2,5,Transferencia,Completa,Queso cremoso,$17.23,Lácteos,$34.46,mayo,5,sábado-05,Lácteos - Transferencia,2024
2520,11/5/2024,103,Patagonia,10,5,5,Transferencia,Completa,Costilla de cerdo,$14.25,Carnicería,$71.25,mayo,5,sábado-05,Carnicería - Transferencia,2024
2567,11/5/2024,56,Centro,27,3,5,Transferencia,Completa,Agua mineral,$6.21,Bebidas,$18.63,mayo,5,sábado-05,Bebidas - Transferencia,2024
2892,11/5/2024,185,Centro,27,3,5,Transferencia,Completa,Agua mineral,$6.21,Bebidas,$18.63,mayo,5,sábado-05,Bebidas - Transferencia,2024
49,12/5/2024,237,Buenos Aires,26,3,5,Transferencia,Pendiente,Hamburgesas congeladas,$9.54,Congelados,$28.62,mayo,5,domingo-05,Congelados - Transferencia,2024
350,12/5/2024,98,Centro,34,3,1,Efectivo,Completa,Maníes,$5.45,Galletitas y Snacks,$16.35,mayo,5,domingo-05,Galletitas y Snacks - Efectivo,2024
715,12/5/2024,281,Buenos Aires,11,1,4,Mercado Pago,Completa,Salchicha,$11.23,Carnicería,$11.23,mayo,5,domingo-05,Carnicería - Mercado Pago,2024
1151,12/5/2024,59,Centro,5,3,5,Transferencia,Completa,Manteca,$5.65,Lácteos,$16.95,mayo,5,domingo-05,Lácteos - Transferencia,2024
1923,12/5/2024,112,NEA,18,5,5,Transferencia,Completa,Bananas,$7.25,Frutas y Verduras,$36.25,mayo,5,domingo-05,Frutas y Verduras - Transferencia,2024
2114,12/5/2024,119,Patagonia,17,4,5,Transferencia,Pendiente,Manzanas,$6.54,Frutas y Verduras,$26.16,mayo,5,domingo-05,Frutas y Verduras - Transferencia,2024
2289,12/5/2024,288,Buenos Aires,32,6,1,Efectivo,Pendiente,Galletitas de chocolate,$6.25,Galletitas y Snacks,$37.50,mayo,5,domingo-05,Galletitas y Snacks - Efectivo,2024
2344,12/5/2024,76,Centro,12,6,1,Efectivo,Completa,Pan francés,$8.12,Panadería,$48.72,mayo,5,domingo-05,Panadería - Efectivo,2024
449,13/5/2024,21,Buenos Aires,34,4,5,Transferencia,Completa,Maníes,$5.45,Galletitas y Snacks,$21.80,mayo,5,lunes-05,Galletitas y Snacks - Transferencia,2024
684,13/5/2024,180,Buenos Aires,26,3,3,Tarjeta de Débito,Completa,Hamburgesas congeladas,$9.54,Congelados,$28.62,mayo,5,lunes-05,Congelados - Tarjeta de Débito,2024
902,13/5/2024,316,Centro,37,6,4,Mercado Pago,Completa,Garbanzos,$3.65,Conservas,$21.90,mayo,5,lunes-05,Conservas - Mercado Pago,2024
1067,13/5/2024,271,Patagonia,27,3,5,Transferencia,Completa,Agua mineral,$6.21,Bebidas,$18.63,mayo,5,lunes-05,Bebidas - Transferencia,2024
1097,13/5/2024,102,Patagonia,31,3,5,Transferencia,Completa,Galletitas de agua,$5.24,Galletitas y Snacks,$15.72,mayo,5,lunes-05,Galletitas y Snacks - Transferencia,2024
1731,13/5/2024,231,Patagonia,30,3,5,Transferencia,Pendiente,Vino tinto,$13.54,Bebidas,$40.62,mayo,5,lunes-05,Bebidas - Transferencia,2024
2020,13/5/2024,265,Centro,6,1,1,Efectivo,Completa,Asado,$28.56,Carnicería,$28.56,mayo,5,lunes-05,Carnicería - Efectivo,2024
2493,13/5/2024,36,Buenos Aires,3,2,5,Transferencia,Completa,Queso cremoso,$17.23,Lácteos,$34.46,mayo,5,lunes-05,Lácteos - Transferencia,2024
2728,13/5/2024,49,Buenos Aires,6,6,4,Mercado Pago,Completa,Asado,$28.56,Carnicería,$171.36,mayo,5,lunes-05,Carnicería - Mercado Pago,2024
37,14/5/2024,12,Patagonia,36,5,4,Mercado Pago,Completa,Lentejas,$3.25,Conservas,$16.25,mayo,5,martes-05,Conservas - Mercado Pago,2024
337,14/5/2024,247,Buenos Aires,28,1,1,Efectivo,Completa,Jugos de frutas,$9.45,Bebidas,$9.45,mayo,5,martes-05,Bebidas - Efectivo,2024
744,14/5/2024,326,Cuyo,9,1,5,Transferencia,Pendiente,Pollo,$18.56,Carnicería,$18.56,mayo,5,martes-05,Carnicería - Transferencia,2024
796,14/5/2024,281,Buenos Aires,37,4,1,Efectivo,Completa,Garbanzos,$3.65,Conservas,$14.60,mayo,5,martes-05,Conservas - Efectivo,2024
1155,14/5/2024,113,Buenos Aires,37,6,1,Efectivo,Completa,Garbanzos,$3.65,Conservas,$21.90,mayo,5,martes-05,Conservas - Efectivo,2024
1685,14/5/2024,96,Buenos Aires,31,2,4,Mercado Pago,Completa,Galletitas de agua,$5.24,Galletitas y Snacks,$10.48,mayo,5,martes-05,Galletitas y Snacks - Mercado Pago,2024
1699,14/5/2024,24,Cuyo,32,3,5,Transferencia,Completa,Galletitas de chocolate,$6.25,Galletitas y Snacks,$18.75,mayo,5,martes-05,Galletitas y Snacks - Transferencia,2024
1933,14/5/2024,314,Patagonia,12,5,3,Tarjeta de Débito,Completa,Pan francés,$8.12,Panadería,$40.60,mayo,5,martes-05,Panadería - Tarjeta de Débito,2024
2564,14/5/2024,117,NOA,8,2,4,Mercado Pago,Completa,Milanesa,$16.21,Carnicería,$32.42,mayo,5,martes-05,Carnicería - Mercado Pago,2024
2583,14/5/2024,220,Centro,26,4,4,Mercado Pago,Completa,Hamburgesas congeladas,$9.54,Congelados,$38.16,mayo,5,martes-05,Congelados - Mercado Pago,2024
2590,14/5/2024,283,Buenos Aires,21,4,3,Tarjeta de Débito,Completa,Zanahorias,$3.25,Frutas y Verduras,$13.00,mayo,5,martes-05,Frutas y Verduras - Tarjeta de Débito,2024
505,15/5/2024,316,Centro,38,5,4,Mercado Pago,Completa,Atún enlatado,$6.21,Conservas,$31.05,mayo,5,miércoles-05,Conservas - Mercado Pago,2024
1100,15/5/2024,18,Centro,29,2,2,Tarjeta de Crédito,Completa,Cerveza,$11.54,Bebidas,$23.08,mayo,5,miércoles-05,Bebidas - Tarjeta de Crédito,2024
1691,15/5/2024,283,Buenos Aires,9,1,4,Mercado Pago,Completa,Pollo,$18.56,Carnicería,$18.56,mayo,5,miércoles-05,Carnicería - Mercado Pago,2024
1860,15/5/2024,54,Buenos Aires,28,5,3,Tarjeta de Débito,Completa,Jugos de frutas,$9.45,Bebidas,$47.25,mayo,5,miércoles-05,Bebidas - Tarjeta de Débito,2024
1875,15/5/2024,6,Buenos Aires,5,2,3,Tarjeta de Débito,Completa,Manteca,$5.65,Lácteos,$11.30,mayo,5,miércoles-05,Lácteos - Tarjeta de Débito,2024
1932,15/5/2024,146,Cuyo,37,1,5,Transferencia,Completa,Garbanzos,$3.65,Conservas,$3.65,mayo,5,miércoles-05,Conservas - Transferencia,2024
2241,15/5/2024,25,Patagonia,9,3,4,Mercado Pago,Completa,Pollo,$18.56,Carnicería,$55.68,mayo,5,miércoles-05,Carnicería - Mercado Pago,2024
655,16/5/2024,24,Cuyo,20,3,5,Transferencia,Completa,Lechugas,$4.25,Frutas y Verduras,$12.75,mayo,5,jueves-05,Frutas y Verduras - Transferencia,2024
728,16/5/2024,193,Buenos Aires,23,1,3,Tarjeta de Débito,Completa,Papas fritas,$8.23,Congelados,$8.23,mayo,5,jueves-05,Congelados - Tarjeta de Débito,2024
1358,16/5/2024,115,Cuyo,19,2,5,Transferencia,Completa,Tomates,$6.54,Frutas y Verduras,$13.08,mayo,5,jueves-05,Frutas y Verduras - Transferencia,2024
1368,16/5/2024,57,Centro,11,6,1,Efectivo,Completa,Salchicha,$11.23,Carnicería,$67.38,mayo,5,jueves-05,Carnicería - Efectivo,2024
1665,16/5/2024,191,Centro,26,3,1,Efectivo,Completa,Hamburgesas congeladas,$9.54,Congelados,$28.62,mayo,5,jueves-05,Congelados - Efectivo,2024
1870,16/5/2024,307,Cuyo,29,3,1,Efectivo,Completa,Cerveza,$11.54,Bebidas,$34.62,mayo,5,jueves-05,Bebidas - Efectivo,2024
2221,16/5/2024,63,Buenos Aires,20,6,1,Efectivo,Completa,Lechugas,$4.25,Frutas y Verduras,$25.50,mayo,5,jueves-05,Frutas y Verduras - Efectivo,2024
2339,16/5/2024,6,Buenos Aires,21,6,5,Transferencia,Completa,Zanahorias,$3.25,Frutas y Verduras,$19.50,mayo,5,jueves-05,Frutas y Verduras - Transferencia,2024
2921,16/5/2024,262,Buenos Aires,2,1,1,Efectivo,Pendiente,Yogur,$5.21,Lácteos,$5.21,mayo,5,jueves-05,Lácteos - Efectivo,2024
1269,17/5/2024,106,NEA,7,4,5,Transferencia,Completa,Chorizo,$11.25,Carnicería,$45.00,mayo,5,viernes-05,Carnicería - Transferencia,2024
1294,17/5/2024,325,NEA,28,1,4,Mercado Pago,Completa,Jugos de frutas,$9.45,Bebidas,$9.45,mayo,5,viernes-05,Bebidas - Mercado Pago,2024
1415,17/5/2024,119,Patagonia,8,5,4,Mercado Pago,Completa,Milanesa,$16.21,Carnicería,$81.05,mayo,5,viernes-05,Carnicería - Mercado Pago,2024
1569,17/5/2024,194,Buenos Aires,33,5,3,Tarjeta de Débito,Completa,Papas chips,$8.54,Galletitas y Snacks,$42.70,mayo,5,viernes-05,Galletitas y Snacks - Tarjeta de Débito,2024
1804,17/5/2024,184,Buenos Aires,4,2,1,Efectivo,Completa,Queso rallado,$19.23,Lácteos,$38.46,mayo,5,viernes-05,Lácteos - Efectivo,2024
2451,17/5/2024,311,Buenos Aires,12,1,3,Tarjeta de Débito,Completa,Pan francés,$8.12,Panadería,$8.12,mayo,5,viernes-05,Panadería - Tarjeta de Débito,2024
2674,17/5/2024,165,Buenos Aires,20,2,3,Tarjeta de Débito,Completa,Lechugas,$4.25,Frutas y Verduras,$8.50,mayo,5,viernes-05,Frutas y Verduras - Tarjeta de Débito,2024
2882,17/5/2024,23,Patagonia,25,2,5,Transferencia,Completa,Pizza congelada,$15.45,Congelados,$30.90,mayo,5,viernes-05,Congelados - Transferencia,2024
808,18/5/2024,273,Cuyo,28,6,1,Efectivo,Pendiente,Jugos de frutas,$9.45,Bebidas,$56.70,mayo,5,sábado-05,Bebidas - Efectivo,2024
989,18/5/2024,115,Cuyo,6,4,3,Tarjeta de Débito,Pendiente,Asado,$28.56,Carnicería,$114.24,mayo,5,sábado-05,Carnicería - Tarjeta de Débito,2024
1431,18/5/2024,43,Patagonia,29,3,5,Transferencia,Completa,Cerveza,$11.54,Bebidas,$34.62,mayo,5,sábado-05,Bebidas - Transferencia,2024
1703,18/5/2024,150,Buenos Aires,37,3,4,Mercado Pago,Completa,Garbanzos,$3.65,Conservas,$10.95,mayo,5,sábado-05,Conservas - Mercado Pago,2024
1905,18/5/2024,275,Buenos Aires,16,1,1,Efectivo,Completa,Tortas,$15.23,Panadería,$15.23,mayo,5,sábado-05,Panadería - Efectivo,2024
58,19/5/2024,157,Patagonia,5,6,1,Efectivo,Pendiente,Manteca,$5.65,Lácteos,$33.90,mayo,5,domingo-05,Lácteos - Efectivo,2024
263,19/5/2024,130,Buenos Aires,2,1,3,Tarjeta de Débito,Completa,Yogur,$5.21,Lácteos,$5.21,mayo,5,domingo-05,Lácteos - Tarjeta de Débito,2024
542,19/5/2024,64,NEA,15,1,3,Tarjeta de Débito,Completa,Medialunas,$3.51,Panadería,$3.51,mayo,5,domingo-05,Panadería - Tarjeta de Débito,2024
1239,19/5/2024,254,Patagonia,34,1,1,Efectivo,Completa,Maníes,$5.45,Galletitas y Snacks,$5.45,mayo,5,domingo-05,Galletitas y Snacks - Efectivo,2024
1328,19/5/2024,91,Buenos Aires,29,2,4,Mercado Pago,Completa,Cerveza,$11.54,Bebidas,$23.08,mayo,5,domingo-05,Bebidas - Mercado Pago,2024
1838,19/5/2024,299,Cuyo,26,5,4,Mercado Pago,Completa,Hamburgesas congeladas,$9.54,Congelados,$47.70,mayo,5,domingo-05,Congelados - Mercado Pago,2024
1974,19/5/2024,99,Buenos Aires,17,1,4,Mercado Pago,Completa,Manzanas,$6.54,Frutas y Verduras,$6.54,mayo,5,domingo-05,Frutas y Verduras - Mercado Pago,2024
2232,19/5/2024,64,NEA,20,1,1,Efectivo,Completa,Lechugas,$4.25,Frutas y Verduras,$4.25,mayo,5,domingo-05,Frutas y Verduras - Efectivo,2024
180,20/5/2024,58,Buenos Aires,25,3,3,Tarjeta de Débito,Pendiente,Pizza congelada,$15.45,Congelados,$46.35,mayo,5,lunes-05,Congelados - Tarjeta de Débito,2024
227,20/5/2024,271,Patagonia,7,6,2,Tarjeta de Crédito,Completa,Chorizo,$11.25,Carnicería,$67.50,mayo,5,lunes-05,Carnicería - Tarjeta de Crédito,2024
461,20/5/2024,185,Centro,16,1,5,Transferencia,Completa,Tortas,$15.23,Panadería,$15.23,mayo,5,lunes-05,Panadería - Transferencia,2024
824,20/5/2024,292,Patagonia,38,1,1,Efectivo,Pendiente,Atún enlatado,$6.21,Conservas,$6.21,mayo,5,lunes-05,Conservas - Efectivo,2024
1587,20/5/2024,153,Cuyo,31,1,4,Mercado Pago,Completa,Galletitas de agua,$5.24,Galletitas y Snacks,$5.24,mayo,5,lunes-05,Galletitas y Snacks - Mercado Pago,2024
1727,20/5/2024,128,Buenos Aires,14,6,3,Tarjeta de Débito,Completa,Facturas,$12.36,Panadería,$74.16,mayo,5,lunes-05,Panadería - Tarjeta de Débito,2024
1823,20/5/2024,189,Patagonia,4,1,4,Mercado Pago,Completa,Queso rallado,$19.23,Lácteos,$19.23,mayo,5,lunes-05,Lácteos - Mercado Pago,2024
1831,20/5/2024,306,Cuyo,10,4,2,Tarjeta de Crédito,Completa,Costilla de cerdo,$14.25,Carnicería,$57.00,mayo,5,lunes-05,Carnicería - Tarjeta de Crédito,2024
1919,20/5/2024,67,NEA,36,3,4,Mercado Pago,Pendiente,Lentejas,$3.25,Conservas,$9.75,mayo,5,lunes-05,Conservas - Mercado Pago,2024
2196,20/5/2024,175,Buenos Aires,23,2,4,Mercado Pago,Completa,Papas fritas,$8.23,Congelados,$16.46,mayo,5,lunes-05,Congelados - Mercado Pago,2024
2928,20/5/2024,159,NEA,15,1,1,Efectivo,Completa,Medialunas,$3.51,Panadería,$3.51,mayo,5,lunes-05,Panadería - Efectivo,2024
380,21/5/2024,24,Cuyo,5,5,4,Mercado Pago,Pendiente,Manteca,$5.65,Lácteos,$28.25,mayo,5,martes-05,Lácteos - Mercado Pago,2024
652,21/5/2024,316,Centro,23,1,4,Mercado Pago,Completa,Papas fritas,$8.23,Congelados,$8.23,mayo,5,martes-05,Congelados - Mercado Pago,2024
723,21/5/2024,101,Buenos Aires,10,3,3,Tarjeta de Débito,Pendiente,Costilla de cerdo,$14.25,Carnicería,$42.75,mayo,5,martes-05,Carnicería - Tarjeta de Débito,2024
1248,21/5/2024,86,Patagonia,2,3,1,Efectivo,Pendiente,Yogur,$5.21,Lácteos,$15.63,mayo,5,martes-05,Lácteos - Efectivo,2024
1398,21/5/2024,202,NEA,24,3,4,Mercado Pago,Completa,Empanadas,$13.54,Congelados,$40.62,mayo,5,martes-05,Congelados - Mercado Pago,2024
1448,21/5/2024,289,Cuyo,26,5,5,Transferencia,Completa,Hamburgesas congeladas,$9.54,Congelados,$47.70,mayo,5,martes-05,Congelados - Transferencia,2024
1888,21/5/2024,281,Buenos Aires,32,5,3,Tarjeta de Débito,Completa,Galletitas de chocolate,$6.25,Galletitas y Snacks,$31.25,mayo,5,martes-05,Galletitas y Snacks - Tarjeta de Débito,2024
2712,21/5/2024,303,Centro,30,5,1,Efectivo,Completa,Vino tinto,$13.54,Bebidas,$67.70,mayo,5,martes-05,Bebidas - Efectivo,2024
141,22/5/2024,115,Cuyo,5,3,5,Transferencia,Pendiente,Manteca,$5.65,Lácteos,$16.95,mayo,5,miércoles-05,Lácteos - Transferencia,2024
329,22/5/2024,234,Buenos Aires,13,2,5,Transferencia,Completa,Pan integral,$12.56,Panadería,$25.12,mayo,5,miércoles-05,Panadería - Transferencia,2024
706,22/5/2024,287,NEA,1,1,4,Mercado Pago,Completa,Leche,$12.24,Lácteos,$12.24,mayo,5,miércoles-05,Lácteos - Mercado Pago,2024
1081,22/5/2024,249,Buenos Aires,21,3,4,Mercado Pago,Completa,Zanahorias,$3.25,Frutas y Verduras,$9.75,mayo,5,miércoles-05,Frutas y Verduras - Mercado Pago,2024
1794,22/5/2024,144,NEA,5,6,5,Transferencia,Pendiente,Manteca,$5.65,Lácteos,$33.90,mayo,5,miércoles-05,Lácteos - Transferencia,2024
2018,22/5/2024,69,Cuyo,27,6,1,Efectivo,Completa,Agua mineral,$6.21,Bebidas,$37.26,mayo,5,miércoles-05,Bebidas - Efectivo,2024
51,23/5/2024,189,Patagonia,18,2,4,Mercado Pago,Completa,Bananas,$7.25,Frutas y Verduras,$14.50,mayo,5,jueves-05,Frutas y Verduras - Mercado Pago,2024
133,23/5/2024,220,Centro,22,4,4,Mercado Pago,Completa,Cebolla,$4.21,Frutas y Verduras,$16.84,mayo,5,jueves-05,Frutas y Verduras - Mercado Pago,2024
286,23/5/2024,317,NEA,12,4,4,Mercado Pago,Completa,Pan francés,$8.12,Panadería,$32.48,mayo,5,jueves-05,Panadería - Mercado Pago,2024
393,23/5/2024,195,Centro,30,4,4,Mercado Pago,Completa,Vino tinto,$13.54,Bebidas,$54.16,mayo,5,jueves-05,Bebidas - Mercado Pago,2024
951,23/5/2024,152,NOA,14,1,5,Transferencia,Completa,Facturas,$12.36,Panadería,$12.36,mayo,5,jueves-05,Panadería - Transferencia,2024
1291,23/5/2024,32,Cuyo,29,1,3,Tarjeta de Débito,Completa,Cerveza,$11.54,Bebidas,$11.54,mayo,5,jueves-05,Bebidas - Tarjeta de Débito,2024
1602,23/5/2024,123,Patagonia,31,2,1,Efectivo,Completa,Galletitas de agua,$5.24,Galletitas y Snacks,$10.48,mayo,5,jueves-05,Galletitas y Snacks - Efectivo,2024
1690,23/5/2024,94,Centro,24,3,5,Transferencia,Completa,Empanadas,$13.54,Congelados,$40.62,mayo,5,jueves-05,Congelados - Transferencia,2024
1906,23/5/2024,158,Buenos Aires,21,3,5,Transferencia,Completa,Zanahorias,$3.25,Frutas y Verduras,$9.75,mayo,5,jueves-05,Frutas y Verduras - Transferencia,2024
1917,23/5/2024,168,Centro,29,4,1,Efectivo,Completa,Cerveza,$11.54,Bebidas,$46.16,mayo,5,jueves-05,Bebidas - Efectivo,2024
2443,23/5/2024,74,Patagonia,13,6,4,Mercado Pago,Completa,Pan integral,$12.56,Panadería,$75.36,mayo,5,jueves-05,Panadería - Mercado Pago,2024
2841,23/5/2024,303,Centro,15,6,5,Transferencia,Completa,Medialunas,$3.51,Panadería,$21.06,mayo,5,jueves-05,Panadería - Transferencia,2024
128,24/5/2024,214,Patagonia,2,4,5,Transferencia,Completa,Yogur,$5.21,Lácteos,$20.84,mayo,5,viernes-05,Lácteos - Transferencia,2024
281,24/5/2024,2,Patagonia,5,5,4,Mercado Pago,Pendiente,Manteca,$5.65,Lácteos,$28.25,mayo,5,viernes-05,Lácteos - Mercado Pago,2024
397,24/5/2024,231,Patagonia,8,6,5,Transferencia,Completa,Milanesa,$16.21,Carnicería,$97.26,mayo,5,viernes-05,Carnicería - Transferencia,2024
612,24/5/2024,307,Cuyo,28,4,5,Transferencia,Completa,Jugos de frutas,$9.45,Bebidas,$37.80,mayo,5,viernes-05,Bebidas - Transferencia,2024
935,24/5/2024,93,Buenos Aires,9,4,1,Efectivo,Completa,Pollo,$18.56,Carnicería,$74.24,mayo,5,viernes-05,Carnicería - Efectivo,2024
1350,24/5/2024,248,Centro,26,5,3,Tarjeta de Débito,Completa,Hamburgesas congeladas,$9.54,Congelados,$47.70,mayo,5,viernes-05,Congelados - Tarjeta de Débito,2024
1437,24/5/2024,197,Cuyo,19,3,4,Mercado Pago,Completa,Tomates,$6.54,Frutas y Verduras,$19.62,mayo,5,viernes-05,Frutas y Verduras - Mercado Pago,2024
1513,24/5/2024,119,Patagonia,36,3,4,Mercado Pago,Pendiente,Lentejas,$3.25,Conservas,$9.75,mayo,5,viernes-05,Conservas - Mercado Pago,2024
2384,24/5/2024,238,Buenos Aires,16,5,1,Efectivo,Completa,Tortas,$15.23,Panadería,$76.15,mayo,5,viernes-05,Panadería - Efectivo,2024
2448,24/5/2024,242,NEA,37,5,1,Efectivo,Pendiente,Garbanzos,$3.65,Conservas,$18.25,mayo,5,viernes-05,Conservas - Efectivo,2024
30,25/5/2024,46,Centro,30,1,5,Transferencia,Completa,Vino tinto,$13.54,Bebidas,$13.54,mayo,5,sábado-05,Bebidas - Transferencia,2024
573,25/5/2024,264,Buenos Aires,10,6,5,Transferencia,Pendiente,Costilla de cerdo,$14.25,Carnicería,$85.50,mayo,5,sábado-05,Carnicería - Transferencia,2024
956,25/5/2024,139,Buenos Aires,14,2,5,Transferencia,Pendiente,Facturas,$12.36,Panadería,$24.72,mayo,5,sábado-05,Panadería - Transferencia,2024
1141,25/5/2024,56,Centro,22,5,4,Mercado Pago,Pendiente,Cebolla,$4.21,Frutas y Verduras,$21.05,mayo,5,sábado-05,Frutas y Verduras - Mercado Pago,2024
1615,25/5/2024,264,Buenos Aires,25,4,1,Efectivo,Completa,Pizza congelada,$15.45,Congelados,$61.80,mayo,5,sábado-05,Congelados - Efectivo,2024
2717,25/5/2024,16,Buenos Aires,7,6,4,Mercado Pago,Completa,Chorizo,$11.25,Carnicería,$67.50,mayo,5,sábado-05,Carnicería - Mercado Pago,2024
2803,25/5/2024,283,Buenos Aires,11,6,5,Transferencia,Pendiente,Salchicha,$11.23,Carnicería,$67.38,mayo,5,sábado-05,Carnicería - Transferencia,2024
2918,25/5/2024,311,Buenos Aires,34,6,3,Tarjeta de Débito,Completa,Maníes,$5.45,Galletitas y Snacks,$32.70,mayo,5,sábado-05,Galletitas y Snacks - Tarjeta de Débito,2024
190,26/5/2024,21,Buenos Aires,23,1,5,Transferencia,Completa,Papas fritas,$8.23,Congelados,$8.23,mayo,5,domingo-05,Congelados - Transferencia,2024
932,26/5/2024,213,Centro,4,6,1,Efectivo,Completa,Queso rallado,$19.23,Lácteos,$115.38,mayo,5,domingo-05,Lácteos - Efectivo,2024
1030,26/5/2024,44,Buenos Aires,32,4,4,Mercado Pago,Completa,Galletitas de chocolate,$6.25,Galletitas y Snacks,$25.00,mayo,5,domingo-05,Galletitas y Snacks - Mercado Pago,2024
1232,26/5/2024,241,Buenos Aires,5,3,3,Tarjeta de Débito,Cancelada,Manteca,$5.65,Lácteos,$16.95,mayo,5,domingo-05,Lácteos - Tarjeta de Débito,2024
1349,26/5/2024,264,Buenos Aires,22,1,5,Transferencia,Completa,Cebolla,$4.21,Frutas y Verduras,$4.21,mayo,5,domingo-05,Frutas y Verduras - Transferencia,2024
1581,26/5/2024,210,Centro,5,6,4,Mercado Pago,Pendiente,Manteca,$5.65,Lácteos,$33.90,mayo,5,domingo-05,Lácteos - Mercado Pago,2024
2086,26/5/2024,68,Patagonia,5,3,4,Mercado Pago,Completa,Manteca,$5.65,Lácteos,$16.95,mayo,5,domingo-05,Lácteos - Mercado Pago,2024
2441,26/5/2024,205,Patagonia,23,5,4,Mercado Pago,Pendiente,Papas fritas,$8.23,Congelados,$41.15,mayo,5,domingo-05,Congelados - Mercado Pago,2024
2991,26/5/2024,266,Buenos Aires,38,2,3,Tarjeta de Débito,Completa,Atún enlatado,$6.21,Conservas,$12.42,mayo,5,domingo-05,Conservas - Tarjeta de Débito,2024
70,27/5/2024,138,Buenos Aires,33,4,3,Tarjeta de Débito,Pendiente,Papas chips,$8.54,Galletitas y Snacks,$34.16,mayo,5,lunes-05,Galletitas y Snacks - Tarjeta de Débito,2024
485,27/5/2024,136,Patagonia,20,1,4,Mercado Pago,Completa,Lechugas,$4.25,Frutas y Verduras,$4.25,mayo,5,lunes-05,Frutas y Verduras - Mercado Pago,2024
881,27/5/2024,39,Patagonia,16,1,4,Mercado Pago,Completa,Tortas,$15.23,Panadería,$15.23,mayo,5,lunes-05,Panadería - Mercado Pago,2024
1441,27/5/2024,145,Buenos Aires,19,2,1,Efectivo,Completa,Tomates,$6.54,Frutas y Verduras,$13.08,mayo,5,lunes-05,Frutas y Verduras - Efectivo,2024
1481,27/5/2024,148,Centro,35,3,3,Tarjeta de Débito,Pendiente,Arroz,$4.25,Conservas,$12.75,mayo,5,lunes-05,Conservas - Tarjeta de Débito,2024
1661,27/5/2024,146,Cuyo,8,3,1,Efectivo,Completa,Milanesa,$16.21,Carnicería,$48.63,mayo,5,lunes-05,Carnicería - Efectivo,2024
1752,27/5/2024,220,Centro,31,2,1,Efectivo,Completa,Galletitas de agua,$5.24,Galletitas y Snacks,$10.48,mayo,5,lunes-05,Galletitas y Snacks - Efectivo,2024
2093,27/5/2024,90,Buenos Aires,2,1,4,Mercado Pago,Completa,Yogur,$5.21,Lácteos,$5.21,mayo,5,lunes-05,Lácteos - Mercado Pago,2024
2123,27/5/2024,235,NEA,17,3,5,Transferencia,Completa,Manzanas,$6.54,Frutas y Verduras,$19.62,mayo,5,lunes-05,Frutas y Verduras - Transferencia,2024
2599,27/5/2024,176,NEA,30,2,4,Mercado Pago,Completa,Vino tinto,$13.54,Bebidas,$27.08,mayo,5,lunes-05,Bebidas - Mercado Pago,2024
2940,27/5/2024,56,Centro,9,3,5,Transferencia,Pendiente,Pollo,$18.56,Carnicería,$55.68,mayo,5,lunes-05,Carnicería - Transferencia,2024
895,28/5/2024,194,Buenos Aires,12,4,4,Mercado Pago,Completa,Pan francés,$8.12,Panadería,$32.48,mayo,5,martes-05,Panadería - Mercado Pago,2024
1066,28/5/2024,182,Centro,29,5,1,Efectivo,Completa,Cerveza,$11.54,Bebidas,$57.70,mayo,5,martes-05,Bebidas - Efectivo,2024
1421,28/5/2024,89,Patagonia,17,3,3,Tarjeta de Débito,Pendiente,Manzanas,$6.54,Frutas y Verduras,$19.62,mayo,5,martes-05,Frutas y Verduras - Tarjeta de Débito,2024
1576,28/5/2024,127,Buenos Aires,25,5,1,Efectivo,Completa,Pizza congelada,$15.45,Congelados,$77.25,mayo,5,martes-05,Congelados - Efectivo,2024
1709,28/5/2024,319,Patagonia,3,2,4,Mercado Pago,Pendiente,Queso cremoso,$17.23,Lácteos,$34.46,mayo,5,martes-05,Lácteos - Mercado Pago,2024
2098,28/5/2024,108,Patagonia,35,4,4,Mercado Pago,Completa,Arroz,$4.25,Conservas,$17.00,mayo,5,martes-05,Conservas - Mercado Pago,2024
2880,28/5/2024,248,Centro,38,1,3,Tarjeta de Débito,Completa,Atún enlatado,$6.21,Conservas,$6.21,mayo,5,martes-05,Conservas - Tarjeta de Débito,2024
554,29/5/2024,132,Buenos Aires,30,5,4,Mercado Pago,Completa,Vino tinto,$13.54,Bebidas,$67.70,mayo,5,miércoles-05,Bebidas - Mercado Pago,2024
642,29/5/2024,240,Buenos Aires,26,5,2,Tarjeta de Crédito,Completa,Hamburgesas congeladas,$9.54,Congelados,$47.70,mayo,5,miércoles-05,Congelados - Tarjeta de Crédito,2024
717,29/5/2024,304,Cuyo,38,5,4,Mercado Pago,Completa,Atún enlatado,$6.21,Conservas,$31.05,mayo,5,miércoles-05,Conservas - Mercado Pago,2024
1837,29/5/2024,26,Centro,17,3,1,Efectivo,Completa,Manzanas,$6.54,Frutas y Verduras,$19.62,mayo,5,miércoles-05,Frutas y Verduras - Efectivo,2024
1844,29/5/2024,127,Buenos Aires,28,2,5,Transferencia,Completa,Jugos de frutas,$9.45,Bebidas,$18.90,mayo,5,miércoles-05,Bebidas - Transferencia,2024
2475,29/5/2024,7,Cuyo,26,6,1,Efectivo,Completa,Hamburgesas congeladas,$9.54,Congelados,$57.24,mayo,5,miércoles-05,Congelados - Efectivo,2024
2761,29/5/2024,87,Patagonia,26,2,3,Tarjeta de Débito,Completa,Hamburgesas congeladas,$9.54,Congelados,$19.08,mayo,5,miércoles-05,Congelados - Tarjeta de Débito,2024
2831,29/5/2024,180,Buenos Aires,15,5,4,Mercado Pago,Pendiente,Medialunas,$3.51,Panadería,$17.55,mayo,5,miércoles-05,Panadería - Mercado Pago,2024
6,30/5/2024,70,Centro,27,5,4,Mercado Pago,Pendiente,Agua mineral,$6.21,Bebidas,$31.05,mayo,5,jueves-05,Bebidas - Mercado Pago,2024
185,30/5/2024,97,Buenos Aires,28,5,4,Mercado Pago,Completa,Jugos de frutas,$9.45,Bebidas,$47.25,mayo,5,jueves-05,Bebidas - Mercado Pago,2024
197,30/5/2024,211,Centro,26,1,4,Mercado Pago,Completa,Hamburgesas congeladas,$9.54,Congelados,$9.54,mayo,5,jueves-05,Congelados - Mercado Pago,2024
818,30/5/2024,159,NEA,10,2,1,Efectivo,Completa,Costilla de cerdo,$14.25,Carnicería,$28.50,mayo,5,jueves-05,Carnicería - Efectivo,2024
1598,30/5/2024,243,Buenos Aires,32,6,4,Mercado Pago,Completa,Galletitas de chocolate,$6.25,Galletitas y Snacks,$37.50,mayo,5,jueves-05,Galletitas y Snacks - Mercado Pago,2024
1822,30/5/2024,311,Buenos Aires,27,4,4,Mercado Pago,Completa,Agua mineral,$6.21,Bebidas,$24.84,mayo,5,jueves-05,Bebidas - Mercado Pago,2024
1962,30/5/2024,82,Buenos Aires,5,2,4,Mercado Pago,Completa,Manteca,$5.65,Lácteos,$11.30,mayo,5,jueves-05,Lácteos - Mercado Pago,2024
2024,30/5/2024,282,Centro,8,4,5,Transferencia,Completa,Milanesa,$16.21,Carnicería,$64.84,mayo,5,jueves-05,Carnicería - Transferencia,2024
2418,30/5/2024,308,Centro,27,4,3,Tarjeta de Débito,Completa,Agua mineral,$6.21,Bebidas,$24.84,mayo,5,jueves-05,Bebidas - Tarjeta de Débito,2024
187,31/5/2024,118,Centro,8,5,2,Tarjeta de Crédito,Completa,Milanesa,$16.21,Carnicería,$81.05,mayo,5,viernes-05,Carnicería - Tarjeta de Crédito,2024
650,31/5/2024,242,NEA,9,3,1,Efectivo,Pendiente,Pollo,$18.56,Carnicería,$55.68,mayo,5,viernes-05,Carnicería - Efectivo,2024
867,31/5/2024,77,Buenos Aires,12,2,1,Efectivo,Completa,Pan francés,$8.12,Panadería,$16.24,mayo,5,viernes-05,Panadería - Efectivo,2024
1205,31/5/2024,285,Patagonia,27,3,4,Mercado Pago,Completa,Agua mineral,$6.21,Bebidas,$18.63,mayo,5,viernes-05,Bebidas - Mercado Pago,2024
1401,31/5/2024,313,Cuyo,32,4,4,Mercado Pago,Pendiente,Galletitas de chocolate,$6.25,Galletitas y Snacks,$25.00,mayo,5,viernes-05,Galletitas y Snacks - Mercado Pago,2024
1427,31/5/2024,234,Buenos Aires,24,5,5,Transferencia,Completa,Empanadas,$13.54,Congelados,$67.70,mayo,5,viernes-05,Congelados - Transferencia,2024
1755,31/5/2024,198,NOA,16,4,3,Tarjeta de Débito,Completa,Tortas,$15.23,Panadería,$60.92,mayo,5,viernes-05,Panadería - Tarjeta de Débito,2024
1985,31/5/2024,84,Buenos Aires,34,5,1,Efectivo,Completa,Maníes,$5.45,Galletitas y Snacks,$27.25,mayo,5,viernes-05,Galletitas y Snacks - Efectivo,2024
2315,31/5/2024,312,Cuyo,3,3,5,Transferencia,Completa,Queso cremoso,$17.23,Lácteos,$51.69,mayo,5,viernes-05,Lácteos - Transferencia,2024
2821,31/5/2024,66,Buenos Aires,22,1,3,Tarjeta de Débito,Completa,Cebolla,$4.21,Frutas y Verduras,$4.21,mayo,5,viernes-05,Frutas y Verduras - Tarjeta de Débito,2024
2,1/6/2024,37,Cuyo,15,3,1,Efectivo,Completa,Medialunas,$3.51,Panadería,$10.53,junio,6,sábado-06,Panadería - Efectivo,2024
163,1/6/2024,165,Buenos Aires,11,6,2,Tarjeta de Crédito,Pendiente,Salchicha,$11.23,Carnicería,$67.38,junio,6,sábado-06,Carnicería - Tarjeta de Crédito,2024
383,1/6/2024,75,NEA,25,3,2,Tarjeta de Crédito,Completa,Pizza congelada,$15.45,Congelados,$46.35,junio,6,sábado-06,Congelados - Tarjeta de Crédito,2024
636,1/6/2024,185,Centro,31,6,1,Efectivo,Pendiente,Galletitas de agua,$5.24,Galletitas y Snacks,$31.44,junio,6,sábado-06,Galletitas y Snacks - Efectivo,2024
699,1/6/2024,252,Patagonia,15,6,4,Mercado Pago,Completa,Medialunas,$3.51,Panadería,$21.06,junio,6,sábado-06,Panadería - Mercado Pago,2024
711,1/6/2024,149,Cuyo,35,4,1,Efectivo,Completa,Arroz,$4.25,Conservas,$17.00,junio,6,sábado-06,Conservas - Efectivo,2024
944,1/6/2024,51,Cuyo,27,1,5,Transferencia,Completa,Agua mineral,$6.21,Bebidas,$6.21,junio,6,sábado-06,Bebidas - Transferencia,2024
1054,1/6/2024,300,NEA,31,5,4,Mercado Pago,Completa,Galletitas de agua,$5.24,Galletitas y Snacks,$26.20,junio,6,sábado-06,Galletitas y Snacks - Mercado Pago,2024
1502,1/6/2024,165,Buenos Aires,29,1,5,Transferencia,Completa,Cerveza,$11.54,Bebidas,$11.54,junio,6,sábado-06,Bebidas - Transferencia,2024
1562,1/6/2024,213,Centro,31,5,5,Transferencia,Pendiente,Galletitas de agua,$5.24,Galletitas y Snacks,$26.20,junio,6,sábado-06,Galletitas y Snacks - Transferencia,2024
1751,1/6/2024,211,Centro,36,6,3,Tarjeta de Débito,Completa,Lentejas,$3.25,Conservas,$19.50,junio,6,sábado-06,Conservas - Tarjeta de Débito,2024
2249,1/6/2024,124,NEA,29,2,4,Mercado Pago,Completa,Cerveza,$11.54,Bebidas,$23.08,junio,6,sábado-06,Bebidas - Mercado Pago,2024
2579,1/6/2024,66,Buenos Aires,27,5,5,Transferencia,Pendiente,Agua mineral,$6.21,Bebidas,$31.05,junio,6,sábado-06,Bebidas - Transferencia,2024
2909,1/6/2024,277,Patagonia,24,3,3,Tarjeta de Débito,Completa,Empanadas,$13.54,Congelados,$40.62,junio,6,sábado-06,Congelados - Tarjeta de Débito,2024
2979,1/6/2024,5,Centro,9,4,2,Tarjeta de Crédito,Pendiente,Pollo,$18.56,Carnicería,$74.24,junio,6,sábado-06,Carnicería - Tarjeta de Crédito,2024
45,2/6/2024,11,Buenos Aires,30,3,5,Transferencia,Completa,Vino tinto,$13.54,Bebidas,$40.62,junio,6,domingo-06,Bebidas - Transferencia,2024
177,2/6/2024,316,Centro,21,5,4,Mercado Pago,Completa,Zanahorias,$3.25,Frutas y Verduras,$16.25,junio,6,domingo-06,Frutas y Verduras - Mercado Pago,2024
425,2/6/2024,138,Buenos Aires,5,5,4,Mercado Pago,Completa,Manteca,$5.65,Lácteos,$28.25,junio,6,domingo-06,Lácteos - Mercado Pago,2024
516,2/6/2024,83,Buenos Aires,17,2,1,Efectivo,Pendiente,Manzanas,$6.54,Frutas y Verduras,$13.08,junio,6,domingo-06,Frutas y Verduras - Efectivo,2024
765,2/6/2024,229,Cuyo,25,4,4,Mercado Pago,Completa,Pizza congelada,$15.45,Congelados,$61.80,junio,6,domingo-06,Congelados - Mercado Pago,2024
922,2/6/2024,210,Centro,24,5,5,Transferencia,Completa,Empanadas,$13.54,Congelados,$67.70,junio,6,domingo-06,Congelados - Transferencia,2024
991,2/6/2024,104,Buenos Aires,4,2,2,Tarjeta de Crédito,Completa,Queso rallado,$19.23,Lácteos,$38.46,junio,6,domingo-06,Lácteos - Tarjeta de Crédito,2024
1187,2/6/2024,154,Patagonia,5,5,3,Tarjeta de Débito,Completa,Manteca,$5.65,Lácteos,$28.25,junio,6,domingo-06,Lácteos - Tarjeta de Débito,2024
1244,2/6/2024,200,Centro,6,3,2,Tarjeta de Crédito,Completa,Asado,$28.56,Carnicería,$85.68,junio,6,domingo-06,Carnicería - Tarjeta de Crédito,2024
1518,2/6/2024,33,NEA,38,6,1,Efectivo,Completa,Atún enlatado,$6.21,Conservas,$37.26,junio,6,domingo-06,Conservas - Efectivo,2024
1590,2/6/2024,265,Centro,8,3,5,Transferencia,Pendiente,Milanesa,$16.21,Carnicería,$48.63,junio,6,domingo-06,Carnicería - Transferencia,2024
2181,2/6/2024,136,Patagonia,1,6,2,Tarjeta de Crédito,Completa,Leche,$12.24,Lácteos,$73.44,junio,6,domingo-06,Lácteos - Tarjeta de Crédito,2024
2308,2/6/2024,31,Centro,23,2,1,Efectivo,Completa,Papas fritas,$8.23,Congelados,$16.46,junio,6,domingo-06,Congelados - Efectivo,2024
2498,2/6/2024,144,NEA,28,3,1,Efectivo,Completa,Jugos de frutas,$9.45,Bebidas,$28.35,junio,6,domingo-06,Bebidas - Efectivo,2024
2505,2/6/2024,235,NEA,30,4,4,Mercado Pago,Pendiente,Vino tinto,$13.54,Bebidas,$54.16,junio,6,domingo-06,Bebidas - Mercado Pago,2024
2566,2/6/2024,158,Buenos Aires,8,3,5,Transferencia,Completa,Milanesa,$16.21,Carnicería,$48.63,junio,6,domingo-06,Carnicería - Transferencia,2024
2824,2/6/2024,144,NEA,17,4,1,Efectivo,Completa,Manzanas,$6.54,Frutas y Verduras,$26.16,junio,6,domingo-06,Frutas y Verduras - Efectivo,2024
284,3/6/2024,176,NEA,36,5,4,Mercado Pago,Completa,Lentejas,$3.25,Conservas,$16.25,junio,6,lunes-06,Conservas - Mercado Pago,2024
1681,3/6/2024,167,Buenos Aires,2,3,3,Tarjeta de Débito,Completa,Yogur,$5.21,Lácteos,$15.63,junio,6,lunes-06,Lácteos - Tarjeta de Débito,2024
1935,3/6/2024,311,Buenos Aires,8,5,5,Transferencia,Completa,Milanesa,$16.21,Carnicería,$81.05,junio,6,lunes-06,Carnicería - Transferencia,2024
2057,3/6/2024,81,Buenos Aires,9,5,1,Efectivo,Completa,Pollo,$18.56,Carnicería,$92.80,junio,6,lunes-06,Carnicería - Efectivo,2024
2300,3/6/2024,49,Buenos Aires,27,6,4,Mercado Pago,Completa,Agua mineral,$6.21,Bebidas,$37.26,junio,6,lunes-06,Bebidas - Mercado Pago,2024
2304,3/6/2024,276,Patagonia,14,6,1,Efectivo,Completa,Facturas,$12.36,Panadería,$74.16,junio,6,lunes-06,Panadería - Efectivo,2024
2433,3/6/2024,126,Cuyo,29,2,1,Efectivo,Completa,Cerveza,$11.54,Bebidas,$23.08,junio,6,lunes-06,Bebidas - Efectivo,2024
2476,3/6/2024,69,Cuyo,21,5,1,Efectivo,Completa,Zanahorias,$3.25,Frutas y Verduras,$16.25,junio,6,lunes-06,Frutas y Verduras - Efectivo,2024
2614,3/6/2024,279,Centro,34,4,5,Transferencia,Pendiente,Maníes,$5.45,Galletitas y Snacks,$21.80,junio,6,lunes-06,Galletitas y Snacks - Transferencia,2024
2790,3/6/2024,97,Buenos Aires,34,1,5,Transferencia,Completa,Maníes,$5.45,Galletitas y Snacks,$5.45,junio,6,lunes-06,Galletitas y Snacks - Transferencia,2024
2908,3/6/2024,48,Patagonia,21,2,4,Mercado Pago,Completa,Zanahorias,$3.25,Frutas y Verduras,$6.50,junio,6,lunes-06,Frutas y Verduras - Mercado Pago,2024
466,4/6/2024,7,Cuyo,9,4,1,Efectivo,Completa,Pollo,$18.56,Carnicería,$74.24,junio,6,martes-06,Carnicería - Efectivo,2024
580,4/6/2024,195,Centro,32,1,5,Transferencia,Completa,Galletitas de chocolate,$6.25,Galletitas y Snacks,$6.25,junio,6,martes-06,Galletitas y Snacks - Transferencia,2024
833,4/6/2024,303,Centro,28,1,3,Tarjeta de Débito,Completa,Jugos de frutas,$9.45,Bebidas,$9.45,junio,6,martes-06,Bebidas - Tarjeta de Débito,2024
996,4/6/2024,242,NEA,13,5,3,Tarjeta de Débito,Completa,Pan integral,$12.56,Panadería,$62.80,junio,6,martes-06,Panadería - Tarjeta de Débito,2024
1112,4/6/2024,171,Cuyo,37,3,5,Transferencia,Completa,Garbanzos,$3.65,Conservas,$10.95,junio,6,martes-06,Conservas - Transferencia,2024
2266,4/6/2024,108,Patagonia,5,3,4,Mercado Pago,Completa,Manteca,$5.65,Lácteos,$16.95,junio,6,martes-06,Lácteos - Mercado Pago,2024
2509,4/6/2024,114,Centro,9,1,4,Mercado Pago,Completa,Pollo,$18.56,Carnicería,$18.56,junio,6,martes-06,Carnicería - Mercado Pago,2024
2601,4/6/2024,218,Centro,32,3,5,Transferencia,Completa,Galletitas de chocolate,$6.25,Galletitas y Snacks,$18.75,junio,6,martes-06,Galletitas y Snacks - Transferencia,2024
2860,4/6/2024,156,Patagonia,14,6,5,Transferencia,Completa,Facturas,$12.36,Panadería,$74.16,junio,6,martes-06,Panadería - Transferencia,2024
2959,4/6/2024,197,Cuyo,19,2,4,Mercado Pago,Completa,Tomates,$6.54,Frutas y Verduras,$13.08,junio,6,martes-06,Frutas y Verduras - Mercado Pago,2024
512,5/6/2024,106,NEA,21,6,5,Transferencia,Completa,Zanahorias,$3.25,Frutas y Verduras,$19.50,junio,6,miércoles-06,Frutas y Verduras - Transferencia,2024
626,5/6/2024,324,NEA,21,1,1,Efectivo,Completa,Zanahorias,$3.25,Frutas y Verduras,$3.25,junio,6,miércoles-06,Frutas y Verduras - Efectivo,2024
710,5/6/2024,292,Patagonia,27,6,5,Transferencia,Completa,Agua mineral,$6.21,Bebidas,$37.26,junio,6,miércoles-06,Bebidas - Transferencia,2024
985,5/6/2024,29,NEA,12,3,3,Tarjeta de Débito,Completa,Pan francés,$8.12,Panadería,$24.36,junio,6,miércoles-06,Panadería - Tarjeta de Débito,2024
1225,5/6/2024,134,Cuyo,29,5,4,Mercado Pago,Completa,Cerveza,$11.54,Bebidas,$57.70,junio,6,miércoles-06,Bebidas - Mercado Pago,2024
1243,5/6/2024,307,Cuyo,35,3,5,Transferencia,Completa,Arroz,$4.25,Conservas,$12.75,junio,6,miércoles-06,Conservas - Transferencia,2024
1281,5/6/2024,223,Buenos Aires,9,2,5,Transferencia,Completa,Pollo,$18.56,Carnicería,$37.12,junio,6,miércoles-06,Carnicería - Transferencia,2024
1563,5/6/2024,313,Cuyo,34,1,5,Transferencia,Completa,Maníes,$5.45,Galletitas y Snacks,$5.45,junio,6,miércoles-06,Galletitas y Snacks - Transferencia,2024
1857,5/6/2024,298,Buenos Aires,4,2,3,Tarjeta de Débito,Completa,Queso rallado,$19.23,Lácteos,$38.46,junio,6,miércoles-06,Lácteos - Tarjeta de Débito,2024
2151,5/6/2024,127,Buenos Aires,18,2,2,Tarjeta de Crédito,Completa,Bananas,$7.25,Frutas y Verduras,$14.50,junio,6,miércoles-06,Frutas y Verduras - Tarjeta de Crédito,2024
2153,5/6/2024,282,Centro,25,6,4,Mercado Pago,Completa,Pizza congelada,$15.45,Congelados,$92.70,junio,6,miércoles-06,Congelados - Mercado Pago,2024
2705,5/6/2024,305,Patagonia,23,5,4,Mercado Pago,Completa,Papas fritas,$8.23,Congelados,$41.15,junio,6,miércoles-06,Congelados - Mercado Pago,2024
260,6/6/2024,17,Buenos Aires,14,1,3,Tarjeta de Débito,Completa,Facturas,$12.36,Panadería,$12.36,junio,6,jueves-06,Panadería - Tarjeta de Débito,2024
300,6/6/2024,258,Centro,2,3,3,Tarjeta de Débito,Completa,Yogur,$5.21,Lácteos,$15.63,junio,6,jueves-06,Lácteos - Tarjeta de Débito,2024
623,6/6/2024,86,Patagonia,14,1,3,Tarjeta de Débito,Completa,Facturas,$12.36,Panadería,$12.36,junio,6,jueves-06,Panadería - Tarjeta de Débito,2024
739,6/6/2024,109,Cuyo,35,6,3,Tarjeta de Débito,Completa,Arroz,$4.25,Conservas,$25.50,junio,6,jueves-06,Conservas - Tarjeta de Débito,2024
1386,6/6/2024,125,Patagonia,15,2,1,Efectivo,Completa,Medialunas,$3.51,Panadería,$7.02,junio,6,jueves-06,Panadería - Efectivo,2024
1434,6/6/2024,5,Centro,5,2,3,Tarjeta de Débito,Completa,Manteca,$5.65,Lácteos,$11.30,junio,6,jueves-06,Lácteos - Tarjeta de Débito,2024
1966,6/6/2024,11,Buenos Aires,24,1,4,Mercado Pago,Completa,Empanadas,$13.54,Congelados,$13.54,junio,6,jueves-06,Congelados - Mercado Pago,2024
2002,6/6/2024,130,Buenos Aires,11,5,4,Mercado Pago,Completa,Salchicha,$11.23,Carnicería,$56.15,junio,6,jueves-06,Carnicería - Mercado Pago,2024
2060,6/6/2024,194,Buenos Aires,7,6,4,Mercado Pago,Pendiente,Chorizo,$11.25,Carnicería,$67.50,junio,6,jueves-06,Carnicería - Mercado Pago,2024
2218,6/6/2024,209,Buenos Aires,24,3,3,Tarjeta de Débito,Completa,Empanadas,$13.54,Congelados,$40.62,junio,6,jueves-06,Congelados - Tarjeta de Débito,2024
2244,6/6/2024,108,Patagonia,30,1,4,Mercado Pago,Pendiente,Vino tinto,$13.54,Bebidas,$13.54,junio,6,jueves-06,Bebidas - Mercado Pago,2024
357,7/6/2024,52,Patagonia,9,4,1,Efectivo,Completa,Pollo,$18.56,Carnicería,$74.24,junio,6,viernes-06,Carnicería - Efectivo,2024
1035,7/6/2024,249,Buenos Aires,20,1,3,Tarjeta de Débito,Completa,Lechugas,$4.25,Frutas y Verduras,$4.25,junio,6,viernes-06,Frutas y Verduras - Tarjeta de Débito,2024
1040,7/6/2024,298,Buenos Aires,18,6,4,Mercado Pago,Completa,Bananas,$7.25,Frutas y Verduras,$43.50,junio,6,viernes-06,Frutas y Verduras - Mercado Pago,2024
1165,7/6/2024,30,Buenos Aires,13,5,5,Transferencia,Pendiente,Pan integral,$12.56,Panadería,$62.80,junio,6,viernes-06,Panadería - Transferencia,2024
1182,7/6/2024,169,Centro,15,2,1,Efectivo,Completa,Medialunas,$3.51,Panadería,$7.02,junio,6,viernes-06,Panadería - Efectivo,2024
1805,7/6/2024,290,Buenos Aires,31,2,3,Tarjeta de Débito,Pendiente,Galletitas de agua,$5.24,Galletitas y Snacks,$10.48,junio,6,viernes-06,Galletitas y Snacks - Tarjeta de Débito,2024
2022,7/6/2024,211,Centro,30,3,5,Transferencia,Completa,Vino tinto,$13.54,Bebidas,$40.62,junio,6,viernes-06,Bebidas - Transferencia,2024
2082,7/6/2024,169,Centro,19,2,4,Mercado Pago,Completa,Tomates,$6.54,Frutas y Verduras,$13.08,junio,6,viernes-06,Frutas y Verduras - Mercado Pago,2024
2376,7/6/2024,168,Centro,21,4,3,Tarjeta de Débito,Completa,Zanahorias,$3.25,Frutas y Verduras,$13.00,junio,6,viernes-06,Frutas y Verduras - Tarjeta de Débito,2024
2655,7/6/2024,176,NEA,18,1,2,Tarjeta de Crédito,Completa,Bananas,$7.25,Frutas y Verduras,$7.25,junio,6,viernes-06,Frutas y Verduras - Tarjeta de Crédito,2024
2855,7/6/2024,53,Centro,7,5,5,Transferencia,Completa,Chorizo,$11.25,Carnicería,$56.25,junio,6,viernes-06,Carnicería - Transferencia,2024
22,8/6/2024,257,NEA,31,6,2,Tarjeta de Crédito,Pendiente,Galletitas de agua,$5.24,Galletitas y Snacks,$31.44,junio,6,sábado-06,Galletitas y Snacks - Tarjeta de Crédito,2024
41,8/6/2024,38,Patagonia,30,4,5,Transferencia,Completa,Vino tinto,$13.54,Bebidas,$54.16,junio,6,sábado-06,Bebidas - Transferencia,2024
302,8/6/2024,155,Cuyo,14,2,4,Mercado Pago,Completa,Facturas,$12.36,Panadería,$24.72,junio,6,sábado-06,Panadería - Mercado Pago,2024
312,8/6/2024,101,Buenos Aires,38,2,3,Tarjeta de Débito,Completa,Atún enlatado,$6.21,Conservas,$12.42,junio,6,sábado-06,Conservas - Tarjeta de Débito,2024
495,8/6/2024,153,Cuyo,35,5,1,Efectivo,Completa,Arroz,$4.25,Conservas,$21.25,junio,6,sábado-06,Conservas - Efectivo,2024
1010,8/6/2024,90,Buenos Aires,15,4,5,Transferencia,Completa,Medialunas,$3.51,Panadería,$14.04,junio,6,sábado-06,Panadería - Transferencia,2024
1343,8/6/2024,288,Buenos Aires,28,1,3,Tarjeta de Débito,Completa,Jugos de frutas,$9.45,Bebidas,$9.45,junio,6,sábado-06,Bebidas - Tarjeta de Débito,2024
1394,8/6/2024,245,NEA,20,4,4,Mercado Pago,Completa,Lechugas,$4.25,Frutas y Verduras,$17.00,junio,6,sábado-06,Frutas y Verduras - Mercado Pago,2024
1775,8/6/2024,126,Cuyo,21,1,3,Tarjeta de Débito,Completa,Zanahorias,$3.25,Frutas y Verduras,$3.25,junio,6,sábado-06,Frutas y Verduras - Tarjeta de Débito,2024
1787,8/6/2024,203,Buenos Aires,22,5,5,Transferencia,Completa,Cebolla,$4.21,Frutas y Verduras,$21.05,junio,6,sábado-06,Frutas y Verduras - Transferencia,2024
1924,8/6/2024,8,Buenos Aires,26,6,5,Transferencia,Pendiente,Hamburgesas congeladas,$9.54,Congelados,$57.24,junio,6,sábado-06,Congelados - Transferencia,2024
2009,8/6/2024,238,Buenos Aires,30,5,5,Transferencia,Completa,Vino tinto,$13.54,Bebidas,$67.70,junio,6,sábado-06,Bebidas - Transferencia,2024
370,9/6/2024,194,Buenos Aires,21,4,5,Transferencia,Completa,Zanahorias,$3.25,Frutas y Verduras,$13.00,junio,6,domingo-06,Frutas y Verduras - Transferencia,2024
1671,9/6/2024,304,Cuyo,22,6,5,Transferencia,Completa,Cebolla,$4.21,Frutas y Verduras,$25.26,junio,6,domingo-06,Frutas y Verduras - Transferencia,2024
1780,9/6/2024,40,Cuyo,23,3,4,Mercado Pago,Completa,Papas fritas,$8.23,Congelados,$24.69,junio,6,domingo-06,Congelados - Mercado Pago,2024
2017,9/6/2024,226,Patagonia,7,6,5,Transferencia,Completa,Chorizo,$11.25,Carnicería,$67.50,junio,6,domingo-06,Carnicería - Transferencia,2024
2116,9/6/2024,187,Buenos Aires,20,4,5,Transferencia,Completa,Lechugas,$4.25,Frutas y Verduras,$17.00,junio,6,domingo-06,Frutas y Verduras - Transferencia,2024
2186,9/6/2024,234,Buenos Aires,13,3,1,Efectivo,Pendiente,Pan integral,$12.56,Panadería,$37.68,junio,6,domingo-06,Panadería - Efectivo,2024
2405,9/6/2024,77,Buenos Aires,28,2,1,Efectivo,Completa,Jugos de frutas,$9.45,Bebidas,$18.90,junio,6,domingo-06,Bebidas - Efectivo,2024
2450,9/6/2024,49,Buenos Aires,3,6,5,Transferencia,Completa,Queso cremoso,$17.23,Lácteos,$103.38,junio,6,domingo-06,Lácteos - Transferencia,2024
2654,9/6/2024,224,Cuyo,14,3,2,Tarjeta de Crédito,Pendiente,Facturas,$12.36,Panadería,$37.08,junio,6,domingo-06,Panadería - Tarjeta de Crédito,2024
2648,10/6/2024,299,Cuyo,31,1,1,Efectivo,Completa,Galletitas de agua,$5.24,Galletitas y Snacks,$5.24,junio,6,lunes-06,Galletitas y Snacks - Efectivo,2024
2653,10/6/2024,255,Buenos Aires,8,1,2,Tarjeta de Crédito,Pendiente,Milanesa,$16.21,Carnicería,$16.21,junio,6,lunes-06,Carnicería - Tarjeta de Crédito,2024
2657,10/6/2024,171,Cuyo,12,1,4,Mercado Pago,Completa,Pan francés,$8.12,Panadería,$8.12,junio,6,lunes-06,Panadería - Mercado Pago,2024
683,11/6/2024,200,Centro,35,3,4,Mercado Pago,Completa,Arroz,$4.25,Conservas,$12.75,junio,6,martes-06,Conservas - Mercado Pago,2024
685,11/6/2024,201,Patagonia,20,2,3,Tarjeta de Débito,Completa,Lechugas,$4.25,Frutas y Verduras,$8.50,junio,6,martes-06,Frutas y Verduras - Tarjeta de Débito,2024
959,11/6/2024,66,Buenos Aires,26,1,1,Efectivo,Completa,Hamburgesas congeladas,$9.54,Congelados,$9.54,junio,6,martes-06,Congelados - Efectivo,2024
967,11/6/2024,55,Patagonia,29,4,5,Transferencia,Completa,Cerveza,$11.54,Bebidas,$46.16,junio,6,martes-06,Bebidas - Transferencia,2024
1375,11/6/2024,49,Buenos Aires,4,3,4,Mercado Pago,Completa,Queso rallado,$19.23,Lácteos,$57.69,junio,6,martes-06,Lácteos - Mercado Pago,2024
1757,11/6/2024,272,Buenos Aires,18,1,3,Tarjeta de Débito,Completa,Bananas,$7.25,Frutas y Verduras,$7.25,junio,6,martes-06,Frutas y Verduras - Tarjeta de Débito,2024
2437,11/6/2024,139,Buenos Aires,28,3,5,Transferencia,Completa,Jugos de frutas,$9.45,Bebidas,$28.35,junio,6,martes-06,Bebidas - Transferencia,2024
2447,11/6/2024,53,Centro,18,1,5,Transferencia,Completa,Bananas,$7.25,Frutas y Verduras,$7.25,junio,6,martes-06,Frutas y Verduras - Transferencia,2024
2484,11/6/2024,151,Buenos Aires,28,1,2,Tarjeta de Crédito,Completa,Jugos de frutas,$9.45,Bebidas,$9.45,junio,6,martes-06,Bebidas - Tarjeta de Crédito,2024
2586,11/6/2024,184,Buenos Aires,11,2,4,Mercado Pago,Completa,Salchicha,$11.23,Carnicería,$22.46,junio,6,martes-06,Carnicería - Mercado Pago,2024
2967,11/6/2024,234,Buenos Aires,17,5,4,Mercado Pago,Completa,Manzanas,$6.54,Frutas y Verduras,$32.70,junio,6,martes-06,Frutas y Verduras - Mercado Pago,2024
597,12/6/2024,250,Centro,10,6,5,Transferencia,Completa,Costilla de cerdo,$14.25,Carnicería,$85.50,junio,6,miércoles-06,Carnicería - Transferencia,2024
774,12/6/2024,148,Centro,5,4,4,Mercado Pago,Completa,Manteca,$5.65,Lácteos,$22.60,junio,6,miércoles-06,Lácteos - Mercado Pago,2024
969,12/6/2024,118,Centro,37,2,4,Mercado Pago,Pendiente,Garbanzos,$3.65,Conservas,$7.30,junio,6,miércoles-06,Conservas - Mercado Pago,2024
1135,12/6/2024,86,Patagonia,9,5,2,Tarjeta de Crédito,Completa,Pollo,$18.56,Carnicería,$92.80,junio,6,miércoles-06,Carnicería - Tarjeta de Crédito,2024
1323,12/6/2024,106,NEA,16,3,5,Transferencia,Completa,Tortas,$15.23,Panadería,$45.69,junio,6,miércoles-06,Panadería - Transferencia,2024
1425,12/6/2024,306,Cuyo,11,1,4,Mercado Pago,Completa,Salchicha,$11.23,Carnicería,$11.23,junio,6,miércoles-06,Carnicería - Mercado Pago,2024
1636,12/6/2024,152,NOA,12,5,4,Mercado Pago,Completa,Pan francés,$8.12,Panadería,$40.60,junio,6,miércoles-06,Panadería - Mercado Pago,2024
1673,12/6/2024,140,NEA,3,3,2,Tarjeta de Crédito,Completa,Queso cremoso,$17.23,Lácteos,$51.69,junio,6,miércoles-06,Lácteos - Tarjeta de Crédito,2024
1741,12/6/2024,61,Buenos Aires,20,3,1,Efectivo,Completa,Lechugas,$4.25,Frutas y Verduras,$12.75,junio,6,miércoles-06,Frutas y Verduras - Efectivo,2024
2036,12/6/2024,158,Buenos Aires,10,6,3,Tarjeta de Débito,Completa,Costilla de cerdo,$14.25,Carnicería,$85.50,junio,6,miércoles-06,Carnicería - Tarjeta de Débito,2024
2270,12/6/2024,200,Centro,22,4,5,Transferencia,Completa,Cebolla,$4.21,Frutas y Verduras,$16.84,junio,6,miércoles-06,Frutas y Verduras - Transferencia,2024
2685,12/6/2024,40,Cuyo,38,2,4,Mercado Pago,Completa,Atún enlatado,$6.21,Conservas,$12.42,junio,6,miércoles-06,Conservas - Mercado Pago,2024
2737,12/6/2024,285,Patagonia,19,5,3,Tarjeta de Débito,Completa,Tomates,$6.54,Frutas y Verduras,$32.70,junio,6,miércoles-06,Frutas y Verduras - Tarjeta de Débito,2024
2887,12/6/2024,24,Cuyo,16,6,5,Transferencia,Pendiente,Tortas,$15.23,Panadería,$91.38,junio,6,miércoles-06,Panadería - Transferencia,2024
2990,12/6/2024,297,Buenos Aires,31,3,5,Transferencia,Pendiente,Galletitas de agua,$5.24,Galletitas y Snacks,$15.72,junio,6,miércoles-06,Galletitas y Snacks - Transferencia,2024
586,13/6/2024,128,Buenos Aires,25,2,4,Mercado Pago,Completa,Pizza congelada,$15.45,Congelados,$30.90,junio,6,jueves-06,Congelados - Mercado Pago,2024
616,13/6/2024,125,Patagonia,20,1,4,Mercado Pago,Completa,Lechugas,$4.25,Frutas y Verduras,$4.25,junio,6,jueves-06,Frutas y Verduras - Mercado Pago,2024
789,13/6/2024,129,Patagonia,26,1,3,Tarjeta de Débito,Completa,Hamburgesas congeladas,$9.54,Congelados,$9.54,junio,6,jueves-06,Congelados - Tarjeta de Débito,2024
863,13/6/2024,186,Patagonia,32,3,5,Transferencia,Completa,Galletitas de chocolate,$6.25,Galletitas y Snacks,$18.75,junio,6,jueves-06,Galletitas y Snacks - Transferencia,2024
1003,13/6/2024,19,Centro,11,1,5,Transferencia,Completa,Salchicha,$11.23,Carnicería,$11.23,junio,6,jueves-06,Carnicería - Transferencia,2024
1064,13/6/2024,152,NOA,2,6,1,Efectivo,Completa,Yogur,$5.21,Lácteos,$31.26,junio,6,jueves-06,Lácteos - Efectivo,2024
1337,13/6/2024,77,Buenos Aires,4,2,3,Tarjeta de Débito,Completa,Queso rallado,$19.23,Lácteos,$38.46,junio,6,jueves-06,Lácteos - Tarjeta de Débito,2024
1593,13/6/2024,231,Patagonia,36,6,5,Transferencia,Completa,Lentejas,$3.25,Conservas,$19.50,junio,6,jueves-06,Conservas - Transferencia,2024
2074,13/6/2024,172,Buenos Aires,20,1,5,Transferencia,Completa,Lechugas,$4.25,Frutas y Verduras,$4.25,junio,6,jueves-06,Frutas y Verduras - Transferencia,2024
2691,13/6/2024,72,Centro,20,4,4,Mercado Pago,Completa,Lechugas,$4.25,Frutas y Verduras,$17.00,junio,6,jueves-06,Frutas y Verduras - Mercado Pago,2024
2894,13/6/2024,259,Cuyo,15,2,1,Efectivo,Completa,Medialunas,$3.51,Panadería,$7.02,junio,6,jueves-06,Panadería - Efectivo,2024
2975,13/6/2024,50,Buenos Aires,25,6,5,Transferencia,Completa,Pizza congelada,$15.45,Congelados,$92.70,junio,6,jueves-06,Congelados - Transferencia,2024
309,14/6/2024,148,Centro,33,3,5,Transferencia,Completa,Papas chips,$8.54,Galletitas y Snacks,$25.62,junio,6,viernes-06,Galletitas y Snacks - Transferencia,2024
603,14/6/2024,249,Buenos Aires,1,4,5,Transferencia,Pendiente,Leche,$12.24,Lácteos,$48.96,junio,6,viernes-06,Lácteos - Transferencia,2024
972,14/6/2024,181,Patagonia,35,2,4,Mercado Pago,Completa,Arroz,$4.25,Conservas,$8.50,junio,6,viernes-06,Conservas - Mercado Pago,2024
1543,14/6/2024,130,Buenos Aires,37,3,2,Tarjeta de Crédito,Completa,Garbanzos,$3.65,Conservas,$10.95,junio,6,viernes-06,Conservas - Tarjeta de Crédito,2024
2582,14/6/2024,124,NEA,32,2,1,Efectivo,Completa,Galletitas de chocolate,$6.25,Galletitas y Snacks,$12.50,junio,6,viernes-06,Galletitas y Snacks - Efectivo,2024
2700,14/6/2024,39,Patagonia,21,6,3,Tarjeta de Débito,Completa,Zanahorias,$3.25,Frutas y Verduras,$19.50,junio,6,viernes-06,Frutas y Verduras - Tarjeta de Débito,2024
2767,14/6/2024,245,NEA,29,5,5,Transferencia,Completa,Cerveza,$11.54,Bebidas,$57.70,junio,6,viernes-06,Bebidas - Transferencia,2024
2955,14/6/2024,311,Buenos Aires,20,5,1,Efectivo,Completa,Lechugas,$4.25,Frutas y Verduras,$21.25,junio,6,viernes-06,Frutas y Verduras - Efectivo,2024
96,15/6/2024,93,Buenos Aires,14,3,5,Transferencia,Completa,Facturas,$12.36,Panadería,$37.08,junio,6,sábado-06,Panadería - Transferencia,2024
243,15/6/2024,54,Buenos Aires,32,3,4,Mercado Pago,Completa,Galletitas de chocolate,$6.25,Galletitas y Snacks,$18.75,junio,6,sábado-06,Galletitas y Snacks - Mercado Pago,2024
244,15/6/2024,188,Cuyo,7,5,1,Efectivo,Completa,Chorizo,$11.25,Carnicería,$56.25,junio,6,sábado-06,Carnicería - Efectivo,2024
510,15/6/2024,250,Centro,10,3,4,Mercado Pago,Completa,Costilla de cerdo,$14.25,Carnicería,$42.75,junio,6,sábado-06,Carnicería - Mercado Pago,2024
694,15/6/2024,114,Centro,19,5,5,Transferencia,Completa,Tomates,$6.54,Frutas y Verduras,$32.70,junio,6,sábado-06,Frutas y Verduras - Transferencia,2024
1324,15/6/2024,41,Patagonia,18,5,5,Transferencia,Completa,Bananas,$7.25,Frutas y Verduras,$36.25,junio,6,sábado-06,Frutas y Verduras - Transferencia,2024
1369,15/6/2024,232,Buenos Aires,9,1,1,Efectivo,Completa,Pollo,$18.56,Carnicería,$18.56,junio,6,sábado-06,Carnicería - Efectivo,2024
1653,15/6/2024,124,NEA,6,2,5,Transferencia,Completa,Asado,$28.56,Carnicería,$57.12,junio,6,sábado-06,Carnicería - Transferencia,2024
1702,15/6/2024,289,Cuyo,6,1,5,Transferencia,Completa,Asado,$28.56,Carnicería,$28.56,junio,6,sábado-06,Carnicería - Transferencia,2024
1803,15/6/2024,100,NEA,27,5,4,Mercado Pago,Completa,Agua mineral,$6.21,Bebidas,$31.05,junio,6,sábado-06,Bebidas - Mercado Pago,2024
1902,15/6/2024,55,Patagonia,37,5,4,Mercado Pago,Completa,Garbanzos,$3.65,Conservas,$18.25,junio,6,sábado-06,Conservas - Mercado Pago,2024
2240,15/6/2024,258,Centro,33,4,3,Tarjeta de Débito,Completa,Papas chips,$8.54,Galletitas y Snacks,$34.16,junio,6,sábado-06,Galletitas y Snacks - Tarjeta de Débito,2024
2364,15/6/2024,285,Patagonia,26,2,4,Mercado Pago,Pendiente,Hamburgesas congeladas,$9.54,Congelados,$19.08,junio,6,sábado-06,Congelados - Mercado Pago,2024
2435,15/6/2024,80,NEA,35,5,4,Mercado Pago,Completa,Arroz,$4.25,Conservas,$21.25,junio,6,sábado-06,Conservas - Mercado Pago,2024
2511,15/6/2024,259,Cuyo,37,3,3,Tarjeta de Débito,Pendiente,Garbanzos,$3.65,Conservas,$10.95,junio,6,sábado-06,Conservas - Tarjeta de Débito,2024
506,16/6/2024,287,NEA,27,6,4,Mercado Pago,Completa,Agua mineral,$6.21,Bebidas,$37.26,junio,6,domingo-06,Bebidas - Mercado Pago,2024
579,16/6/2024,144,NEA,23,1,3,Tarjeta de Débito,Completa,Papas fritas,$8.23,Congelados,$8.23,junio,6,domingo-06,Congelados - Tarjeta de Débito,2024
622,16/6/2024,244,Buenos Aires,30,1,4,Mercado Pago,Completa,Vino tinto,$13.54,Bebidas,$13.54,junio,6,domingo-06,Bebidas - Mercado Pago,2024
660,16/6/2024,205,Patagonia,3,3,5,Transferencia,Completa,Queso cremoso,$17.23,Lácteos,$51.69,junio,6,domingo-06,Lácteos - Transferencia,2024
733,16/6/2024,111,Cuyo,29,3,3,Tarjeta de Débito,Completa,Cerveza,$11.54,Bebidas,$34.62,junio,6,domingo-06,Bebidas - Tarjeta de Débito,2024
836,16/6/2024,165,Buenos Aires,4,4,3,Tarjeta de Débito,Pendiente,Queso rallado,$19.23,Lácteos,$76.92,junio,6,domingo-06,Lácteos - Tarjeta de Débito,2024
1131,16/6/2024,134,Cuyo,6,1,3,Tarjeta de Débito,Pendiente,Asado,$28.56,Carnicería,$28.56,junio,6,domingo-06,Carnicería - Tarjeta de Débito,2024
1354,16/6/2024,71,Buenos Aires,38,2,1,Efectivo,Pendiente,Atún enlatado,$6.21,Conservas,$12.42,junio,6,domingo-06,Conservas - Efectivo,2024
1404,16/6/2024,57,Centro,19,3,3,Tarjeta de Débito,Completa,Tomates,$6.54,Frutas y Verduras,$19.62,junio,6,domingo-06,Frutas y Verduras - Tarjeta de Débito,2024
1423,16/6/2024,264,Buenos Aires,1,1,3,Tarjeta de Débito,Completa,Leche,$12.24,Lácteos,$12.24,junio,6,domingo-06,Lácteos - Tarjeta de Débito,2024
1551,16/6/2024,162,Patagonia,1,1,1,Efectivo,Completa,Leche,$12.24,Lácteos,$12.24,junio,6,domingo-06,Lácteos - Efectivo,2024
1643,16/6/2024,170,Centro,7,6,2,Tarjeta de Crédito,Completa,Chorizo,$11.25,Carnicería,$67.50,junio,6,domingo-06,Carnicería - Tarjeta de Crédito,2024
1688,16/6/2024,297,Buenos Aires,12,3,5,Transferencia,Completa,Pan francés,$8.12,Panadería,$24.36,junio,6,domingo-06,Panadería - Transferencia,2024
1692,16/6/2024,295,Cuyo,35,2,4,Mercado Pago,Pendiente,Arroz,$4.25,Conservas,$8.50,junio,6,domingo-06,Conservas - Mercado Pago,2024
1758,16/6/2024,38,Patagonia,26,4,3,Tarjeta de Débito,Completa,Hamburgesas congeladas,$9.54,Congelados,$38.16,junio,6,domingo-06,Congelados - Tarjeta de Débito,2024
1881,16/6/2024,218,Centro,24,5,3,Tarjeta de Débito,Completa,Empanadas,$13.54,Congelados,$67.70,junio,6,domingo-06,Congelados - Tarjeta de Débito,2024
949,17/6/2024,29,NEA,19,2,3,Tarjeta de Débito,Pendiente,Tomates,$6.54,Frutas y Verduras,$13.08,junio,6,lunes-06,Frutas y Verduras - Tarjeta de Débito,2024
1167,17/6/2024,311,Buenos Aires,7,4,5,Transferencia,Completa,Chorizo,$11.25,Carnicería,$45.00,junio,6,lunes-06,Carnicería - Transferencia,2024
1234,17/6/2024,276,Patagonia,25,5,5,Transferencia,Cancelada,Pizza congelada,$15.45,Congelados,$77.25,junio,6,lunes-06,Congelados - Transferencia,2024
1464,17/6/2024,268,NOA,18,1,1,Efectivo,Completa,Bananas,$7.25,Frutas y Verduras,$7.25,junio,6,lunes-06,Frutas y Verduras - Efectivo,2024
1760,17/6/2024,124,NEA,36,2,3,Tarjeta de Débito,Completa,Lentejas,$3.25,Conservas,$6.50,junio,6,lunes-06,Conservas - Tarjeta de Débito,2024
1761,17/6/2024,260,Buenos Aires,8,4,4,Mercado Pago,Completa,Milanesa,$16.21,Carnicería,$64.84,junio,6,lunes-06,Carnicería - Mercado Pago,2024
2338,17/6/2024,137,Patagonia,29,6,3,Tarjeta de Débito,Pendiente,Cerveza,$11.54,Bebidas,$69.24,junio,6,lunes-06,Bebidas - Tarjeta de Débito,2024
2658,17/6/2024,235,NEA,36,6,3,Tarjeta de Débito,Completa,Lentejas,$3.25,Conservas,$19.50,junio,6,lunes-06,Conservas - Tarjeta de Débito,2024
2828,17/6/2024,233,Centro,18,6,4,Mercado Pago,Completa,Bananas,$7.25,Frutas y Verduras,$43.50,junio,6,lunes-06,Frutas y Verduras - Mercado Pago,2024
450,18/6/2024,235,NEA,4,5,5,Transferencia,Completa,Queso rallado,$19.23,Lácteos,$96.15,junio,6,martes-06,Lácteos - Transferencia,2024
628,18/6/2024,245,NEA,38,1,4,Mercado Pago,Completa,Atún enlatado,$6.21,Conservas,$6.21,junio,6,martes-06,Conservas - Mercado Pago,2024
730,18/6/2024,201,Patagonia,26,6,1,Efectivo,Completa,Hamburgesas congeladas,$9.54,Congelados,$57.24,junio,6,martes-06,Congelados - Efectivo,2024
928,18/6/2024,152,NOA,3,6,4,Mercado Pago,Completa,Queso cremoso,$17.23,Lácteos,$103.38,junio,6,martes-06,Lácteos - Mercado Pago,2024
1341,18/6/2024,133,Buenos Aires,15,5,1,Efectivo,Pendiente,Medialunas,$3.51,Panadería,$17.55,junio,6,martes-06,Panadería - Efectivo,2024
2050,18/6/2024,58,Buenos Aires,24,4,2,Tarjeta de Crédito,Completa,Empanadas,$13.54,Congelados,$54.16,junio,6,martes-06,Congelados - Tarjeta de Crédito,2024
343,19/6/2024,14,Buenos Aires,29,1,4,Mercado Pago,Completa,Cerveza,$11.54,Bebidas,$11.54,junio,6,miércoles-06,Bebidas - Mercado Pago,2024
861,19/6/2024,34,Cuyo,23,4,5,Transferencia,Completa,Papas fritas,$8.23,Congelados,$32.92,junio,6,miércoles-06,Congelados - Transferencia,2024
865,19/6/2024,60,NEA,2,5,1,Efectivo,Completa,Yogur,$5.21,Lácteos,$26.05,junio,6,miércoles-06,Lácteos - Efectivo,2024
1124,19/6/2024,232,Buenos Aires,7,3,3,Tarjeta de Débito,Completa,Chorizo,$11.25,Carnicería,$33.75,junio,6,miércoles-06,Carnicería - Tarjeta de Débito,2024
1355,19/6/2024,106,NEA,22,2,1,Efectivo,Completa,Cebolla,$4.21,Frutas y Verduras,$8.42,junio,6,miércoles-06,Frutas y Verduras - Efectivo,2024
1530,19/6/2024,2,Patagonia,34,4,4,Mercado Pago,Completa,Maníes,$5.45,Galletitas y Snacks,$21.80,junio,6,miércoles-06,Galletitas y Snacks - Mercado Pago,2024
2178,19/6/2024,54,Buenos Aires,7,2,4,Mercado Pago,Completa,Chorizo,$11.25,Carnicería,$22.50,junio,6,miércoles-06,Carnicería - Mercado Pago,2024
2351,19/6/2024,114,Centro,3,2,4,Mercado Pago,Completa,Queso cremoso,$17.23,Lácteos,$34.46,junio,6,miércoles-06,Lácteos - Mercado Pago,2024
330,20/6/2024,63,Buenos Aires,13,3,1,Efectivo,Completa,Pan integral,$12.56,Panadería,$37.68,junio,6,jueves-06,Panadería - Efectivo,2024
1509,20/6/2024,36,Buenos Aires,18,5,4,Mercado Pago,Completa,Bananas,$7.25,Frutas y Verduras,$36.25,junio,6,jueves-06,Frutas y Verduras - Mercado Pago,2024
1954,20/6/2024,120,Buenos Aires,17,4,5,Transferencia,Completa,Manzanas,$6.54,Frutas y Verduras,$26.16,junio,6,jueves-06,Frutas y Verduras - Transferencia,2024
2023,20/6/2024,280,Centro,24,2,1,Efectivo,Completa,Empanadas,$13.54,Congelados,$27.08,junio,6,jueves-06,Congelados - Efectivo,2024
2257,20/6/2024,137,Patagonia,15,5,3,Tarjeta de Débito,Completa,Medialunas,$3.51,Panadería,$17.55,junio,6,jueves-06,Panadería - Tarjeta de Débito,2024
2354,20/6/2024,20,Cuyo,15,3,5,Transferencia,Completa,Medialunas,$3.51,Panadería,$10.53,junio,6,jueves-06,Panadería - Transferencia,2024
2492,20/6/2024,68,Patagonia,31,2,3,Tarjeta de Débito,Pendiente,Galletitas de agua,$5.24,Galletitas y Snacks,$10.48,junio,6,jueves-06,Galletitas y Snacks - Tarjeta de Débito,2024
2636,20/6/2024,88,Patagonia,19,4,3,Tarjeta de Débito,Completa,Tomates,$6.54,Frutas y Verduras,$26.16,junio,6,jueves-06,Frutas y Verduras - Tarjeta de Débito,2024
950,21/6/2024,119,Patagonia,33,6,2,Tarjeta de Crédito,Pendiente,Papas chips,$8.54,Galletitas y Snacks,$51.24,junio,6,viernes-06,Galletitas y Snacks - Tarjeta de Crédito,2024
1534,21/6/2024,12,Patagonia,5,2,5,Transferencia,Completa,Manteca,$5.65,Lácteos,$11.30,junio,6,viernes-06,Lácteos - Transferencia,2024
1583,21/6/2024,53,Centro,30,2,1,Efectivo,Completa,Vino tinto,$13.54,Bebidas,$27.08,junio,6,viernes-06,Bebidas - Efectivo,2024
1890,21/6/2024,6,Buenos Aires,3,1,5,Transferencia,Completa,Queso cremoso,$17.23,Lácteos,$17.23,junio,6,viernes-06,Lácteos - Transferencia,2024
1945,21/6/2024,190,NEA,35,3,1,Efectivo,Completa,Arroz,$4.25,Conservas,$12.75,junio,6,viernes-06,Conservas - Efectivo,2024
1987,21/6/2024,90,Buenos Aires,15,4,4,Mercado Pago,Completa,Medialunas,$3.51,Panadería,$14.04,junio,6,viernes-06,Panadería - Mercado Pago,2024
2068,21/6/2024,224,Cuyo,27,6,5,Transferencia,Completa,Agua mineral,$6.21,Bebidas,$37.26,junio,6,viernes-06,Bebidas - Transferencia,2024
2750,21/6/2024,3,Patagonia,22,4,1,Efectivo,Completa,Cebolla,$4.21,Frutas y Verduras,$16.84,junio,6,viernes-06,Frutas y Verduras - Efectivo,2024
2956,21/6/2024,307,Cuyo,26,1,3,Tarjeta de Débito,Completa,Hamburgesas congeladas,$9.54,Congelados,$9.54,junio,6,viernes-06,Congelados - Tarjeta de Débito,2024
98,22/6/2024,177,NEA,20,1,1,Efectivo,Completa,Lechugas,$4.25,Frutas y Verduras,$4.25,junio,6,sábado-06,Frutas y Verduras - Efectivo,2024
533,22/6/2024,83,Buenos Aires,4,2,5,Transferencia,Completa,Queso rallado,$19.23,Lácteos,$38.46,junio,6,sábado-06,Lácteos - Transferencia,2024
743,22/6/2024,271,Patagonia,5,5,5,Transferencia,Completa,Manteca,$5.65,Lácteos,$28.25,junio,6,sábado-06,Lácteos - Transferencia,2024
1412,22/6/2024,60,NEA,28,2,5,Transferencia,Completa,Jugos de frutas,$9.45,Bebidas,$18.90,junio,6,sábado-06,Bebidas - Transferencia,2024
1764,22/6/2024,268,NOA,7,4,4,Mercado Pago,Completa,Chorizo,$11.25,Carnicería,$45.00,junio,6,sábado-06,Carnicería - Mercado Pago,2024
1843,22/6/2024,139,Buenos Aires,4,1,1,Efectivo,Completa,Queso rallado,$19.23,Lácteos,$19.23,junio,6,sábado-06,Lácteos - Efectivo,2024
2334,22/6/2024,190,NEA,2,2,1,Efectivo,Completa,Yogur,$5.21,Lácteos,$10.42,junio,6,sábado-06,Lácteos - Efectivo,2024
216,23/6/2024,270,Cuyo,8,4,4,Mercado Pago,Completa,Milanesa,$16.21,Carnicería,$64.84,junio,6,domingo-06,Carnicería - Mercado Pago,2024
941,23/6/2024,146,Cuyo,13,6,4,Mercado Pago,Pendiente,Pan integral,$12.56,Panadería,$75.36,junio,6,domingo-06,Panadería - Mercado Pago,2024
1117,23/6/2024,292,Patagonia,38,3,5,Transferencia,Completa,Atún enlatado,$6.21,Conservas,$18.63,junio,6,domingo-06,Conservas - Transferencia,2024
1348,23/6/2024,151,Buenos Aires,20,3,4,Mercado Pago,Completa,Lechugas,$4.25,Frutas y Verduras,$12.75,junio,6,domingo-06,Frutas y Verduras - Mercado Pago,2024
2163,23/6/2024,168,Centro,38,6,2,Tarjeta de Crédito,Completa,Atún enlatado,$6.21,Conservas,$37.26,junio,6,domingo-06,Conservas - Tarjeta de Crédito,2024
2780,23/6/2024,216,Centro,1,5,2,Tarjeta de Crédito,Completa,Leche,$12.24,Lácteos,$61.20,junio,6,domingo-06,Lácteos - Tarjeta de Crédito,2024
2806,23/6/2024,193,Buenos Aires,13,6,3,Tarjeta de Débito,Completa,Pan integral,$12.56,Panadería,$75.36,junio,6,domingo-06,Panadería - Tarjeta de Débito,2024
375,24/6/2024,248,Centro,35,6,3,Tarjeta de Débito,Completa,Arroz,$4.25,Conservas,$25.50,junio,6,lunes-06,Conservas - Tarjeta de Débito,2024
445,24/6/2024,296,Buenos Aires,24,4,4,Mercado Pago,Completa,Empanadas,$13.54,Congelados,$54.16,junio,6,lunes-06,Congelados - Mercado Pago,2024
595,24/6/2024,271,Patagonia,27,5,4,Mercado Pago,Completa,Agua mineral,$6.21,Bebidas,$31.05,junio,6,lunes-06,Bebidas - Mercado Pago,2024
1901,24/6/2024,53,Centro,1,3,3,Tarjeta de Débito,Completa,Leche,$12.24,Lácteos,$36.72,junio,6,lunes-06,Lácteos - Tarjeta de Débito,2024
2373,24/6/2024,125,Patagonia,26,1,1,Efectivo,Pendiente,Hamburgesas congeladas,$9.54,Congelados,$9.54,junio,6,lunes-06,Congelados - Efectivo,2024
2390,24/6/2024,159,NEA,8,2,4,Mercado Pago,Completa,Milanesa,$16.21,Carnicería,$32.42,junio,6,lunes-06,Carnicería - Mercado Pago,2024
2477,24/6/2024,90,Buenos Aires,6,6,5,Transferencia,Completa,Asado,$28.56,Carnicería,$171.36,junio,6,lunes-06,Carnicería - Transferencia,2024
27,25/6/2024,85,Cuyo,25,1,3,Tarjeta de Débito,Completa,Pizza congelada,$15.45,Congelados,$15.45,junio,6,martes-06,Congelados - Tarjeta de Débito,2024
50,25/6/2024,233,Centro,23,2,5,Transferencia,Completa,Papas fritas,$8.23,Congelados,$16.46,junio,6,martes-06,Congelados - Transferencia,2024
73,25/6/2024,143,Buenos Aires,26,3,1,Efectivo,Completa,Hamburgesas congeladas,$9.54,Congelados,$28.62,junio,6,martes-06,Congelados - Efectivo,2024
192,25/6/2024,97,Buenos Aires,27,4,5,Transferencia,Completa,Agua mineral,$6.21,Bebidas,$24.84,junio,6,martes-06,Bebidas - Transferencia,2024
376,25/6/2024,201,Patagonia,8,5,5,Transferencia,Completa,Milanesa,$16.21,Carnicería,$81.05,junio,6,martes-06,Carnicería - Transferencia,2024
1347,25/6/2024,223,Buenos Aires,1,6,5,Transferencia,Completa,Leche,$12.24,Lácteos,$73.44,junio,6,martes-06,Lácteos - Transferencia,2024
1588,25/6/2024,324,NEA,3,6,1,Efectivo,Completa,Queso cremoso,$17.23,Lácteos,$103.38,junio,6,martes-06,Lácteos - Efectivo,2024
1835,25/6/2024,100,NEA,26,4,5,Transferencia,Completa,Hamburgesas congeladas,$9.54,Congelados,$38.16,junio,6,martes-06,Congelados - Transferencia,2024
2438,25/6/2024,287,NEA,14,1,5,Transferencia,Pendiente,Facturas,$12.36,Panadería,$12.36,junio,6,martes-06,Panadería - Transferencia,2024
2552,25/6/2024,310,Patagonia,31,6,5,Transferencia,Completa,Galletitas de agua,$5.24,Galletitas y Snacks,$31.44,junio,6,martes-06,Galletitas y Snacks - Transferencia,2024
2865,25/6/2024,265,Centro,22,2,4,Mercado Pago,Completa,Cebolla,$4.21,Frutas y Verduras,$8.42,junio,6,martes-06,Frutas y Verduras - Mercado Pago,2024
2931,25/6/2024,41,Patagonia,29,3,1,Efectivo,Completa,Cerveza,$11.54,Bebidas,$34.62,junio,6,martes-06,Bebidas - Efectivo,2024
2942,25/6/2024,215,NEA,28,4,3,Tarjeta de Débito,Completa,Jugos de frutas,$9.45,Bebidas,$37.80,junio,6,martes-06,Bebidas - Tarjeta de Débito,2024
570,26/6/2024,185,Centro,19,5,3,Tarjeta de Débito,Completa,Tomates,$6.54,Frutas y Verduras,$32.70,junio,6,miércoles-06,Frutas y Verduras - Tarjeta de Débito,2024
2014,26/6/2024,229,Cuyo,35,4,2,Tarjeta de Crédito,Completa,Arroz,$4.25,Conservas,$17.00,junio,6,miércoles-06,Conservas - Tarjeta de Crédito,2024
2633,26/6/2024,13,Centro,4,5,5,Transferencia,Completa,Queso rallado,$19.23,Lácteos,$96.15,junio,6,miércoles-06,Lácteos - Transferencia,2024
2820,26/6/2024,258,Centro,14,2,4,Mercado Pago,Completa,Facturas,$12.36,Panadería,$24.72,junio,6,miércoles-06,Panadería - Mercado Pago,2024
191,27/6/2024,186,Patagonia,11,1,3,Tarjeta de Débito,Completa,Salchicha,$11.23,Carnicería,$11.23,junio,6,jueves-06,Carnicería - Tarjeta de Débito,2024
460,27/6/2024,166,NEA,27,3,1,Efectivo,Completa,Agua mineral,$6.21,Bebidas,$18.63,junio,6,jueves-06,Bebidas - Efectivo,2024
578,27/6/2024,180,Buenos Aires,15,2,5,Transferencia,Completa,Medialunas,$3.51,Panadería,$7.02,junio,6,jueves-06,Panadería - Transferencia,2024
750,27/6/2024,198,NOA,30,2,5,Transferencia,Completa,Vino tinto,$13.54,Bebidas,$27.08,junio,6,jueves-06,Bebidas - Transferencia,2024
2268,27/6/2024,260,Buenos Aires,4,6,4,Mercado Pago,Completa,Queso rallado,$19.23,Lácteos,$115.38,junio,6,jueves-06,Lácteos - Mercado Pago,2024
2411,27/6/2024,178,Patagonia,24,2,5,Transferencia,Completa,Empanadas,$13.54,Congelados,$27.08,junio,6,jueves-06,Congelados - Transferencia,2024
2516,27/6/2024,268,NOA,17,4,5,Transferencia,Completa,Manzanas,$6.54,Frutas y Verduras,$26.16,junio,6,jueves-06,Frutas y Verduras - Transferencia,2024
2671,27/6/2024,36,Buenos Aires,24,1,5,Transferencia,Completa,Empanadas,$13.54,Congelados,$13.54,junio,6,jueves-06,Congelados - Transferencia,2024
2881,27/6/2024,163,Buenos Aires,9,5,3,Tarjeta de Débito,Completa,Pollo,$18.56,Carnicería,$92.80,junio,6,jueves-06,Carnicería - Tarjeta de Débito,2024
268,28/6/2024,119,Patagonia,32,5,1,Efectivo,Completa,Galletitas de chocolate,$6.25,Galletitas y Snacks,$31.25,junio,6,viernes-06,Galletitas y Snacks - Efectivo,2024
819,28/6/2024,252,Patagonia,2,4,1,Efectivo,Completa,Yogur,$5.21,Lácteos,$20.84,junio,6,viernes-06,Lácteos - Efectivo,2024
866,28/6/2024,46,Centro,33,2,5,Transferencia,Completa,Papas chips,$8.54,Galletitas y Snacks,$17.08,junio,6,viernes-06,Galletitas y Snacks - Transferencia,2024
1695,28/6/2024,103,Patagonia,16,5,3,Tarjeta de Débito,Completa,Tortas,$15.23,Panadería,$76.15,junio,6,viernes-06,Panadería - Tarjeta de Débito,2024
1766,28/6/2024,46,Centro,11,6,4,Mercado Pago,Completa,Salchicha,$11.23,Carnicería,$67.38,junio,6,viernes-06,Carnicería - Mercado Pago,2024
1950,28/6/2024,111,Cuyo,15,5,1,Efectivo,Pendiente,Medialunas,$3.51,Panadería,$17.55,junio,6,viernes-06,Panadería - Efectivo,2024
1980,28/6/2024,160,Centro,30,4,5,Transferencia,Pendiente,Vino tinto,$13.54,Bebidas,$54.16,junio,6,viernes-06,Bebidas - Transferencia,2024
2330,28/6/2024,254,Patagonia,12,4,3,Tarjeta de Débito,Completa,Pan francés,$8.12,Panadería,$32.48,junio,6,viernes-06,Panadería - Tarjeta de Débito,2024
2946,28/6/2024,296,Buenos Aires,11,6,5,Transferencia,Pendiente,Salchicha,$11.23,Carnicería,$67.38,junio,6,viernes-06,Carnicería - Transferencia,2024
21,29/6/2024,184,Buenos Aires,27,2,1,Efectivo,Completa,Agua mineral,$6.21,Bebidas,$12.42,junio,6,sábado-06,Bebidas - Efectivo,2024
754,29/6/2024,216,Centro,23,4,3,Tarjeta de Débito,Completa,Papas fritas,$8.23,Congelados,$32.92,junio,6,sábado-06,Congelados - Tarjeta de Débito,2024
825,29/6/2024,120,Buenos Aires,29,6,4,Mercado Pago,Completa,Cerveza,$11.54,Bebidas,$69.24,junio,6,sábado-06,Bebidas - Mercado Pago,2024
1329,29/6/2024,233,Centro,27,6,1,Efectivo,Completa,Agua mineral,$6.21,Bebidas,$37.26,junio,6,sábado-06,Bebidas - Efectivo,2024
1384,29/6/2024,62,NEA,30,4,3,Tarjeta de Débito,Completa,Vino tinto,$13.54,Bebidas,$54.16,junio,6,sábado-06,Bebidas - Tarjeta de Débito,2024
1452,29/6/2024,56,Centro,20,1,4,Mercado Pago,Completa,Lechugas,$4.25,Frutas y Verduras,$4.25,junio,6,sábado-06,Frutas y Verduras - Mercado Pago,2024
1462,29/6/2024,86,Patagonia,11,5,5,Transferencia,Completa,Salchicha,$11.23,Carnicería,$56.15,junio,6,sábado-06,Carnicería - Transferencia,2024
1658,29/6/2024,193,Buenos Aires,1,3,1,Efectivo,Completa,Leche,$12.24,Lácteos,$36.72,junio,6,sábado-06,Lácteos - Efectivo,2024
1693,29/6/2024,68,Patagonia,6,2,4,Mercado Pago,Completa,Asado,$28.56,Carnicería,$57.12,junio,6,sábado-06,Carnicería - Mercado Pago,2024
1797,29/6/2024,192,Cuyo,4,6,5,Transferencia,Completa,Queso rallado,$19.23,Lácteos,$115.38,junio,6,sábado-06,Lácteos - Transferencia,2024
1849,29/6/2024,30,Buenos Aires,30,3,4,Mercado Pago,Pendiente,Vino tinto,$13.54,Bebidas,$40.62,junio,6,sábado-06,Bebidas - Mercado Pago,2024
2399,29/6/2024,73,Centro,37,2,1,Efectivo,Pendiente,Garbanzos,$3.65,Conservas,$7.30,junio,6,sábado-06,Conservas - Efectivo,2024
2721,29/6/2024,29,NEA,20,2,4,Mercado Pago,Completa,Lechugas,$4.25,Frutas y Verduras,$8.50,junio,6,sábado-06,Frutas y Verduras - Mercado Pago,2024
79,30/6/2024,133,Buenos Aires,24,4,4,Mercado Pago,Pendiente,Empanadas,$13.54,Congelados,$54.16,junio,6,domingo-06,Congelados - Mercado Pago,2024
599,30/6/2024,61,Buenos Aires,37,6,4,Mercado Pago,Completa,Garbanzos,$3.65,Conservas,$21.90,junio,6,domingo-06,Conservas - Mercado Pago,2024
920,30/6/2024,50,Buenos Aires,33,1,1,Efectivo,Completa,Papas chips,$8.54,Galletitas y Snacks,$8.54,junio,6,domingo-06,Galletitas y Snacks - Efectivo,2024
1260,30/6/2024,115,Cuyo,25,2,4,Mercado Pago,Completa,Pizza congelada,$15.45,Congelados,$30.90,junio,6,domingo-06,Congelados - Mercado Pago,2024
1851,30/6/2024,318,Buenos Aires,35,5,4,Mercado Pago,Pendiente,Arroz,$4.25,Conservas,$21.25,junio,6,domingo-06,Conservas - Mercado Pago,2024
2070,30/6/2024,89,Patagonia,17,1,1,Efectivo,Completa,Manzanas,$6.54,Frutas y Verduras,$6.54,junio,6,domingo-06,Frutas y Verduras - Efectivo,2024
2314,30/6/2024,171,Cuyo,28,6,3,Tarjeta de Débito,Completa,Jugos de frutas,$9.45,Bebidas,$56.70,junio,6,domingo-06,Bebidas - Tarjeta de Débito,2024
2396,30/6/2024,176,NEA,2,3,2,Tarjeta de Crédito,Completa,Yogur,$5.21,Lácteos,$15.63,junio,6,domingo-06,Lácteos - Tarjeta de Crédito,2024
2462,30/6/2024,102,Patagonia,37,4,2,Tarjeta de Crédito,Pendiente,Garbanzos,$3.65,Conservas,$14.60,junio,6,domingo-06,Conservas - Tarjeta de Crédito,2024
2609,30/6/2024,148,Centro,12,6,3,Tarjeta de Débito,Completa,Pan francés,$8.12,Panadería,$48.72,junio,6,domingo-06,Panadería - Tarjeta de Débito,2024
2663,30/6/2024,251,Centro,11,4,5,Transferencia,Pendiente,Salchicha,$11.23,Carnicería,$44.92,junio,6,domingo-06,Carnicería - Transferencia,2024
2766,30/6/2024,185,Centro,37,1,1,Efectivo,Completa,Garbanzos,$3.65,Conservas,$3.65,junio,6,domingo-06,Conservas - Efectivo,2024
507,1/7/2024,73,Centro,38,6,5,Transferencia,Completa,Atún enlatado,$6.21,Conservas,$37.26,julio,7,lunes-07,Conservas - Transferencia,2024
804,1/7/2024,154,Patagonia,10,2,5,Transferencia,Pendiente,Costilla de cerdo,$14.25,Carnicería,$28.50,julio,7,lunes-07,Carnicería - Transferencia,2024
1052,1/7/2024,219,Patagonia,18,1,3,Tarjeta de Débito,Pendiente,Bananas,$7.25,Frutas y Verduras,$7.25,julio,7,lunes-07,Frutas y Verduras - Tarjeta de Débito,2024
1159,1/7/2024,233,Centro,21,2,1,Efectivo,Completa,Zanahorias,$3.25,Frutas y Verduras,$6.50,julio,7,lunes-07,Frutas y Verduras - Efectivo,2024
1186,1/7/2024,24,Cuyo,23,6,4,Mercado Pago,Completa,Papas fritas,$8.23,Congelados,$49.38,julio,7,lunes-07,Congelados - Mercado Pago,2024
2393,1/7/2024,58,Buenos Aires,15,4,1,Efectivo,Completa,Medialunas,$3.51,Panadería,$14.04,julio,7,lunes-07,Panadería - Efectivo,2024
2672,1/7/2024,49,Buenos Aires,24,6,3,Tarjeta de Débito,Completa,Empanadas,$13.54,Congelados,$81.24,julio,7,lunes-07,Congelados - Tarjeta de Débito,2024
201,2/7/2024,141,NEA,14,3,4,Mercado Pago,Completa,Facturas,$12.36,Panadería,$37.08,julio,7,martes-07,Panadería - Mercado Pago,2024
219,2/7/2024,24,Cuyo,23,6,4,Mercado Pago,Completa,Papas fritas,$8.23,Congelados,$49.38,julio,7,martes-07,Congelados - Mercado Pago,2024
306,2/7/2024,14,Buenos Aires,38,2,5,Transferencia,Completa,Atún enlatado,$6.21,Conservas,$12.42,julio,7,martes-07,Conservas - Transferencia,2024
474,2/7/2024,25,Patagonia,18,3,4,Mercado Pago,Completa,Bananas,$7.25,Frutas y Verduras,$21.75,julio,7,martes-07,Frutas y Verduras - Mercado Pago,2024
1005,2/7/2024,131,Buenos Aires,4,6,5,Transferencia,Completa,Queso rallado,$19.23,Lácteos,$115.38,julio,7,martes-07,Lácteos - Transferencia,2024
1746,2/7/2024,269,Centro,5,4,5,Transferencia,Completa,Manteca,$5.65,Lácteos,$22.60,julio,7,martes-07,Lácteos - Transferencia,2024
1798,2/7/2024,167,Buenos Aires,35,6,5,Transferencia,Completa,Arroz,$4.25,Conservas,$25.50,julio,7,martes-07,Conservas - Transferencia,2024
1897,2/7/2024,57,Centro,37,2,4,Mercado Pago,Pendiente,Garbanzos,$3.65,Conservas,$7.30,julio,7,martes-07,Conservas - Mercado Pago,2024
2150,2/7/2024,214,Patagonia,25,5,5,Transferencia,Completa,Pizza congelada,$15.45,Congelados,$77.25,julio,7,martes-07,Congelados - Transferencia,2024
2194,2/7/2024,157,Patagonia,8,2,1,Efectivo,Completa,Milanesa,$16.21,Carnicería,$32.42,julio,7,martes-07,Carnicería - Efectivo,2024
2224,2/7/2024,286,Centro,28,3,4,Mercado Pago,Pendiente,Jugos de frutas,$9.45,Bebidas,$28.35,julio,7,martes-07,Bebidas - Mercado Pago,2024
2787,2/7/2024,249,Buenos Aires,28,4,5,Transferencia,Completa,Jugos de frutas,$9.45,Bebidas,$37.80,julio,7,martes-07,Bebidas - Transferencia,2024
2916,2/7/2024,268,NOA,17,6,4,Mercado Pago,Completa,Manzanas,$6.54,Frutas y Verduras,$39.24,julio,7,martes-07,Frutas y Verduras - Mercado Pago,2024
528,3/7/2024,93,Buenos Aires,37,2,3,Tarjeta de Débito,Completa,Garbanzos,$3.65,Conservas,$7.30,julio,7,miércoles-07,Conservas - Tarjeta de Débito,2024
2034,3/7/2024,15,Buenos Aires,24,1,5,Transferencia,Completa,Empanadas,$13.54,Congelados,$13.54,julio,7,miércoles-07,Congelados - Transferencia,2024
2077,3/7/2024,62,NEA,21,6,4,Mercado Pago,Completa,Zanahorias,$3.25,Frutas y Verduras,$19.50,julio,7,miércoles-07,Frutas y Verduras - Mercado Pago,2024
2503,3/7/2024,205,Patagonia,1,3,3,Tarjeta de Débito,Completa,Leche,$12.24,Lácteos,$36.72,julio,7,miércoles-07,Lácteos - Tarjeta de Débito,2024
2526,3/7/2024,246,NEA,3,4,5,Transferencia,Pendiente,Queso cremoso,$17.23,Lácteos,$68.92,julio,7,miércoles-07,Lácteos - Transferencia,2024
2574,3/7/2024,62,NEA,2,3,5,Transferencia,Pendiente,Yogur,$5.21,Lácteos,$15.63,julio,7,miércoles-07,Lácteos - Transferencia,2024
2996,3/7/2024,22,Centro,17,4,5,Transferencia,Completa,Manzanas,$6.54,Frutas y Verduras,$26.16,julio,7,miércoles-07,Frutas y Verduras - Transferencia,2024
24,4/7/2024,184,Buenos Aires,37,4,3,Tarjeta de Débito,Completa,Garbanzos,$3.65,Conservas,$14.60,julio,7,jueves-07,Conservas - Tarjeta de Débito,2024
288,4/7/2024,88,Patagonia,32,3,4,Mercado Pago,Completa,Galletitas de chocolate,$6.25,Galletitas y Snacks,$18.75,julio,7,jueves-07,Galletitas y Snacks - Mercado Pago,2024
364,4/7/2024,128,Buenos Aires,34,1,5,Transferencia,Completa,Maníes,$5.45,Galletitas y Snacks,$5.45,julio,7,jueves-07,Galletitas y Snacks - Transferencia,2024
700,4/7/2024,134,Cuyo,8,3,1,Efectivo,Completa,Milanesa,$16.21,Carnicería,$48.63,julio,7,jueves-07,Carnicería - Efectivo,2024
883,4/7/2024,222,Centro,2,2,5,Transferencia,Completa,Yogur,$5.21,Lácteos,$10.42,julio,7,jueves-07,Lácteos - Transferencia,2024
1036,4/7/2024,230,Centro,30,2,5,Transferencia,Completa,Vino tinto,$13.54,Bebidas,$27.08,julio,7,jueves-07,Bebidas - Transferencia,2024
1594,4/7/2024,253,Buenos Aires,4,1,1,Efectivo,Cancelada,Queso rallado,$19.23,Lácteos,$19.23,julio,7,jueves-07,Lácteos - Efectivo,2024
1896,4/7/2024,302,Patagonia,19,6,1,Efectivo,Completa,Tomates,$6.54,Frutas y Verduras,$39.24,julio,7,jueves-07,Frutas y Verduras - Efectivo,2024
2035,4/7/2024,225,Buenos Aires,18,6,1,Efectivo,Completa,Bananas,$7.25,Frutas y Verduras,$43.50,julio,7,jueves-07,Frutas y Verduras - Efectivo,2024
2191,4/7/2024,80,NEA,12,4,3,Tarjeta de Débito,Completa,Pan francés,$8.12,Panadería,$32.48,julio,7,jueves-07,Panadería - Tarjeta de Débito,2024
2715,4/7/2024,159,NEA,4,1,3,Tarjeta de Débito,Completa,Queso rallado,$19.23,Lácteos,$19.23,julio,7,jueves-07,Lácteos - Tarjeta de Débito,2024
184,5/7/2024,150,Buenos Aires,34,6,1,Efectivo,Completa,Maníes,$5.45,Galletitas y Snacks,$32.70,julio,7,viernes-07,Galletitas y Snacks - Efectivo,2024
802,5/7/2024,214,Patagonia,1,6,5,Transferencia,Pendiente,Leche,$12.24,Lácteos,$73.44,julio,7,viernes-07,Lácteos - Transferencia,2024
1372,5/7/2024,41,Patagonia,23,4,4,Mercado Pago,Pendiente,Papas fritas,$8.23,Congelados,$32.92,julio,7,viernes-07,Congelados - Mercado Pago,2024
1411,5/7/2024,75,NEA,35,6,3,Tarjeta de Débito,Completa,Arroz,$4.25,Conservas,$25.50,julio,7,viernes-07,Conservas - Tarjeta de Débito,2024
1839,5/7/2024,197,Cuyo,23,3,2,Tarjeta de Crédito,Completa,Papas fritas,$8.23,Congelados,$24.69,julio,7,viernes-07,Congelados - Tarjeta de Crédito,2024
2529,5/7/2024,77,Buenos Aires,31,1,5,Transferencia,Completa,Galletitas de agua,$5.24,Galletitas y Snacks,$5.24,julio,7,viernes-07,Galletitas y Snacks - Transferencia,2024
2624,5/7/2024,52,Patagonia,3,3,3,Tarjeta de Débito,Completa,Queso cremoso,$17.23,Lácteos,$51.69,julio,7,viernes-07,Lácteos - Tarjeta de Débito,2024
2872,5/7/2024,277,Patagonia,27,3,4,Mercado Pago,Pendiente,Agua mineral,$6.21,Bebidas,$18.63,julio,7,viernes-07,Bebidas - Mercado Pago,2024
67,6/7/2024,120,Buenos Aires,18,2,5,Transferencia,Completa,Bananas,$7.25,Frutas y Verduras,$14.50,julio,7,sábado-07,Frutas y Verduras - Transferencia,2024
130,6/7/2024,273,Cuyo,29,4,1,Efectivo,Completa,Cerveza,$11.54,Bebidas,$46.16,julio,7,sábado-07,Bebidas - Efectivo,2024
181,6/7/2024,143,Buenos Aires,34,6,1,Efectivo,Completa,Maníes,$5.45,Galletitas y Snacks,$32.70,julio,7,sábado-07,Galletitas y Snacks - Efectivo,2024
644,6/7/2024,232,Buenos Aires,9,5,2,Tarjeta de Crédito,Pendiente,Pollo,$18.56,Carnicería,$92.80,julio,7,sábado-07,Carnicería - Tarjeta de Crédito,2024
960,6/7/2024,200,Centro,4,2,4,Mercado Pago,Completa,Queso rallado,$19.23,Lácteos,$38.46,julio,7,sábado-07,Lácteos - Mercado Pago,2024
1091,6/7/2024,250,Centro,15,5,4,Mercado Pago,Completa,Medialunas,$3.51,Panadería,$17.55,julio,7,sábado-07,Panadería - Mercado Pago,2024
1338,6/7/2024,60,NEA,4,3,4,Mercado Pago,Completa,Queso rallado,$19.23,Lácteos,$57.69,julio,7,sábado-07,Lácteos - Mercado Pago,2024
1626,6/7/2024,171,Cuyo,36,3,1,Efectivo,Completa,Lentejas,$3.25,Conservas,$9.75,julio,7,sábado-07,Conservas - Efectivo,2024
2168,6/7/2024,38,Patagonia,18,5,3,Tarjeta de Débito,Completa,Bananas,$7.25,Frutas y Verduras,$36.25,julio,7,sábado-07,Frutas y Verduras - Tarjeta de Débito,2024
2430,6/7/2024,264,Buenos Aires,9,4,5,Transferencia,Completa,Pollo,$18.56,Carnicería,$74.24,julio,7,sábado-07,Carnicería - Transferencia,2024
2900,6/7/2024,152,NOA,12,5,4,Mercado Pago,Completa,Pan francés,$8.12,Panadería,$40.60,julio,7,sábado-07,Panadería - Mercado Pago,2024
2976,6/7/2024,214,Patagonia,29,5,3,Tarjeta de Débito,Completa,Cerveza,$11.54,Bebidas,$57.70,julio,7,sábado-07,Bebidas - Tarjeta de Débito,2024
13,7/7/2024,75,NEA,32,4,4,Mercado Pago,Completa,Galletitas de chocolate,$6.25,Galletitas y Snacks,$25.00,julio,7,domingo-07,Galletitas y Snacks - Mercado Pago,2024
536,7/7/2024,117,NOA,16,1,5,Transferencia,Completa,Tortas,$15.23,Panadería,$15.23,julio,7,domingo-07,Panadería - Transferencia,2024
551,7/7/2024,146,Cuyo,7,6,4,Mercado Pago,Completa,Chorizo,$11.25,Carnicería,$67.50,julio,7,domingo-07,Carnicería - Mercado Pago,2024
688,7/7/2024,82,Buenos Aires,23,6,1,Efectivo,Pendiente,Papas fritas,$8.23,Congelados,$49.38,julio,7,domingo-07,Congelados - Efectivo,2024
957,7/7/2024,198,NOA,17,5,4,Mercado Pago,Completa,Manzanas,$6.54,Frutas y Verduras,$32.70,julio,7,domingo-07,Frutas y Verduras - Mercado Pago,2024
975,7/7/2024,40,Cuyo,34,6,4,Mercado Pago,Completa,Maníes,$5.45,Galletitas y Snacks,$32.70,julio,7,domingo-07,Galletitas y Snacks - Mercado Pago,2024
981,7/7/2024,33,NEA,17,6,5,Transferencia,Completa,Manzanas,$6.54,Frutas y Verduras,$39.24,julio,7,domingo-07,Frutas y Verduras - Transferencia,2024
1309,7/7/2024,4,Buenos Aires,24,3,5,Transferencia,Pendiente,Empanadas,$13.54,Congelados,$40.62,julio,7,domingo-07,Congelados - Transferencia,2024
1632,7/7/2024,224,Cuyo,38,1,1,Efectivo,Completa,Atún enlatado,$6.21,Conservas,$6.21,julio,7,domingo-07,Conservas - Efectivo,2024
1813,7/7/2024,90,Buenos Aires,35,1,3,Tarjeta de Débito,Pendiente,Arroz,$4.25,Conservas,$4.25,julio,7,domingo-07,Conservas - Tarjeta de Débito,2024
2198,7/7/2024,213,Centro,13,1,2,Tarjeta de Crédito,Completa,Pan integral,$12.56,Panadería,$12.56,julio,7,domingo-07,Panadería - Tarjeta de Crédito,2024
2832,7/7/2024,171,Cuyo,31,2,4,Mercado Pago,Completa,Galletitas de agua,$5.24,Galletitas y Snacks,$10.48,julio,7,domingo-07,Galletitas y Snacks - Mercado Pago,2024
2958,7/7/2024,142,Cuyo,12,6,5,Transferencia,Completa,Pan francés,$8.12,Panadería,$48.72,julio,7,domingo-07,Panadería - Transferencia,2024
663,8/7/2024,183,Patagonia,18,2,5,Transferencia,Completa,Bananas,$7.25,Frutas y Verduras,$14.50,julio,7,lunes-07,Frutas y Verduras - Transferencia,2024
746,8/7/2024,47,Buenos Aires,32,4,4,Mercado Pago,Pendiente,Galletitas de chocolate,$6.25,Galletitas y Snacks,$25.00,julio,7,lunes-07,Galletitas y Snacks - Mercado Pago,2024
1123,8/7/2024,164,Centro,9,5,4,Mercado Pago,Completa,Pollo,$18.56,Carnicería,$92.80,julio,7,lunes-07,Carnicería - Mercado Pago,2024
1944,8/7/2024,130,Buenos Aires,1,6,5,Transferencia,Completa,Leche,$12.24,Lácteos,$73.44,julio,7,lunes-07,Lácteos - Transferencia,2024
1989,8/7/2024,274,Buenos Aires,17,2,3,Tarjeta de Débito,Completa,Manzanas,$6.54,Frutas y Verduras,$13.08,julio,7,lunes-07,Frutas y Verduras - Tarjeta de Débito,2024
2256,8/7/2024,242,NEA,31,5,2,Tarjeta de Crédito,Completa,Galletitas de agua,$5.24,Galletitas y Snacks,$26.20,julio,7,lunes-07,Galletitas y Snacks - Tarjeta de Crédito,2024
97,9/7/2024,103,Patagonia,19,1,4,Mercado Pago,Pendiente,Tomates,$6.54,Frutas y Verduras,$6.54,julio,7,martes-07,Frutas y Verduras - Mercado Pago,2024
212,9/7/2024,75,NEA,9,2,4,Mercado Pago,Pendiente,Pollo,$18.56,Carnicería,$37.12,julio,7,martes-07,Carnicería - Mercado Pago,2024
372,9/7/2024,15,Buenos Aires,1,3,5,Transferencia,Completa,Leche,$12.24,Lácteos,$36.72,julio,7,martes-07,Lácteos - Transferencia,2024
457,9/7/2024,154,Patagonia,31,5,5,Transferencia,Pendiente,Galletitas de agua,$5.24,Galletitas y Snacks,$26.20,julio,7,martes-07,Galletitas y Snacks - Transferencia,2024
557,9/7/2024,208,Buenos Aires,8,3,5,Transferencia,Completa,Milanesa,$16.21,Carnicería,$48.63,julio,7,martes-07,Carnicería - Transferencia,2024
798,9/7/2024,10,Buenos Aires,24,5,4,Mercado Pago,Completa,Empanadas,$13.54,Congelados,$67.70,julio,7,martes-07,Congelados - Mercado Pago,2024
1103,9/7/2024,10,Buenos Aires,34,6,5,Transferencia,Completa,Maníes,$5.45,Galletitas y Snacks,$32.70,julio,7,martes-07,Galletitas y Snacks - Transferencia,2024
1176,9/7/2024,253,Buenos Aires,34,6,5,Transferencia,Completa,Maníes,$5.45,Galletitas y Snacks,$32.70,julio,7,martes-07,Galletitas y Snacks - Transferencia,2024
1475,9/7/2024,39,Patagonia,33,5,5,Transferencia,Completa,Papas chips,$8.54,Galletitas y Snacks,$42.70,julio,7,martes-07,Galletitas y Snacks - Transferencia,2024
1541,9/7/2024,184,Buenos Aires,13,2,5,Transferencia,Pendiente,Pan integral,$12.56,Panadería,$25.12,julio,7,martes-07,Panadería - Transferencia,2024
1790,9/7/2024,225,Buenos Aires,30,2,2,Tarjeta de Crédito,Completa,Vino tinto,$13.54,Bebidas,$27.08,julio,7,martes-07,Bebidas - Tarjeta de Crédito,2024
1941,9/7/2024,133,Buenos Aires,13,2,4,Mercado Pago,Pendiente,Pan integral,$12.56,Panadería,$25.12,julio,7,martes-07,Panadería - Mercado Pago,2024
2064,9/7/2024,306,Cuyo,30,5,4,Mercado Pago,Completa,Vino tinto,$13.54,Bebidas,$67.70,julio,7,martes-07,Bebidas - Mercado Pago,2024
2432,9/7/2024,190,NEA,20,2,5,Transferencia,Pendiente,Lechugas,$4.25,Frutas y Verduras,$8.50,julio,7,martes-07,Frutas y Verduras - Transferencia,2024
2536,9/7/2024,194,Buenos Aires,29,3,3,Tarjeta de Débito,Completa,Cerveza,$11.54,Bebidas,$34.62,julio,7,martes-07,Bebidas - Tarjeta de Débito,2024
2629,9/7/2024,233,Centro,19,1,4,Mercado Pago,Pendiente,Tomates,$6.54,Frutas y Verduras,$6.54,julio,7,martes-07,Frutas y Verduras - Mercado Pago,2024
2639,9/7/2024,228,Centro,35,5,5,Transferencia,Completa,Arroz,$4.25,Conservas,$21.25,julio,7,martes-07,Conservas - Transferencia,2024
2727,9/7/2024,167,Buenos Aires,17,1,3,Tarjeta de Débito,Completa,Manzanas,$6.54,Frutas y Verduras,$6.54,julio,7,martes-07,Frutas y Verduras - Tarjeta de Débito,2024
2788,9/7/2024,18,Centro,25,3,4,Mercado Pago,Completa,Pizza congelada,$15.45,Congelados,$46.35,julio,7,martes-07,Congelados - Mercado Pago,2024
2822,9/7/2024,27,Buenos Aires,14,1,1,Efectivo,Completa,Facturas,$12.36,Panadería,$12.36,julio,7,martes-07,Panadería - Efectivo,2024
1393,10/7/2024,121,Cuyo,27,5,3,Tarjeta de Débito,Completa,Agua mineral,$6.21,Bebidas,$31.05,julio,7,miércoles-07,Bebidas - Tarjeta de Débito,2024
1628,10/7/2024,307,Cuyo,35,2,4,Mercado Pago,Completa,Arroz,$4.25,Conservas,$8.50,julio,7,miércoles-07,Conservas - Mercado Pago,2024
2414,10/7/2024,97,Buenos Aires,19,3,2,Tarjeta de Crédito,Completa,Tomates,$6.54,Frutas y Verduras,$19.62,julio,7,miércoles-07,Frutas y Verduras - Tarjeta de Crédito,2024
2857,10/7/2024,111,Cuyo,25,3,5,Transferencia,Completa,Pizza congelada,$15.45,Congelados,$46.35,julio,7,miércoles-07,Congelados - Transferencia,2024
848,11/7/2024,227,Buenos Aires,1,3,3,Tarjeta de Débito,Pendiente,Leche,$12.24,Lácteos,$36.72,julio,7,jueves-07,Lácteos - Tarjeta de Débito,2024
1388,11/7/2024,79,Patagonia,5,3,4,Mercado Pago,Completa,Manteca,$5.65,Lácteos,$16.95,julio,7,jueves-07,Lácteos - Mercado Pago,2024
1514,11/7/2024,156,Patagonia,14,1,4,Mercado Pago,Completa,Facturas,$12.36,Panadería,$12.36,julio,7,jueves-07,Panadería - Mercado Pago,2024
1611,11/7/2024,297,Buenos Aires,8,2,4,Mercado Pago,Completa,Milanesa,$16.21,Carnicería,$32.42,julio,7,jueves-07,Carnicería - Mercado Pago,2024
2254,11/7/2024,303,Centro,10,2,3,Tarjeta de Débito,Pendiente,Costilla de cerdo,$14.25,Carnicería,$28.50,julio,7,jueves-07,Carnicería - Tarjeta de Débito,2024
2255,11/7/2024,180,Buenos Aires,35,5,1,Efectivo,Completa,Arroz,$4.25,Conservas,$21.25,julio,7,jueves-07,Conservas - Efectivo,2024
2290,11/7/2024,216,Centro,19,3,5,Transferencia,Pendiente,Tomates,$6.54,Frutas y Verduras,$19.62,julio,7,jueves-07,Frutas y Verduras - Transferencia,2024
2496,11/7/2024,262,Buenos Aires,5,3,4,Mercado Pago,Completa,Manteca,$5.65,Lácteos,$16.95,julio,7,jueves-07,Lácteos - Mercado Pago,2024
2930,11/7/2024,198,NOA,30,4,4,Mercado Pago,Completa,Vino tinto,$13.54,Bebidas,$54.16,julio,7,jueves-07,Bebidas - Mercado Pago,2024
2932,11/7/2024,313,Cuyo,23,1,5,Transferencia,Completa,Papas fritas,$8.23,Congelados,$8.23,julio,7,jueves-07,Congelados - Transferencia,2024
2963,11/7/2024,9,Centro,16,4,5,Transferencia,Completa,Tortas,$15.23,Panadería,$60.92,julio,7,jueves-07,Panadería - Transferencia,2024
560,12/7/2024,300,NEA,23,1,5,Transferencia,Completa,Papas fritas,$8.23,Congelados,$8.23,julio,7,viernes-07,Congelados - Transferencia,2024
646,12/7/2024,25,Patagonia,27,5,4,Mercado Pago,Completa,Agua mineral,$6.21,Bebidas,$31.05,julio,7,viernes-07,Bebidas - Mercado Pago,2024
1077,12/7/2024,268,NOA,34,4,4,Mercado Pago,Completa,Maníes,$5.45,Galletitas y Snacks,$21.80,julio,7,viernes-07,Galletitas y Snacks - Mercado Pago,2024
1262,12/7/2024,313,Cuyo,21,2,5,Transferencia,Pendiente,Zanahorias,$3.25,Frutas y Verduras,$6.50,julio,7,viernes-07,Frutas y Verduras - Transferencia,2024
1459,12/7/2024,176,NEA,37,5,2,Tarjeta de Crédito,Completa,Garbanzos,$3.65,Conservas,$18.25,julio,7,viernes-07,Conservas - Tarjeta de Crédito,2024
1476,12/7/2024,12,Patagonia,26,3,1,Efectivo,Completa,Hamburgesas congeladas,$9.54,Congelados,$28.62,julio,7,viernes-07,Congelados - Efectivo,2024
1676,12/7/2024,324,NEA,36,5,4,Mercado Pago,Completa,Lentejas,$3.25,Conservas,$16.25,julio,7,viernes-07,Conservas - Mercado Pago,2024
1729,12/7/2024,118,Centro,33,6,4,Mercado Pago,Completa,Papas chips,$8.54,Galletitas y Snacks,$51.24,julio,7,viernes-07,Galletitas y Snacks - Mercado Pago,2024
1791,12/7/2024,250,Centro,16,4,4,Mercado Pago,Completa,Tortas,$15.23,Panadería,$60.92,julio,7,viernes-07,Panadería - Mercado Pago,2024
2768,12/7/2024,307,Cuyo,13,1,3,Tarjeta de Débito,Completa,Pan integral,$12.56,Panadería,$12.56,julio,7,viernes-07,Panadería - Tarjeta de Débito,2024
143,13/7/2024,184,Buenos Aires,31,6,2,Tarjeta de Crédito,Completa,Galletitas de agua,$5.24,Galletitas y Snacks,$31.44,julio,7,sábado-07,Galletitas y Snacks - Tarjeta de Crédito,2024
776,13/7/2024,175,Buenos Aires,6,6,4,Mercado Pago,Completa,Asado,$28.56,Carnicería,$171.36,julio,7,sábado-07,Carnicería - Mercado Pago,2024
1440,13/7/2024,278,Centro,16,1,1,Efectivo,Completa,Tortas,$15.23,Panadería,$15.23,julio,7,sábado-07,Panadería - Efectivo,2024
2052,13/7/2024,322,NEA,19,4,4,Mercado Pago,Completa,Tomates,$6.54,Frutas y Verduras,$26.16,julio,7,sábado-07,Frutas y Verduras - Mercado Pago,2024
2743,13/7/2024,251,Centro,5,5,4,Mercado Pago,Completa,Manteca,$5.65,Lácteos,$28.25,julio,7,sábado-07,Lácteos - Mercado Pago,2024
246,14/7/2024,171,Cuyo,26,3,2,Tarjeta de Crédito,Completa,Hamburgesas congeladas,$9.54,Congelados,$28.62,julio,7,domingo-07,Congelados - Tarjeta de Crédito,2024
391,14/7/2024,34,Cuyo,16,3,5,Transferencia,Completa,Tortas,$15.23,Panadería,$45.69,julio,7,domingo-07,Panadería - Transferencia,2024
473,14/7/2024,229,Cuyo,29,4,4,Mercado Pago,Completa,Cerveza,$11.54,Bebidas,$46.16,julio,7,domingo-07,Bebidas - Mercado Pago,2024
619,14/7/2024,121,Cuyo,35,2,4,Mercado Pago,Completa,Arroz,$4.25,Conservas,$8.50,julio,7,domingo-07,Conservas - Mercado Pago,2024
1397,14/7/2024,112,NEA,13,2,1,Efectivo,Completa,Pan integral,$12.56,Panadería,$25.12,julio,7,domingo-07,Panadería - Efectivo,2024
1620,14/7/2024,267,Centro,32,2,4,Mercado Pago,Completa,Galletitas de chocolate,$6.25,Galletitas y Snacks,$12.50,julio,7,domingo-07,Galletitas y Snacks - Mercado Pago,2024
1778,14/7/2024,208,Buenos Aires,19,4,3,Tarjeta de Débito,Completa,Tomates,$6.54,Frutas y Verduras,$26.16,julio,7,domingo-07,Frutas y Verduras - Tarjeta de Débito,2024
2342,14/7/2024,180,Buenos Aires,22,6,4,Mercado Pago,Completa,Cebolla,$4.21,Frutas y Verduras,$25.26,julio,7,domingo-07,Frutas y Verduras - Mercado Pago,2024
2886,14/7/2024,67,NEA,19,1,1,Efectivo,Completa,Tomates,$6.54,Frutas y Verduras,$6.54,julio,7,domingo-07,Frutas y Verduras - Efectivo,2024
548,15/7/2024,229,Cuyo,30,6,5,Transferencia,Pendiente,Vino tinto,$13.54,Bebidas,$81.24,julio,7,lunes-07,Bebidas - Transferencia,2024
2083,15/7/2024,44,Buenos Aires,6,2,4,Mercado Pago,Completa,Asado,$28.56,Carnicería,$57.12,julio,7,lunes-07,Carnicería - Mercado Pago,2024
2577,15/7/2024,240,Buenos Aires,11,3,2,Tarjeta de Crédito,Completa,Salchicha,$11.23,Carnicería,$33.69,julio,7,lunes-07,Carnicería - Tarjeta de Crédito,2024
48,16/7/2024,13,Centro,4,2,3,Tarjeta de Débito,Pendiente,Queso rallado,$19.23,Lácteos,$38.46,julio,7,martes-07,Lácteos - Tarjeta de Débito,2024
74,16/7/2024,125,Patagonia,19,4,5,Transferencia,Pendiente,Tomates,$6.54,Frutas y Verduras,$26.16,julio,7,martes-07,Frutas y Verduras - Transferencia,2024
648,16/7/2024,198,NOA,35,6,1,Efectivo,Pendiente,Arroz,$4.25,Conservas,$25.50,julio,7,martes-07,Conservas - Efectivo,2024
893,16/7/2024,183,Patagonia,29,4,3,Tarjeta de Débito,Completa,Cerveza,$11.54,Bebidas,$46.16,julio,7,martes-07,Bebidas - Tarjeta de Débito,2024
1345,16/7/2024,149,Cuyo,27,1,4,Mercado Pago,Completa,Agua mineral,$6.21,Bebidas,$6.21,julio,7,martes-07,Bebidas - Mercado Pago,2024
1400,16/7/2024,299,Cuyo,22,4,4,Mercado Pago,Completa,Cebolla,$4.21,Frutas y Verduras,$16.84,julio,7,martes-07,Frutas y Verduras - Mercado Pago,2024
1871,16/7/2024,184,Buenos Aires,20,1,5,Transferencia,Completa,Lechugas,$4.25,Frutas y Verduras,$4.25,julio,7,martes-07,Frutas y Verduras - Transferencia,2024
2158,16/7/2024,148,Centro,38,3,4,Mercado Pago,Pendiente,Atún enlatado,$6.21,Conservas,$18.63,julio,7,martes-07,Conservas - Mercado Pago,2024
412,17/7/2024,170,Centro,9,1,4,Mercado Pago,Completa,Pollo,$18.56,Carnicería,$18.56,julio,7,miércoles-07,Carnicería - Mercado Pago,2024
671,17/7/2024,286,Centro,22,1,1,Efectivo,Pendiente,Cebolla,$4.21,Frutas y Verduras,$4.21,julio,7,miércoles-07,Frutas y Verduras - Efectivo,2024
768,17/7/2024,168,Centro,19,5,3,Tarjeta de Débito,Completa,Tomates,$6.54,Frutas y Verduras,$32.70,julio,7,miércoles-07,Frutas y Verduras - Tarjeta de Débito,2024
974,17/7/2024,175,Buenos Aires,23,2,5,Transferencia,Completa,Papas fritas,$8.23,Congelados,$16.46,julio,7,miércoles-07,Congelados - Transferencia,2024
1093,17/7/2024,52,Patagonia,36,3,1,Efectivo,Completa,Lentejas,$3.25,Conservas,$9.75,julio,7,miércoles-07,Conservas - Efectivo,2024
1335,17/7/2024,33,NEA,28,4,4,Mercado Pago,Completa,Jugos de frutas,$9.45,Bebidas,$37.80,julio,7,miércoles-07,Bebidas - Mercado Pago,2024
1664,17/7/2024,17,Buenos Aires,11,2,4,Mercado Pago,Pendiente,Salchicha,$11.23,Carnicería,$22.46,julio,7,miércoles-07,Carnicería - Mercado Pago,2024
1898,17/7/2024,261,NOA,20,4,4,Mercado Pago,Completa,Lechugas,$4.25,Frutas y Verduras,$17.00,julio,7,miércoles-07,Frutas y Verduras - Mercado Pago,2024
2061,17/7/2024,318,Buenos Aires,30,2,4,Mercado Pago,Completa,Vino tinto,$13.54,Bebidas,$27.08,julio,7,miércoles-07,Bebidas - Mercado Pago,2024
2133,17/7/2024,92,Patagonia,13,6,3,Tarjeta de Débito,Completa,Pan integral,$12.56,Panadería,$75.36,julio,7,miércoles-07,Panadería - Tarjeta de Débito,2024
2139,17/7/2024,234,Buenos Aires,18,6,4,Mercado Pago,Completa,Bananas,$7.25,Frutas y Verduras,$43.50,julio,7,miércoles-07,Frutas y Verduras - Mercado Pago,2024
2321,17/7/2024,34,Cuyo,20,6,4,Mercado Pago,Completa,Lechugas,$4.25,Frutas y Verduras,$25.50,julio,7,miércoles-07,Frutas y Verduras - Mercado Pago,2024
489,18/7/2024,152,NOA,27,6,5,Transferencia,Completa,Agua mineral,$6.21,Bebidas,$37.26,julio,7,jueves-07,Bebidas - Transferencia,2024
519,18/7/2024,174,Patagonia,38,3,1,Efectivo,Completa,Atún enlatado,$6.21,Conservas,$18.63,julio,7,jueves-07,Conservas - Efectivo,2024
549,18/7/2024,211,Centro,4,3,5,Transferencia,Pendiente,Queso rallado,$19.23,Lácteos,$57.69,julio,7,jueves-07,Lácteos - Transferencia,2024
1216,18/7/2024,123,Patagonia,23,6,3,Tarjeta de Débito,Completa,Papas fritas,$8.23,Congelados,$49.38,julio,7,jueves-07,Congelados - Tarjeta de Débito,2024
1305,18/7/2024,134,Cuyo,38,1,3,Tarjeta de Débito,Completa,Atún enlatado,$6.21,Conservas,$6.21,julio,7,jueves-07,Conservas - Tarjeta de Débito,2024
1493,18/7/2024,291,NEA,15,4,5,Transferencia,Completa,Medialunas,$3.51,Panadería,$14.04,julio,7,jueves-07,Panadería - Transferencia,2024
2412,18/7/2024,5,Centro,36,3,1,Efectivo,Completa,Lentejas,$3.25,Conservas,$9.75,julio,7,jueves-07,Conservas - Efectivo,2024
2902,18/7/2024,325,NEA,32,3,5,Transferencia,Completa,Galletitas de chocolate,$6.25,Galletitas y Snacks,$18.75,julio,7,jueves-07,Galletitas y Snacks - Transferencia,2024
148,19/7/2024,50,Buenos Aires,9,6,2,Tarjeta de Crédito,Completa,Pollo,$18.56,Carnicería,$111.36,julio,7,viernes-07,Carnicería - Tarjeta de Crédito,2024
241,19/7/2024,158,Buenos Aires,7,5,3,Tarjeta de Débito,Pendiente,Chorizo,$11.25,Carnicería,$56.25,julio,7,viernes-07,Carnicería - Tarjeta de Débito,2024
335,19/7/2024,277,Patagonia,11,2,4,Mercado Pago,Pendiente,Salchicha,$11.23,Carnicería,$22.46,julio,7,viernes-07,Carnicería - Mercado Pago,2024
977,19/7/2024,25,Patagonia,12,1,1,Efectivo,Completa,Pan francés,$8.12,Panadería,$8.12,julio,7,viernes-07,Panadería - Efectivo,2024
1395,19/7/2024,265,Centro,3,4,4,Mercado Pago,Pendiente,Queso cremoso,$17.23,Lácteos,$68.92,julio,7,viernes-07,Lácteos - Mercado Pago,2024
1546,19/7/2024,283,Buenos Aires,10,1,3,Tarjeta de Débito,Completa,Costilla de cerdo,$14.25,Carnicería,$14.25,julio,7,viernes-07,Carnicería - Tarjeta de Débito,2024
2474,19/7/2024,188,Cuyo,19,3,4,Mercado Pago,Pendiente,Tomates,$6.54,Frutas y Verduras,$19.62,julio,7,viernes-07,Frutas y Verduras - Mercado Pago,2024
2557,19/7/2024,156,Patagonia,7,1,1,Efectivo,Completa,Chorizo,$11.25,Carnicería,$11.25,julio,7,viernes-07,Carnicería - Efectivo,2024
2652,19/7/2024,247,Buenos Aires,23,1,1,Efectivo,Completa,Papas fritas,$8.23,Congelados,$8.23,julio,7,viernes-07,Congelados - Efectivo,2024
2800,19/7/2024,226,Patagonia,8,4,2,Tarjeta de Crédito,Completa,Milanesa,$16.21,Carnicería,$64.84,julio,7,viernes-07,Carnicería - Tarjeta de Crédito,2024
2811,19/7/2024,253,Buenos Aires,26,6,5,Transferencia,Completa,Hamburgesas congeladas,$9.54,Congelados,$57.24,julio,7,viernes-07,Congelados - Transferencia,2024
2830,19/7/2024,11,Buenos Aires,27,1,5,Transferencia,Completa,Agua mineral,$6.21,Bebidas,$6.21,julio,7,viernes-07,Bebidas - Transferencia,2024
2966,19/7/2024,203,Buenos Aires,37,4,4,Mercado Pago,Completa,Garbanzos,$3.65,Conservas,$14.60,julio,7,viernes-07,Conservas - Mercado Pago,2024
2977,19/7/2024,288,Buenos Aires,21,2,2,Tarjeta de Crédito,Completa,Zanahorias,$3.25,Frutas y Verduras,$6.50,julio,7,viernes-07,Frutas y Verduras - Tarjeta de Crédito,2024
500,20/7/2024,175,Buenos Aires,35,3,5,Transferencia,Pendiente,Arroz,$4.25,Conservas,$12.75,julio,7,sábado-07,Conservas - Transferencia,2024
514,20/7/2024,298,Buenos Aires,38,5,5,Transferencia,Completa,Atún enlatado,$6.21,Conservas,$31.05,julio,7,sábado-07,Conservas - Transferencia,2024
682,20/7/2024,200,Centro,17,2,2,Tarjeta de Crédito,Completa,Manzanas,$6.54,Frutas y Verduras,$13.08,julio,7,sábado-07,Frutas y Verduras - Tarjeta de Crédito,2024
707,20/7/2024,216,Centro,8,4,3,Tarjeta de Débito,Completa,Milanesa,$16.21,Carnicería,$64.84,julio,7,sábado-07,Carnicería - Tarjeta de Débito,2024
777,20/7/2024,235,NEA,9,1,5,Transferencia,Completa,Pollo,$18.56,Carnicería,$18.56,julio,7,sábado-07,Carnicería - Transferencia,2024
803,20/7/2024,227,Buenos Aires,2,4,4,Mercado Pago,Pendiente,Yogur,$5.21,Lácteos,$20.84,julio,7,sábado-07,Lácteos - Mercado Pago,2024
1461,20/7/2024,87,Patagonia,5,4,1,Efectivo,Completa,Manteca,$5.65,Lácteos,$22.60,julio,7,sábado-07,Lácteos - Efectivo,2024
1547,20/7/2024,122,Centro,21,2,2,Tarjeta de Crédito,Completa,Zanahorias,$3.25,Frutas y Verduras,$6.50,julio,7,sábado-07,Frutas y Verduras - Tarjeta de Crédito,2024
2676,20/7/2024,83,Buenos Aires,25,2,4,Mercado Pago,Completa,Pizza congelada,$15.45,Congelados,$30.90,julio,7,sábado-07,Congelados - Mercado Pago,2024
367,21/7/2024,163,Buenos Aires,6,3,4,Mercado Pago,Completa,Asado,$28.56,Carnicería,$85.68,julio,7,domingo-07,Carnicería - Mercado Pago,2024
666,21/7/2024,20,Cuyo,10,3,3,Tarjeta de Débito,Completa,Costilla de cerdo,$14.25,Carnicería,$42.75,julio,7,domingo-07,Carnicería - Tarjeta de Débito,2024
1017,21/7/2024,200,Centro,24,2,3,Tarjeta de Débito,Completa,Empanadas,$13.54,Congelados,$27.08,julio,7,domingo-07,Congelados - Tarjeta de Débito,2024
1023,21/7/2024,104,Buenos Aires,4,2,5,Transferencia,Pendiente,Queso rallado,$19.23,Lácteos,$38.46,julio,7,domingo-07,Lácteos - Transferencia,2024
1885,21/7/2024,219,Patagonia,17,6,4,Mercado Pago,Completa,Manzanas,$6.54,Frutas y Verduras,$39.24,julio,7,domingo-07,Frutas y Verduras - Mercado Pago,2024
1887,21/7/2024,19,Centro,19,2,5,Transferencia,Completa,Tomates,$6.54,Frutas y Verduras,$13.08,julio,7,domingo-07,Frutas y Verduras - Transferencia,2024
1943,21/7/2024,235,NEA,15,2,4,Mercado Pago,Completa,Medialunas,$3.51,Panadería,$7.02,julio,7,domingo-07,Panadería - Mercado Pago,2024
2111,21/7/2024,289,Cuyo,23,2,3,Tarjeta de Débito,Completa,Papas fritas,$8.23,Congelados,$16.46,julio,7,domingo-07,Congelados - Tarjeta de Débito,2024
81,22/7/2024,160,Centro,10,2,3,Tarjeta de Débito,Completa,Costilla de cerdo,$14.25,Carnicería,$28.50,julio,7,lunes-07,Carnicería - Tarjeta de Débito,2024
291,22/7/2024,79,Patagonia,37,6,3,Tarjeta de Débito,Completa,Garbanzos,$3.65,Conservas,$21.90,julio,7,lunes-07,Conservas - Tarjeta de Débito,2024
555,22/7/2024,234,Buenos Aires,27,5,3,Tarjeta de Débito,Completa,Agua mineral,$6.21,Bebidas,$31.05,julio,7,lunes-07,Bebidas - Tarjeta de Débito,2024
1034,22/7/2024,125,Patagonia,26,3,1,Efectivo,Pendiente,Hamburgesas congeladas,$9.54,Congelados,$28.62,julio,7,lunes-07,Congelados - Efectivo,2024
1641,22/7/2024,319,Patagonia,29,6,4,Mercado Pago,Pendiente,Cerveza,$11.54,Bebidas,$69.24,julio,7,lunes-07,Bebidas - Mercado Pago,2024
1848,22/7/2024,323,Centro,2,5,2,Tarjeta de Crédito,Completa,Yogur,$5.21,Lácteos,$26.05,julio,7,lunes-07,Lácteos - Tarjeta de Crédito,2024
1990,22/7/2024,242,NEA,16,4,5,Transferencia,Completa,Tortas,$15.23,Panadería,$60.92,julio,7,lunes-07,Panadería - Transferencia,2024
2440,22/7/2024,21,Buenos Aires,35,6,4,Mercado Pago,Completa,Arroz,$4.25,Conservas,$25.50,julio,7,lunes-07,Conservas - Mercado Pago,2024
2837,22/7/2024,324,NEA,14,1,3,Tarjeta de Débito,Completa,Facturas,$12.36,Panadería,$12.36,julio,7,lunes-07,Panadería - Tarjeta de Débito,2024
280,23/7/2024,279,Centro,2,1,3,Tarjeta de Débito,Completa,Yogur,$5.21,Lácteos,$5.21,julio,7,martes-07,Lácteos - Tarjeta de Débito,2024
538,23/7/2024,243,Buenos Aires,37,1,1,Efectivo,Pendiente,Garbanzos,$3.65,Conservas,$3.65,julio,7,martes-07,Conservas - Efectivo,2024
574,23/7/2024,17,Buenos Aires,17,5,5,Transferencia,Completa,Manzanas,$6.54,Frutas y Verduras,$32.70,julio,7,martes-07,Frutas y Verduras - Transferencia,2024
1145,23/7/2024,90,Buenos Aires,25,6,2,Tarjeta de Crédito,Completa,Pizza congelada,$15.45,Congelados,$92.70,julio,7,martes-07,Congelados - Tarjeta de Crédito,2024
1261,23/7/2024,318,Buenos Aires,30,4,1,Efectivo,Completa,Vino tinto,$13.54,Bebidas,$54.16,julio,7,martes-07,Bebidas - Efectivo,2024
1500,23/7/2024,141,NEA,23,5,4,Mercado Pago,Pendiente,Papas fritas,$8.23,Congelados,$41.15,julio,7,martes-07,Congelados - Mercado Pago,2024
1912,23/7/2024,23,Patagonia,21,1,4,Mercado Pago,Completa,Zanahorias,$3.25,Frutas y Verduras,$3.25,julio,7,martes-07,Frutas y Verduras - Mercado Pago,2024
2170,23/7/2024,130,Buenos Aires,2,1,4,Mercado Pago,Pendiente,Yogur,$5.21,Lácteos,$5.21,julio,7,martes-07,Lácteos - Mercado Pago,2024
2736,23/7/2024,133,Buenos Aires,35,4,3,Tarjeta de Débito,Completa,Arroz,$4.25,Conservas,$17.00,julio,7,martes-07,Conservas - Tarjeta de Débito,2024
2749,23/7/2024,248,Centro,18,2,1,Efectivo,Completa,Bananas,$7.25,Frutas y Verduras,$14.50,julio,7,martes-07,Frutas y Verduras - Efectivo,2024
2927,23/7/2024,270,Cuyo,13,6,4,Mercado Pago,Completa,Pan integral,$12.56,Panadería,$75.36,julio,7,martes-07,Panadería - Mercado Pago,2024
92,24/7/2024,190,NEA,22,2,5,Transferencia,Completa,Cebolla,$4.21,Frutas y Verduras,$8.42,julio,7,miércoles-07,Frutas y Verduras - Transferencia,2024
953,24/7/2024,134,Cuyo,33,3,3,Tarjeta de Débito,Completa,Papas chips,$8.54,Galletitas y Snacks,$25.62,julio,7,miércoles-07,Galletitas y Snacks - Tarjeta de Débito,2024
1314,24/7/2024,290,Buenos Aires,6,3,2,Tarjeta de Crédito,Completa,Asado,$28.56,Carnicería,$85.68,julio,7,miércoles-07,Carnicería - Tarjeta de Crédito,2024
1994,24/7/2024,323,Centro,31,6,5,Transferencia,Completa,Galletitas de agua,$5.24,Galletitas y Snacks,$31.44,julio,7,miércoles-07,Galletitas y Snacks - Transferencia,2024
2215,24/7/2024,35,NOA,28,1,1,Efectivo,Pendiente,Jugos de frutas,$9.45,Bebidas,$9.45,julio,7,miércoles-07,Bebidas - Efectivo,2024
2277,24/7/2024,144,NEA,36,3,2,Tarjeta de Crédito,Completa,Lentejas,$3.25,Conservas,$9.75,julio,7,miércoles-07,Conservas - Tarjeta de Crédito,2024
2528,24/7/2024,164,Centro,13,1,1,Efectivo,Completa,Pan integral,$12.56,Panadería,$12.56,julio,7,miércoles-07,Panadería - Efectivo,2024
2695,24/7/2024,58,Buenos Aires,31,1,5,Transferencia,Completa,Galletitas de agua,$5.24,Galletitas y Snacks,$5.24,julio,7,miércoles-07,Galletitas y Snacks - Transferencia,2024
2725,24/7/2024,256,Buenos Aires,6,3,1,Efectivo,Completa,Asado,$28.56,Carnicería,$85.68,julio,7,miércoles-07,Carnicería - Efectivo,2024
104,25/7/2024,171,Cuyo,21,2,5,Transferencia,Completa,Zanahorias,$3.25,Frutas y Verduras,$6.50,julio,7,jueves-07,Frutas y Verduras - Transferencia,2024
939,25/7/2024,150,Buenos Aires,14,2,5,Transferencia,Completa,Facturas,$12.36,Panadería,$24.72,julio,7,jueves-07,Panadería - Transferencia,2024
1255,25/7/2024,25,Patagonia,35,6,4,Mercado Pago,Pendiente,Arroz,$4.25,Conservas,$25.50,julio,7,jueves-07,Conservas - Mercado Pago,2024
1353,25/7/2024,317,NEA,34,3,1,Efectivo,Completa,Maníes,$5.45,Galletitas y Snacks,$16.35,julio,7,jueves-07,Galletitas y Snacks - Efectivo,2024
1408,25/7/2024,124,NEA,12,1,5,Transferencia,Completa,Pan francés,$8.12,Panadería,$8.12,julio,7,jueves-07,Panadería - Transferencia,2024
1580,25/7/2024,209,Buenos Aires,9,6,3,Tarjeta de Débito,Completa,Pollo,$18.56,Carnicería,$111.36,julio,7,jueves-07,Carnicería - Tarjeta de Débito,2024
1744,25/7/2024,314,Patagonia,34,3,5,Transferencia,Completa,Maníes,$5.45,Galletitas y Snacks,$16.35,julio,7,jueves-07,Galletitas y Snacks - Transferencia,2024
2471,25/7/2024,32,Cuyo,35,2,3,Tarjeta de Débito,Completa,Arroz,$4.25,Conservas,$8.50,julio,7,jueves-07,Conservas - Tarjeta de Débito,2024
2525,25/7/2024,231,Patagonia,38,4,5,Transferencia,Completa,Atún enlatado,$6.21,Conservas,$24.84,julio,7,jueves-07,Conservas - Transferencia,2024
19,26/7/2024,47,Buenos Aires,31,6,1,Efectivo,Pendiente,Galletitas de agua,$5.24,Galletitas y Snacks,$31.44,julio,7,viernes-07,Galletitas y Snacks - Efectivo,2024
323,26/7/2024,295,Cuyo,22,3,2,Tarjeta de Crédito,Completa,Cebolla,$4.21,Frutas y Verduras,$12.63,julio,7,viernes-07,Frutas y Verduras - Tarjeta de Crédito,2024
392,26/7/2024,150,Buenos Aires,15,5,5,Transferencia,Completa,Medialunas,$3.51,Panadería,$17.55,julio,7,viernes-07,Panadería - Transferencia,2024
410,26/7/2024,165,Buenos Aires,34,5,2,Tarjeta de Crédito,Pendiente,Maníes,$5.45,Galletitas y Snacks,$27.25,julio,7,viernes-07,Galletitas y Snacks - Tarjeta de Crédito,2024
515,26/7/2024,35,NOA,13,3,4,Mercado Pago,Completa,Pan integral,$12.56,Panadería,$37.68,julio,7,viernes-07,Panadería - Mercado Pago,2024
689,26/7/2024,187,Buenos Aires,33,3,1,Efectivo,Completa,Papas chips,$8.54,Galletitas y Snacks,$25.62,julio,7,viernes-07,Galletitas y Snacks - Efectivo,2024
770,26/7/2024,123,Patagonia,9,1,1,Efectivo,Completa,Pollo,$18.56,Carnicería,$18.56,julio,7,viernes-07,Carnicería - Efectivo,2024
1004,26/7/2024,71,Buenos Aires,29,5,5,Transferencia,Completa,Cerveza,$11.54,Bebidas,$57.70,julio,7,viernes-07,Bebidas - Transferencia,2024
1070,26/7/2024,174,Patagonia,12,6,4,Mercado Pago,Completa,Pan francés,$8.12,Panadería,$48.72,julio,7,viernes-07,Panadería - Mercado Pago,2024
1233,26/7/2024,199,Buenos Aires,16,4,3,Tarjeta de Débito,Cancelada,Tortas,$15.23,Panadería,$60.92,julio,7,viernes-07,Panadería - Tarjeta de Débito,2024
1678,26/7/2024,170,Centro,32,6,4,Mercado Pago,Pendiente,Galletitas de chocolate,$6.25,Galletitas y Snacks,$37.50,julio,7,viernes-07,Galletitas y Snacks - Mercado Pago,2024
2760,26/7/2024,159,NEA,16,5,4,Mercado Pago,Completa,Tortas,$15.23,Panadería,$76.15,julio,7,viernes-07,Panadería - Mercado Pago,2024
2779,26/7/2024,237,Buenos Aires,26,3,5,Transferencia,Completa,Hamburgesas congeladas,$9.54,Congelados,$28.62,julio,7,viernes-07,Congelados - Transferencia,2024
2836,26/7/2024,139,Buenos Aires,13,5,1,Efectivo,Completa,Pan integral,$12.56,Panadería,$62.80,julio,7,viernes-07,Panadería - Efectivo,2024
2986,26/7/2024,228,Centro,11,4,4,Mercado Pago,Completa,Salchicha,$11.23,Carnicería,$44.92,julio,7,viernes-07,Carnicería - Mercado Pago,2024
344,27/7/2024,151,Buenos Aires,19,2,3,Tarjeta de Débito,Pendiente,Tomates,$6.54,Frutas y Verduras,$13.08,julio,7,sábado-07,Frutas y Verduras - Tarjeta de Débito,2024
475,27/7/2024,314,Patagonia,36,5,1,Efectivo,Completa,Lentejas,$3.25,Conservas,$16.25,julio,7,sábado-07,Conservas - Efectivo,2024
771,27/7/2024,78,Buenos Aires,32,4,2,Tarjeta de Crédito,Completa,Galletitas de chocolate,$6.25,Galletitas y Snacks,$25.00,julio,7,sábado-07,Galletitas y Snacks - Tarjeta de Crédito,2024
1516,27/7/2024,22,Centro,14,2,4,Mercado Pago,Completa,Facturas,$12.36,Panadería,$24.72,julio,7,sábado-07,Panadería - Mercado Pago,2024
1858,27/7/2024,301,Cuyo,26,2,4,Mercado Pago,Pendiente,Hamburgesas congeladas,$9.54,Congelados,$19.08,julio,7,sábado-07,Congelados - Mercado Pago,2024
2237,27/7/2024,233,Centro,38,5,4,Mercado Pago,Completa,Atún enlatado,$6.21,Conservas,$31.05,julio,7,sábado-07,Conservas - Mercado Pago,2024
2282,27/7/2024,192,Cuyo,6,6,4,Mercado Pago,Completa,Asado,$28.56,Carnicería,$171.36,julio,7,sábado-07,Carnicería - Mercado Pago,2024
2293,27/7/2024,300,NEA,6,3,4,Mercado Pago,Completa,Asado,$28.56,Carnicería,$85.68,julio,7,sábado-07,Carnicería - Mercado Pago,2024
411,28/7/2024,142,Cuyo,23,5,4,Mercado Pago,Completa,Papas fritas,$8.23,Congelados,$41.15,julio,7,domingo-07,Congelados - Mercado Pago,2024
838,28/7/2024,304,Cuyo,38,3,1,Efectivo,Completa,Atún enlatado,$6.21,Conservas,$18.63,julio,7,domingo-07,Conservas - Efectivo,2024
2389,28/7/2024,64,NEA,29,1,1,Efectivo,Completa,Cerveza,$11.54,Bebidas,$11.54,julio,7,domingo-07,Bebidas - Efectivo,2024
178,29/7/2024,159,NEA,21,1,3,Tarjeta de Débito,Pendiente,Zanahorias,$3.25,Frutas y Verduras,$3.25,julio,7,lunes-07,Frutas y Verduras - Tarjeta de Débito,2024
257,29/7/2024,249,Buenos Aires,28,5,4,Mercado Pago,Pendiente,Jugos de frutas,$9.45,Bebidas,$47.25,julio,7,lunes-07,Bebidas - Mercado Pago,2024
531,29/7/2024,24,Cuyo,27,2,4,Mercado Pago,Completa,Agua mineral,$6.21,Bebidas,$12.42,julio,7,lunes-07,Bebidas - Mercado Pago,2024
701,29/7/2024,77,Buenos Aires,21,2,3,Tarjeta de Débito,Pendiente,Zanahorias,$3.25,Frutas y Verduras,$6.50,julio,7,lunes-07,Frutas y Verduras - Tarjeta de Débito,2024
1515,29/7/2024,22,Centro,3,3,1,Efectivo,Completa,Queso cremoso,$17.23,Lácteos,$51.69,julio,7,lunes-07,Lácteos - Efectivo,2024
1850,29/7/2024,301,Cuyo,15,4,4,Mercado Pago,Completa,Medialunas,$3.51,Panadería,$14.04,julio,7,lunes-07,Panadería - Mercado Pago,2024
2994,29/7/2024,162,Patagonia,17,3,3,Tarjeta de Débito,Completa,Manzanas,$6.54,Frutas y Verduras,$19.62,julio,7,lunes-07,Frutas y Verduras - Tarjeta de Débito,2024
121,30/7/2024,114,Centro,38,4,5,Transferencia,Completa,Atún enlatado,$6.21,Conservas,$24.84,julio,7,martes-07,Conservas - Transferencia,2024
202,30/7/2024,170,Centro,6,5,4,Mercado Pago,Completa,Asado,$28.56,Carnicería,$142.80,julio,7,martes-07,Carnicería - Mercado Pago,2024
308,30/7/2024,153,Cuyo,29,2,4,Mercado Pago,Completa,Cerveza,$11.54,Bebidas,$23.08,julio,7,martes-07,Bebidas - Mercado Pago,2024
381,30/7/2024,140,NEA,29,4,2,Tarjeta de Crédito,Completa,Cerveza,$11.54,Bebidas,$46.16,julio,7,martes-07,Bebidas - Tarjeta de Crédito,2024
906,30/7/2024,179,Buenos Aires,13,1,5,Transferencia,Completa,Pan integral,$12.56,Panadería,$12.56,julio,7,martes-07,Panadería - Transferencia,2024
930,30/7/2024,91,Buenos Aires,7,6,4,Mercado Pago,Completa,Chorizo,$11.25,Carnicería,$67.50,julio,7,martes-07,Carnicería - Mercado Pago,2024
1106,30/7/2024,153,Cuyo,2,1,4,Mercado Pago,Pendiente,Yogur,$5.21,Lácteos,$5.21,julio,7,martes-07,Lácteos - Mercado Pago,2024
1196,30/7/2024,239,Buenos Aires,32,2,1,Efectivo,Completa,Galletitas de chocolate,$6.25,Galletitas y Snacks,$12.50,julio,7,martes-07,Galletitas y Snacks - Efectivo,2024
1520,30/7/2024,209,Buenos Aires,1,4,5,Transferencia,Completa,Leche,$12.24,Lácteos,$48.96,julio,7,martes-07,Lácteos - Transferencia,2024
1617,30/7/2024,162,Patagonia,32,1,4,Mercado Pago,Completa,Galletitas de chocolate,$6.25,Galletitas y Snacks,$6.25,julio,7,martes-07,Galletitas y Snacks - Mercado Pago,2024
1672,30/7/2024,188,Cuyo,8,5,5,Transferencia,Completa,Milanesa,$16.21,Carnicería,$81.05,julio,7,martes-07,Carnicería - Transferencia,2024
1938,30/7/2024,125,Patagonia,16,3,4,Mercado Pago,Completa,Tortas,$15.23,Panadería,$45.69,julio,7,martes-07,Panadería - Mercado Pago,2024
2423,30/7/2024,157,Patagonia,1,5,3,Tarjeta de Débito,Completa,Leche,$12.24,Lácteos,$61.20,julio,7,martes-07,Lácteos - Tarjeta de Débito,2024
2656,30/7/2024,207,Buenos Aires,14,4,5,Transferencia,Completa,Facturas,$12.36,Panadería,$49.44,julio,7,martes-07,Panadería - Transferencia,2024
2846,30/7/2024,200,Centro,15,4,5,Transferencia,Completa,Medialunas,$3.51,Panadería,$14.04,julio,7,martes-07,Panadería - Transferencia,2024
2849,30/7/2024,153,Cuyo,26,2,4,Mercado Pago,Completa,Hamburgesas congeladas,$9.54,Congelados,$19.08,julio,7,martes-07,Congelados - Mercado Pago,2024
146,31/7/2024,148,Centro,8,2,4,Mercado Pago,Completa,Milanesa,$16.21,Carnicería,$32.42,julio,7,miércoles-07,Carnicería - Mercado Pago,2024
220,31/7/2024,156,Patagonia,5,6,5,Transferencia,Pendiente,Manteca,$5.65,Lácteos,$33.90,julio,7,miércoles-07,Lácteos - Transferencia,2024
1279,31/7/2024,302,Patagonia,33,4,1,Efectivo,Completa,Papas chips,$8.54,Galletitas y Snacks,$34.16,julio,7,miércoles-07,Galletitas y Snacks - Efectivo,2024
1297,31/7/2024,32,Cuyo,24,2,1,Efectivo,Completa,Empanadas,$13.54,Congelados,$27.08,julio,7,miércoles-07,Congelados - Efectivo,2024
1316,31/7/2024,251,Centro,2,3,4,Mercado Pago,Pendiente,Yogur,$5.21,Lácteos,$15.63,julio,7,miércoles-07,Lácteos - Mercado Pago,2024
1352,31/7/2024,205,Patagonia,7,6,4,Mercado Pago,Pendiente,Chorizo,$11.25,Carnicería,$67.50,julio,7,miércoles-07,Carnicería - Mercado Pago,2024
47,1/8/2024,86,Patagonia,31,4,2,Tarjeta de Crédito,Completa,Galletitas de agua,$5.24,Galletitas y Snacks,$20.96,agosto,8,jueves-08,Galletitas y Snacks - Tarjeta de Crédito,2024
631,1/8/2024,120,Buenos Aires,20,1,1,Efectivo,Completa,Lechugas,$4.25,Frutas y Verduras,$4.25,agosto,8,jueves-08,Frutas y Verduras - Efectivo,2024
929,1/8/2024,164,Centro,31,5,3,Tarjeta de Débito,Pendiente,Galletitas de agua,$5.24,Galletitas y Snacks,$26.20,agosto,8,jueves-08,Galletitas y Snacks - Tarjeta de Débito,2024
1090,1/8/2024,43,Patagonia,3,3,4,Mercado Pago,Pendiente,Queso cremoso,$17.23,Lácteos,$51.69,agosto,8,jueves-08,Lácteos - Mercado Pago,2024
1973,1/8/2024,80,NEA,20,3,3,Tarjeta de Débito,Completa,Lechugas,$4.25,Frutas y Verduras,$12.75,agosto,8,jueves-08,Frutas y Verduras - Tarjeta de Débito,2024
2118,1/8/2024,199,Buenos Aires,7,2,5,Transferencia,Completa,Chorizo,$11.25,Carnicería,$22.50,agosto,8,jueves-08,Carnicería - Transferencia,2024
2210,1/8/2024,140,NEA,5,2,3,Tarjeta de Débito,Completa,Manteca,$5.65,Lácteos,$11.30,agosto,8,jueves-08,Lácteos - Tarjeta de Débito,2024
2285,1/8/2024,78,Buenos Aires,4,3,4,Mercado Pago,Pendiente,Queso rallado,$19.23,Lácteos,$57.69,agosto,8,jueves-08,Lácteos - Mercado Pago,2024
2408,1/8/2024,89,Patagonia,15,1,5,Transferencia,Completa,Medialunas,$3.51,Panadería,$3.51,agosto,8,jueves-08,Panadería - Transferencia,2024
2502,1/8/2024,326,Cuyo,31,5,1,Efectivo,Completa,Galletitas de agua,$5.24,Galletitas y Snacks,$26.20,agosto,8,jueves-08,Galletitas y Snacks - Efectivo,2024
57,2/8/2024,305,Patagonia,13,1,5,Transferencia,Completa,Pan integral,$12.56,Panadería,$12.56,agosto,8,viernes-08,Panadería - Transferencia,2024
313,2/8/2024,250,Centro,30,1,5,Transferencia,Completa,Vino tinto,$13.54,Bebidas,$13.54,agosto,8,viernes-08,Bebidas - Transferencia,2024
333,2/8/2024,26,Centro,35,1,1,Efectivo,Completa,Arroz,$4.25,Conservas,$4.25,agosto,8,viernes-08,Conservas - Efectivo,2024
336,2/8/2024,80,NEA,20,6,5,Transferencia,Completa,Lechugas,$4.25,Frutas y Verduras,$25.50,agosto,8,viernes-08,Frutas y Verduras - Transferencia,2024
356,2/8/2024,278,Centro,2,6,4,Mercado Pago,Completa,Yogur,$5.21,Lácteos,$31.26,agosto,8,viernes-08,Lácteos - Mercado Pago,2024
550,2/8/2024,221,Buenos Aires,4,5,1,Efectivo,Completa,Queso rallado,$19.23,Lácteos,$96.15,agosto,8,viernes-08,Lácteos - Efectivo,2024
1377,2/8/2024,85,Cuyo,31,6,1,Efectivo,Pendiente,Galletitas de agua,$5.24,Galletitas y Snacks,$31.44,agosto,8,viernes-08,Galletitas y Snacks - Efectivo,2024
1407,2/8/2024,242,NEA,6,4,4,Mercado Pago,Completa,Asado,$28.56,Carnicería,$114.24,agosto,8,viernes-08,Carnicería - Mercado Pago,2024
1496,2/8/2024,213,Centro,9,5,5,Transferencia,Pendiente,Pollo,$18.56,Carnicería,$92.80,agosto,8,viernes-08,Carnicería - Transferencia,2024
1522,2/8/2024,167,Buenos Aires,6,6,2,Tarjeta de Crédito,Completa,Asado,$28.56,Carnicería,$171.36,agosto,8,viernes-08,Carnicería - Tarjeta de Crédito,2024
1955,2/8/2024,78,Buenos Aires,30,6,4,Mercado Pago,Completa,Vino tinto,$13.54,Bebidas,$81.24,agosto,8,viernes-08,Bebidas - Mercado Pago,2024
2361,2/8/2024,164,Centro,21,5,5,Transferencia,Pendiente,Zanahorias,$3.25,Frutas y Verduras,$16.25,agosto,8,viernes-08,Frutas y Verduras - Transferencia,2024
305,3/8/2024,78,Buenos Aires,11,6,4,Mercado Pago,Completa,Salchicha,$11.23,Carnicería,$67.38,agosto,8,sábado-08,Carnicería - Mercado Pago,2024
1895,3/8/2024,125,Patagonia,13,4,5,Transferencia,Completa,Pan integral,$12.56,Panadería,$50.24,agosto,8,sábado-08,Panadería - Transferencia,2024
1937,3/8/2024,326,Cuyo,25,1,1,Efectivo,Completa,Pizza congelada,$15.45,Congelados,$15.45,agosto,8,sábado-08,Congelados - Efectivo,2024
2046,3/8/2024,13,Centro,22,1,5,Transferencia,Completa,Cebolla,$4.21,Frutas y Verduras,$4.21,agosto,8,sábado-08,Frutas y Verduras - Transferencia,2024
2152,3/8/2024,153,Cuyo,25,2,2,Tarjeta de Crédito,Pendiente,Pizza congelada,$15.45,Congelados,$30.90,agosto,8,sábado-08,Congelados - Tarjeta de Crédito,2024
2265,3/8/2024,37,Cuyo,26,5,4,Mercado Pago,Completa,Hamburgesas congeladas,$9.54,Congelados,$47.70,agosto,8,sábado-08,Congelados - Mercado Pago,2024
211,4/8/2024,264,Buenos Aires,32,2,5,Transferencia,Completa,Galletitas de chocolate,$6.25,Galletitas y Snacks,$12.50,agosto,8,domingo-08,Galletitas y Snacks - Transferencia,2024
282,4/8/2024,189,Patagonia,3,2,5,Transferencia,Completa,Queso cremoso,$17.23,Lácteos,$34.46,agosto,8,domingo-08,Lácteos - Transferencia,2024
1557,4/8/2024,165,Buenos Aires,37,5,1,Efectivo,Completa,Garbanzos,$3.65,Conservas,$18.25,agosto,8,domingo-08,Conservas - Efectivo,2024
1786,4/8/2024,209,Buenos Aires,33,4,4,Mercado Pago,Completa,Papas chips,$8.54,Galletitas y Snacks,$34.16,agosto,8,domingo-08,Galletitas y Snacks - Mercado Pago,2024
2234,4/8/2024,278,Centro,27,2,4,Mercado Pago,Completa,Agua mineral,$6.21,Bebidas,$12.42,agosto,8,domingo-08,Bebidas - Mercado Pago,2024
153,5/8/2024,268,NOA,3,4,1,Efectivo,Completa,Queso cremoso,$17.23,Lácteos,$68.92,agosto,8,lunes-08,Lácteos - Efectivo,2024
193,5/8/2024,20,Cuyo,1,2,1,Efectivo,Completa,Leche,$12.24,Lácteos,$24.48,agosto,8,lunes-08,Lácteos - Efectivo,2024
486,5/8/2024,151,Buenos Aires,35,3,5,Transferencia,Completa,Arroz,$4.25,Conservas,$12.75,agosto,8,lunes-08,Conservas - Transferencia,2024
487,5/8/2024,93,Buenos Aires,36,2,5,Transferencia,Completa,Lentejas,$3.25,Conservas,$6.50,agosto,8,lunes-08,Conservas - Transferencia,2024
584,5/8/2024,99,Buenos Aires,11,4,5,Transferencia,Completa,Salchicha,$11.23,Carnicería,$44.92,agosto,8,lunes-08,Carnicería - Transferencia,2024
591,5/8/2024,111,Cuyo,37,5,2,Tarjeta de Crédito,Pendiente,Garbanzos,$3.65,Conservas,$18.25,agosto,8,lunes-08,Conservas - Tarjeta de Crédito,2024
854,5/8/2024,82,Buenos Aires,29,6,3,Tarjeta de Débito,Completa,Cerveza,$11.54,Bebidas,$69.24,agosto,8,lunes-08,Bebidas - Tarjeta de Débito,2024
880,5/8/2024,114,Centro,2,2,5,Transferencia,Completa,Yogur,$5.21,Lácteos,$10.42,agosto,8,lunes-08,Lácteos - Transferencia,2024
1009,5/8/2024,306,Cuyo,29,2,5,Transferencia,Completa,Cerveza,$11.54,Bebidas,$23.08,agosto,8,lunes-08,Bebidas - Transferencia,2024
1432,5/8/2024,309,Centro,36,3,4,Mercado Pago,Completa,Lentejas,$3.25,Conservas,$9.75,agosto,8,lunes-08,Conservas - Mercado Pago,2024
1482,5/8/2024,126,Cuyo,18,4,1,Efectivo,Completa,Bananas,$7.25,Frutas y Verduras,$29.00,agosto,8,lunes-08,Frutas y Verduras - Efectivo,2024
1604,5/8/2024,1,Patagonia,15,1,5,Transferencia,Completa,Medialunas,$3.51,Panadería,$3.51,agosto,8,lunes-08,Panadería - Transferencia,2024
2187,5/8/2024,69,Cuyo,29,1,1,Efectivo,Completa,Cerveza,$11.54,Bebidas,$11.54,agosto,8,lunes-08,Bebidas - Efectivo,2024
2357,5/8/2024,125,Patagonia,32,5,5,Transferencia,Completa,Galletitas de chocolate,$6.25,Galletitas y Snacks,$31.25,agosto,8,lunes-08,Galletitas y Snacks - Transferencia,2024
2618,5/8/2024,145,Buenos Aires,1,3,3,Tarjeta de Débito,Completa,Leche,$12.24,Lácteos,$36.72,agosto,8,lunes-08,Lácteos - Tarjeta de Débito,2024
2627,5/8/2024,241,Buenos Aires,36,4,2,Tarjeta de Crédito,Completa,Lentejas,$3.25,Conservas,$13.00,agosto,8,lunes-08,Conservas - Tarjeta de Crédito,2024
2773,5/8/2024,248,Centro,31,4,3,Tarjeta de Débito,Completa,Galletitas de agua,$5.24,Galletitas y Snacks,$20.96,agosto,8,lunes-08,Galletitas y Snacks - Tarjeta de Débito,2024
94,6/8/2024,174,Patagonia,31,1,1,Efectivo,Completa,Galletitas de agua,$5.24,Galletitas y Snacks,$5.24,agosto,8,martes-08,Galletitas y Snacks - Efectivo,2024
175,6/8/2024,203,Buenos Aires,3,2,5,Transferencia,Pendiente,Queso cremoso,$17.23,Lácteos,$34.46,agosto,8,martes-08,Lácteos - Transferencia,2024
764,6/8/2024,43,Patagonia,9,2,5,Transferencia,Completa,Pollo,$18.56,Carnicería,$37.12,agosto,8,martes-08,Carnicería - Transferencia,2024
1229,6/8/2024,107,Patagonia,22,1,4,Mercado Pago,Cancelada,Cebolla,$4.21,Frutas y Verduras,$4.21,agosto,8,martes-08,Frutas y Verduras - Mercado Pago,2024
1544,6/8/2024,60,NEA,26,6,3,Tarjeta de Débito,Completa,Hamburgesas congeladas,$9.54,Congelados,$57.24,agosto,8,martes-08,Congelados - Tarjeta de Débito,2024
1767,6/8/2024,215,NEA,36,5,3,Tarjeta de Débito,Completa,Lentejas,$3.25,Conservas,$16.25,agosto,8,martes-08,Conservas - Tarjeta de Débito,2024
2848,6/8/2024,157,Patagonia,9,4,3,Tarjeta de Débito,Completa,Pollo,$18.56,Carnicería,$74.24,agosto,8,martes-08,Carnicería - Tarjeta de Débito,2024
2852,6/8/2024,50,Buenos Aires,26,4,3,Tarjeta de Débito,Completa,Hamburgesas congeladas,$9.54,Congelados,$38.16,agosto,8,martes-08,Congelados - Tarjeta de Débito,2024
62,7/8/2024,205,Patagonia,15,2,5,Transferencia,Completa,Medialunas,$3.51,Panadería,$7.02,agosto,8,miércoles-08,Panadería - Transferencia,2024
114,7/8/2024,46,Centro,23,6,1,Efectivo,Completa,Papas fritas,$8.23,Congelados,$49.38,agosto,8,miércoles-08,Congelados - Efectivo,2024
126,7/8/2024,24,Cuyo,26,5,3,Tarjeta de Débito,Completa,Hamburgesas congeladas,$9.54,Congelados,$47.70,agosto,8,miércoles-08,Congelados - Tarjeta de Débito,2024
839,7/8/2024,35,NOA,12,6,5,Transferencia,Completa,Pan francés,$8.12,Panadería,$48.72,agosto,8,miércoles-08,Panadería - Transferencia,2024
1038,7/8/2024,119,Patagonia,34,5,3,Tarjeta de Débito,Completa,Maníes,$5.45,Galletitas y Snacks,$27.25,agosto,8,miércoles-08,Galletitas y Snacks - Tarjeta de Débito,2024
1058,7/8/2024,67,NEA,15,5,1,Efectivo,Completa,Medialunas,$3.51,Panadería,$17.55,agosto,8,miércoles-08,Panadería - Efectivo,2024
1426,7/8/2024,326,Cuyo,15,6,3,Tarjeta de Débito,Completa,Medialunas,$3.51,Panadería,$21.06,agosto,8,miércoles-08,Panadería - Tarjeta de Débito,2024
1527,7/8/2024,203,Buenos Aires,29,5,3,Tarjeta de Débito,Completa,Cerveza,$11.54,Bebidas,$57.70,agosto,8,miércoles-08,Bebidas - Tarjeta de Débito,2024
2212,7/8/2024,99,Buenos Aires,23,3,1,Efectivo,Completa,Papas fritas,$8.23,Congelados,$24.69,agosto,8,miércoles-08,Congelados - Efectivo,2024
2284,7/8/2024,58,Buenos Aires,15,4,5,Transferencia,Pendiente,Medialunas,$3.51,Panadería,$14.04,agosto,8,miércoles-08,Panadería - Transferencia,2024
2784,7/8/2024,44,Buenos Aires,35,3,5,Transferencia,Completa,Arroz,$4.25,Conservas,$12.75,agosto,8,miércoles-08,Conservas - Transferencia,2024
398,8/8/2024,123,Patagonia,23,1,1,Efectivo,Pendiente,Papas fritas,$8.23,Congelados,$8.23,agosto,8,jueves-08,Congelados - Efectivo,2024
494,8/8/2024,143,Buenos Aires,8,6,4,Mercado Pago,Completa,Milanesa,$16.21,Carnicería,$97.26,agosto,8,jueves-08,Carnicería - Mercado Pago,2024
1080,8/8/2024,202,NEA,27,6,4,Mercado Pago,Completa,Agua mineral,$6.21,Bebidas,$37.26,agosto,8,jueves-08,Bebidas - Mercado Pago,2024
1827,8/8/2024,13,Centro,28,2,3,Tarjeta de Débito,Pendiente,Jugos de frutas,$9.45,Bebidas,$18.90,agosto,8,jueves-08,Bebidas - Tarjeta de Débito,2024
2049,8/8/2024,76,Centro,9,1,3,Tarjeta de Débito,Completa,Pollo,$18.56,Carnicería,$18.56,agosto,8,jueves-08,Carnicería - Tarjeta de Débito,2024
2802,8/8/2024,326,Cuyo,16,4,3,Tarjeta de Débito,Completa,Tortas,$15.23,Panadería,$60.92,agosto,8,jueves-08,Panadería - Tarjeta de Débito,2024
418,9/8/2024,252,Patagonia,32,4,1,Efectivo,Completa,Galletitas de chocolate,$6.25,Galletitas y Snacks,$25.00,agosto,8,viernes-08,Galletitas y Snacks - Efectivo,2024
1101,9/8/2024,127,Buenos Aires,6,6,1,Efectivo,Completa,Asado,$28.56,Carnicería,$171.36,agosto,8,viernes-08,Carnicería - Efectivo,2024
1166,9/8/2024,151,Buenos Aires,9,5,4,Mercado Pago,Completa,Pollo,$18.56,Carnicería,$92.80,agosto,8,viernes-08,Carnicería - Mercado Pago,2024
2791,9/8/2024,124,NEA,33,2,3,Tarjeta de Débito,Completa,Papas chips,$8.54,Galletitas y Snacks,$17.08,agosto,8,viernes-08,Galletitas y Snacks - Tarjeta de Débito,2024
502,10/8/2024,231,Patagonia,23,1,4,Mercado Pago,Completa,Papas fritas,$8.23,Congelados,$8.23,agosto,8,sábado-08,Congelados - Mercado Pago,2024
594,10/8/2024,261,NOA,5,4,3,Tarjeta de Débito,Completa,Manteca,$5.65,Lácteos,$22.60,agosto,8,sábado-08,Lácteos - Tarjeta de Débito,2024
703,10/8/2024,126,Cuyo,24,5,4,Mercado Pago,Completa,Empanadas,$13.54,Congelados,$67.70,agosto,8,sábado-08,Congelados - Mercado Pago,2024
1865,10/8/2024,247,Buenos Aires,9,3,1,Efectivo,Completa,Pollo,$18.56,Carnicería,$55.68,agosto,8,sábado-08,Carnicería - Efectivo,2024
2324,10/8/2024,235,NEA,30,1,4,Mercado Pago,Completa,Vino tinto,$13.54,Bebidas,$13.54,agosto,8,sábado-08,Bebidas - Mercado Pago,2024
2748,10/8/2024,169,Centro,27,2,1,Efectivo,Completa,Agua mineral,$6.21,Bebidas,$12.42,agosto,8,sábado-08,Bebidas - Efectivo,2024
427,11/8/2024,132,Buenos Aires,34,5,3,Tarjeta de Débito,Completa,Maníes,$5.45,Galletitas y Snacks,$27.25,agosto,8,domingo-08,Galletitas y Snacks - Tarjeta de Débito,2024
852,11/8/2024,139,Buenos Aires,26,3,5,Transferencia,Completa,Hamburgesas congeladas,$9.54,Congelados,$28.62,agosto,8,domingo-08,Congelados - Transferencia,2024
1008,11/8/2024,204,Patagonia,11,5,5,Transferencia,Completa,Salchicha,$11.23,Carnicería,$56.15,agosto,8,domingo-08,Carnicería - Transferencia,2024
1059,11/8/2024,24,Cuyo,29,3,1,Efectivo,Completa,Cerveza,$11.54,Bebidas,$34.62,agosto,8,domingo-08,Bebidas - Efectivo,2024
1855,11/8/2024,237,Buenos Aires,8,6,1,Efectivo,Completa,Milanesa,$16.21,Carnicería,$97.26,agosto,8,domingo-08,Carnicería - Efectivo,2024
1873,11/8/2024,234,Buenos Aires,9,2,5,Transferencia,Completa,Pollo,$18.56,Carnicería,$37.12,agosto,8,domingo-08,Carnicería - Transferencia,2024
1991,11/8/2024,21,Buenos Aires,35,2,1,Efectivo,Completa,Arroz,$4.25,Conservas,$8.50,agosto,8,domingo-08,Conservas - Efectivo,2024
1995,11/8/2024,159,NEA,9,2,5,Transferencia,Completa,Pollo,$18.56,Carnicería,$37.12,agosto,8,domingo-08,Carnicería - Transferencia,2024
2172,11/8/2024,238,Buenos Aires,12,3,3,Tarjeta de Débito,Completa,Pan francés,$8.12,Panadería,$24.36,agosto,8,domingo-08,Panadería - Tarjeta de Débito,2024
2692,11/8/2024,1,Patagonia,13,2,1,Efectivo,Pendiente,Pan integral,$12.56,Panadería,$25.12,agosto,8,domingo-08,Panadería - Efectivo,2024
2702,11/8/2024,212,Buenos Aires,3,1,4,Mercado Pago,Completa,Queso cremoso,$17.23,Lácteos,$17.23,agosto,8,domingo-08,Lácteos - Mercado Pago,2024
258,12/8/2024,42,Patagonia,31,1,4,Mercado Pago,Completa,Galletitas de agua,$5.24,Galletitas y Snacks,$5.24,agosto,8,lunes-08,Galletitas y Snacks - Mercado Pago,2024
315,12/8/2024,182,Centro,14,2,5,Transferencia,Pendiente,Facturas,$12.36,Panadería,$24.72,agosto,8,lunes-08,Panadería - Transferencia,2024
773,12/8/2024,247,Buenos Aires,26,2,1,Efectivo,Pendiente,Hamburgesas congeladas,$9.54,Congelados,$19.08,agosto,8,lunes-08,Congelados - Efectivo,2024
1242,12/8/2024,62,NEA,38,4,5,Transferencia,Completa,Atún enlatado,$6.21,Conservas,$24.84,agosto,8,lunes-08,Conservas - Transferencia,2024
1499,12/8/2024,262,Buenos Aires,32,1,4,Mercado Pago,Pendiente,Galletitas de chocolate,$6.25,Galletitas y Snacks,$6.25,agosto,8,lunes-08,Galletitas y Snacks - Mercado Pago,2024
2161,12/8/2024,280,Centro,16,1,4,Mercado Pago,Completa,Tortas,$15.23,Panadería,$15.23,agosto,8,lunes-08,Panadería - Mercado Pago,2024
2394,12/8/2024,94,Centro,34,1,2,Tarjeta de Crédito,Completa,Maníes,$5.45,Galletitas y Snacks,$5.45,agosto,8,lunes-08,Galletitas y Snacks - Tarjeta de Crédito,2024
2533,12/8/2024,12,Patagonia,21,1,1,Efectivo,Completa,Zanahorias,$3.25,Frutas y Verduras,$3.25,agosto,8,lunes-08,Frutas y Verduras - Efectivo,2024
2626,12/8/2024,321,Cuyo,10,2,5,Transferencia,Completa,Costilla de cerdo,$14.25,Carnicería,$28.50,agosto,8,lunes-08,Carnicería - Transferencia,2024
2804,12/8/2024,11,Buenos Aires,1,1,5,Transferencia,Completa,Leche,$12.24,Lácteos,$12.24,agosto,8,lunes-08,Lácteos - Transferencia,2024
2971,12/8/2024,124,NEA,7,6,3,Tarjeta de Débito,Completa,Chorizo,$11.25,Carnicería,$67.50,agosto,8,lunes-08,Carnicería - Tarjeta de Débito,2024
78,13/8/2024,60,NEA,13,6,4,Mercado Pago,Completa,Pan integral,$12.56,Panadería,$75.36,agosto,8,martes-08,Panadería - Mercado Pago,2024
149,13/8/2024,79,Patagonia,7,6,5,Transferencia,Pendiente,Chorizo,$11.25,Carnicería,$67.50,agosto,8,martes-08,Carnicería - Transferencia,2024
936,13/8/2024,98,Centro,2,2,4,Mercado Pago,Completa,Yogur,$5.21,Lácteos,$10.42,agosto,8,martes-08,Lácteos - Mercado Pago,2024
1450,13/8/2024,98,Centro,12,2,2,Tarjeta de Crédito,Completa,Pan francés,$8.12,Panadería,$16.24,agosto,8,martes-08,Panadería - Tarjeta de Crédito,2024
1799,13/8/2024,325,NEA,19,2,3,Tarjeta de Débito,Completa,Tomates,$6.54,Frutas y Verduras,$13.08,agosto,8,martes-08,Frutas y Verduras - Tarjeta de Débito,2024
1979,13/8/2024,185,Centro,21,3,5,Transferencia,Completa,Zanahorias,$3.25,Frutas y Verduras,$9.75,agosto,8,martes-08,Frutas y Verduras - Transferencia,2024
2316,13/8/2024,197,Cuyo,11,1,4,Mercado Pago,Completa,Salchicha,$11.23,Carnicería,$11.23,agosto,8,martes-08,Carnicería - Mercado Pago,2024
2329,13/8/2024,145,Buenos Aires,30,1,5,Transferencia,Pendiente,Vino tinto,$13.54,Bebidas,$13.54,agosto,8,martes-08,Bebidas - Transferencia,2024
2796,13/8/2024,94,Centro,27,4,3,Tarjeta de Débito,Completa,Agua mineral,$6.21,Bebidas,$24.84,agosto,8,martes-08,Bebidas - Tarjeta de Débito,2024
2911,13/8/2024,140,NEA,22,3,1,Efectivo,Completa,Cebolla,$4.21,Frutas y Verduras,$12.63,agosto,8,martes-08,Frutas y Verduras - Efectivo,2024
17,14/8/2024,51,Cuyo,31,3,2,Tarjeta de Crédito,Completa,Galletitas de agua,$5.24,Galletitas y Snacks,$15.72,agosto,8,miércoles-08,Galletitas y Snacks - Tarjeta de Crédito,2024
521,14/8/2024,140,NEA,26,6,4,Mercado Pago,Completa,Hamburgesas congeladas,$9.54,Congelados,$57.24,agosto,8,miércoles-08,Congelados - Mercado Pago,2024
987,14/8/2024,274,Buenos Aires,33,5,2,Tarjeta de Crédito,Completa,Papas chips,$8.54,Galletitas y Snacks,$42.70,agosto,8,miércoles-08,Galletitas y Snacks - Tarjeta de Crédito,2024
1147,14/8/2024,112,NEA,5,6,3,Tarjeta de Débito,Completa,Manteca,$5.65,Lácteos,$33.90,agosto,8,miércoles-08,Lácteos - Tarjeta de Débito,2024
1212,14/8/2024,58,Buenos Aires,20,5,1,Efectivo,Completa,Lechugas,$4.25,Frutas y Verduras,$21.25,agosto,8,miércoles-08,Frutas y Verduras - Efectivo,2024
1318,14/8/2024,219,Patagonia,13,1,4,Mercado Pago,Completa,Pan integral,$12.56,Panadería,$12.56,agosto,8,miércoles-08,Panadería - Mercado Pago,2024
1568,14/8/2024,148,Centro,6,2,3,Tarjeta de Débito,Completa,Asado,$28.56,Carnicería,$57.12,agosto,8,miércoles-08,Carnicería - Tarjeta de Débito,2024
1675,14/8/2024,304,Cuyo,31,4,4,Mercado Pago,Completa,Galletitas de agua,$5.24,Galletitas y Snacks,$20.96,agosto,8,miércoles-08,Galletitas y Snacks - Mercado Pago,2024
1723,14/8/2024,320,Centro,20,3,3,Tarjeta de Débito,Completa,Lechugas,$4.25,Frutas y Verduras,$12.75,agosto,8,miércoles-08,Frutas y Verduras - Tarjeta de Débito,2024
1745,14/8/2024,294,Centro,17,1,5,Transferencia,Completa,Manzanas,$6.54,Frutas y Verduras,$6.54,agosto,8,miércoles-08,Frutas y Verduras - Transferencia,2024
1765,14/8/2024,307,Cuyo,24,2,5,Transferencia,Completa,Empanadas,$13.54,Congelados,$27.08,agosto,8,miércoles-08,Congelados - Transferencia,2024
2382,14/8/2024,326,Cuyo,22,3,1,Efectivo,Completa,Cebolla,$4.21,Frutas y Verduras,$12.63,agosto,8,miércoles-08,Frutas y Verduras - Efectivo,2024
2537,14/8/2024,57,Centro,26,2,1,Efectivo,Completa,Hamburgesas congeladas,$9.54,Congelados,$19.08,agosto,8,miércoles-08,Congelados - Efectivo,2024
2565,14/8/2024,318,Buenos Aires,19,5,1,Efectivo,Completa,Tomates,$6.54,Frutas y Verduras,$32.70,agosto,8,miércoles-08,Frutas y Verduras - Efectivo,2024
2762,14/8/2024,145,Buenos Aires,27,4,2,Tarjeta de Crédito,Completa,Agua mineral,$6.21,Bebidas,$24.84,agosto,8,miércoles-08,Bebidas - Tarjeta de Crédito,2024
403,15/8/2024,300,NEA,35,6,4,Mercado Pago,Completa,Arroz,$4.25,Conservas,$25.50,agosto,8,jueves-08,Conservas - Mercado Pago,2024
413,15/8/2024,137,Patagonia,3,1,2,Tarjeta de Crédito,Completa,Queso cremoso,$17.23,Lácteos,$17.23,agosto,8,jueves-08,Lácteos - Tarjeta de Crédito,2024
1471,15/8/2024,123,Patagonia,25,5,5,Transferencia,Completa,Pizza congelada,$15.45,Congelados,$77.25,agosto,8,jueves-08,Congelados - Transferencia,2024
1845,15/8/2024,70,Centro,26,1,4,Mercado Pago,Completa,Hamburgesas congeladas,$9.54,Congelados,$9.54,agosto,8,jueves-08,Congelados - Mercado Pago,2024
2015,15/8/2024,33,NEA,5,5,5,Transferencia,Completa,Manteca,$5.65,Lácteos,$28.25,agosto,8,jueves-08,Lácteos - Transferencia,2024
2348,15/8/2024,138,Buenos Aires,15,6,1,Efectivo,Completa,Medialunas,$3.51,Panadería,$21.06,agosto,8,jueves-08,Panadería - Efectivo,2024
2936,15/8/2024,241,Buenos Aires,25,2,4,Mercado Pago,Completa,Pizza congelada,$15.45,Congelados,$30.90,agosto,8,jueves-08,Congelados - Mercado Pago,2024
129,16/8/2024,25,Patagonia,14,2,3,Tarjeta de Débito,Completa,Facturas,$12.36,Panadería,$24.72,agosto,8,viernes-08,Panadería - Tarjeta de Débito,2024
204,16/8/2024,292,Patagonia,6,5,2,Tarjeta de Crédito,Completa,Asado,$28.56,Carnicería,$142.80,agosto,8,viernes-08,Carnicería - Tarjeta de Crédito,2024
276,16/8/2024,103,Patagonia,3,1,5,Transferencia,Pendiente,Queso cremoso,$17.23,Lácteos,$17.23,agosto,8,viernes-08,Lácteos - Transferencia,2024
388,16/8/2024,222,Centro,31,3,5,Transferencia,Completa,Galletitas de agua,$5.24,Galletitas y Snacks,$15.72,agosto,8,viernes-08,Galletitas y Snacks - Transferencia,2024
540,16/8/2024,26,Centro,16,4,3,Tarjeta de Débito,Completa,Tortas,$15.23,Panadería,$60.92,agosto,8,viernes-08,Panadería - Tarjeta de Débito,2024
575,16/8/2024,112,NEA,6,1,4,Mercado Pago,Completa,Asado,$28.56,Carnicería,$28.56,agosto,8,viernes-08,Carnicería - Mercado Pago,2024
679,16/8/2024,137,Patagonia,10,2,2,Tarjeta de Crédito,Pendiente,Costilla de cerdo,$14.25,Carnicería,$28.50,agosto,8,viernes-08,Carnicería - Tarjeta de Crédito,2024
757,16/8/2024,52,Patagonia,4,6,4,Mercado Pago,Completa,Queso rallado,$19.23,Lácteos,$115.38,agosto,8,viernes-08,Lácteos - Mercado Pago,2024
1438,16/8/2024,101,Buenos Aires,16,6,3,Tarjeta de Débito,Completa,Tortas,$15.23,Panadería,$91.38,agosto,8,viernes-08,Panadería - Tarjeta de Débito,2024
2130,16/8/2024,286,Centro,15,4,3,Tarjeta de Débito,Completa,Medialunas,$3.51,Panadería,$14.04,agosto,8,viernes-08,Panadería - Tarjeta de Débito,2024
139,17/8/2024,302,Patagonia,8,4,4,Mercado Pago,Pendiente,Milanesa,$16.21,Carnicería,$64.84,agosto,8,sábado-08,Carnicería - Mercado Pago,2024
676,17/8/2024,291,NEA,38,6,1,Efectivo,Completa,Atún enlatado,$6.21,Conservas,$37.26,agosto,8,sábado-08,Conservas - Efectivo,2024
1189,17/8/2024,31,Centro,10,5,5,Transferencia,Completa,Costilla de cerdo,$14.25,Carnicería,$71.25,agosto,8,sábado-08,Carnicería - Transferencia,2024
1339,17/8/2024,279,Centro,2,3,5,Transferencia,Completa,Yogur,$5.21,Lácteos,$15.63,agosto,8,sábado-08,Lácteos - Transferencia,2024
1553,17/8/2024,25,Patagonia,8,5,5,Transferencia,Completa,Milanesa,$16.21,Carnicería,$81.05,agosto,8,sábado-08,Carnicería - Transferencia,2024
1558,17/8/2024,318,Buenos Aires,23,1,5,Transferencia,Completa,Papas fritas,$8.23,Congelados,$8.23,agosto,8,sábado-08,Congelados - Transferencia,2024
2622,17/8/2024,27,Buenos Aires,35,4,5,Transferencia,Completa,Arroz,$4.25,Conservas,$17.00,agosto,8,sábado-08,Conservas - Transferencia,2024
69,18/8/2024,4,Buenos Aires,38,3,3,Tarjeta de Débito,Completa,Atún enlatado,$6.21,Conservas,$18.63,agosto,8,domingo-08,Conservas - Tarjeta de Débito,2024
266,18/8/2024,78,Buenos Aires,2,5,4,Mercado Pago,Completa,Yogur,$5.21,Lácteos,$26.05,agosto,8,domingo-08,Lácteos - Mercado Pago,2024
673,18/8/2024,257,NEA,12,3,4,Mercado Pago,Completa,Pan francés,$8.12,Panadería,$24.36,agosto,8,domingo-08,Panadería - Mercado Pago,2024
816,18/8/2024,111,Cuyo,8,3,3,Tarjeta de Débito,Pendiente,Milanesa,$16.21,Carnicería,$48.63,agosto,8,domingo-08,Carnicería - Tarjeta de Débito,2024
829,18/8/2024,234,Buenos Aires,20,3,4,Mercado Pago,Completa,Lechugas,$4.25,Frutas y Verduras,$12.75,agosto,8,domingo-08,Frutas y Verduras - Mercado Pago,2024
1094,18/8/2024,98,Centro,36,2,1,Efectivo,Pendiente,Lentejas,$3.25,Conservas,$6.50,agosto,8,domingo-08,Conservas - Efectivo,2024
1891,18/8/2024,83,Buenos Aires,32,5,3,Tarjeta de Débito,Completa,Galletitas de chocolate,$6.25,Galletitas y Snacks,$31.25,agosto,8,domingo-08,Galletitas y Snacks - Tarjeta de Débito,2024
2021,18/8/2024,240,Buenos Aires,37,3,2,Tarjeta de Crédito,Completa,Garbanzos,$3.65,Conservas,$10.95,agosto,8,domingo-08,Conservas - Tarjeta de Crédito,2024
2056,18/8/2024,320,Centro,36,6,4,Mercado Pago,Pendiente,Lentejas,$3.25,Conservas,$19.50,agosto,8,domingo-08,Conservas - Mercado Pago,2024
2556,18/8/2024,162,Patagonia,26,4,1,Efectivo,Completa,Hamburgesas congeladas,$9.54,Congelados,$38.16,agosto,8,domingo-08,Congelados - Efectivo,2024
633,19/8/2024,121,Cuyo,28,3,4,Mercado Pago,Completa,Jugos de frutas,$9.45,Bebidas,$28.35,agosto,8,lunes-08,Bebidas - Mercado Pago,2024
1109,19/8/2024,287,NEA,29,1,3,Tarjeta de Débito,Completa,Cerveza,$11.54,Bebidas,$11.54,agosto,8,lunes-08,Bebidas - Tarjeta de Débito,2024
1122,19/8/2024,313,Cuyo,19,2,4,Mercado Pago,Pendiente,Tomates,$6.54,Frutas y Verduras,$13.08,agosto,8,lunes-08,Frutas y Verduras - Mercado Pago,2024
1458,19/8/2024,73,Centro,8,2,2,Tarjeta de Crédito,Completa,Milanesa,$16.21,Carnicería,$32.42,agosto,8,lunes-08,Carnicería - Tarjeta de Crédito,2024
1663,19/8/2024,191,Centro,2,1,3,Tarjeta de Débito,Completa,Yogur,$5.21,Lácteos,$5.21,agosto,8,lunes-08,Lácteos - Tarjeta de Débito,2024
1880,19/8/2024,269,Centro,29,3,3,Tarjeta de Débito,Completa,Cerveza,$11.54,Bebidas,$34.62,agosto,8,lunes-08,Bebidas - Tarjeta de Débito,2024
2108,19/8/2024,246,NEA,20,2,5,Transferencia,Completa,Lechugas,$4.25,Frutas y Verduras,$8.50,agosto,8,lunes-08,Frutas y Verduras - Transferencia,2024
2216,19/8/2024,42,Patagonia,32,4,1,Efectivo,Completa,Galletitas de chocolate,$6.25,Galletitas y Snacks,$25.00,agosto,8,lunes-08,Galletitas y Snacks - Efectivo,2024
2454,19/8/2024,218,Centro,17,2,3,Tarjeta de Débito,Pendiente,Manzanas,$6.54,Frutas y Verduras,$13.08,agosto,8,lunes-08,Frutas y Verduras - Tarjeta de Débito,2024
1443,20/8/2024,168,Centro,1,6,4,Mercado Pago,Completa,Leche,$12.24,Lácteos,$73.44,agosto,8,martes-08,Lácteos - Mercado Pago,2024
1859,20/8/2024,57,Centro,11,6,4,Mercado Pago,Pendiente,Salchicha,$11.23,Carnicería,$67.38,agosto,8,martes-08,Carnicería - Mercado Pago,2024
2044,20/8/2024,246,NEA,8,5,1,Efectivo,Completa,Milanesa,$16.21,Carnicería,$81.05,agosto,8,martes-08,Carnicería - Efectivo,2024
2165,20/8/2024,106,NEA,30,6,1,Efectivo,Completa,Vino tinto,$13.54,Bebidas,$81.24,agosto,8,martes-08,Bebidas - Efectivo,2024
2415,20/8/2024,108,Patagonia,12,5,4,Mercado Pago,Completa,Pan francés,$8.12,Panadería,$40.60,agosto,8,martes-08,Panadería - Mercado Pago,2024
2701,20/8/2024,169,Centro,19,1,4,Mercado Pago,Completa,Tomates,$6.54,Frutas y Verduras,$6.54,agosto,8,martes-08,Frutas y Verduras - Mercado Pago,2024
358,21/8/2024,193,Buenos Aires,4,6,3,Tarjeta de Débito,Completa,Queso rallado,$19.23,Lácteos,$115.38,agosto,8,miércoles-08,Lácteos - Tarjeta de Débito,2024
583,21/8/2024,7,Cuyo,27,3,4,Mercado Pago,Pendiente,Agua mineral,$6.21,Bebidas,$18.63,agosto,8,miércoles-08,Bebidas - Mercado Pago,2024
716,21/8/2024,289,Cuyo,29,3,1,Efectivo,Completa,Cerveza,$11.54,Bebidas,$34.62,agosto,8,miércoles-08,Bebidas - Efectivo,2024
994,21/8/2024,102,Patagonia,24,3,3,Tarjeta de Débito,Completa,Empanadas,$13.54,Congelados,$40.62,agosto,8,miércoles-08,Congelados - Tarjeta de Débito,2024
1862,21/8/2024,26,Centro,31,2,4,Mercado Pago,Completa,Galletitas de agua,$5.24,Galletitas y Snacks,$10.48,agosto,8,miércoles-08,Galletitas y Snacks - Mercado Pago,2024
2381,21/8/2024,79,Patagonia,5,3,4,Mercado Pago,Completa,Manteca,$5.65,Lácteos,$16.95,agosto,8,miércoles-08,Lácteos - Mercado Pago,2024
2625,21/8/2024,188,Cuyo,35,5,4,Mercado Pago,Completa,Arroz,$4.25,Conservas,$21.25,agosto,8,miércoles-08,Conservas - Mercado Pago,2024
2681,21/8/2024,62,NEA,37,2,4,Mercado Pago,Completa,Garbanzos,$3.65,Conservas,$7.30,agosto,8,miércoles-08,Conservas - Mercado Pago,2024
2722,21/8/2024,145,Buenos Aires,33,1,2,Tarjeta de Crédito,Completa,Papas chips,$8.54,Galletitas y Snacks,$8.54,agosto,8,miércoles-08,Galletitas y Snacks - Tarjeta de Crédito,2024
2934,21/8/2024,36,Buenos Aires,31,3,3,Tarjeta de Débito,Pendiente,Galletitas de agua,$5.24,Galletitas y Snacks,$15.72,agosto,8,miércoles-08,Galletitas y Snacks - Tarjeta de Débito,2024
247,22/8/2024,63,Buenos Aires,32,6,4,Mercado Pago,Completa,Galletitas de chocolate,$6.25,Galletitas y Snacks,$37.50,agosto,8,jueves-08,Galletitas y Snacks - Mercado Pago,2024
346,22/8/2024,92,Patagonia,34,4,4,Mercado Pago,Completa,Maníes,$5.45,Galletitas y Snacks,$21.80,agosto,8,jueves-08,Galletitas y Snacks - Mercado Pago,2024
479,22/8/2024,23,Patagonia,28,4,4,Mercado Pago,Completa,Jugos de frutas,$9.45,Bebidas,$37.80,agosto,8,jueves-08,Bebidas - Mercado Pago,2024
498,22/8/2024,299,Cuyo,20,6,3,Tarjeta de Débito,Completa,Lechugas,$4.25,Frutas y Verduras,$25.50,agosto,8,jueves-08,Frutas y Verduras - Tarjeta de Débito,2024
565,22/8/2024,244,Buenos Aires,19,1,5,Transferencia,Completa,Tomates,$6.54,Frutas y Verduras,$6.54,agosto,8,jueves-08,Frutas y Verduras - Transferencia,2024
725,22/8/2024,234,Buenos Aires,21,2,3,Tarjeta de Débito,Completa,Zanahorias,$3.25,Frutas y Verduras,$6.50,agosto,8,jueves-08,Frutas y Verduras - Tarjeta de Débito,2024
1213,22/8/2024,95,Buenos Aires,26,4,3,Tarjeta de Débito,Completa,Hamburgesas congeladas,$9.54,Congelados,$38.16,agosto,8,jueves-08,Congelados - Tarjeta de Débito,2024
2299,22/8/2024,236,Buenos Aires,34,6,5,Transferencia,Completa,Maníes,$5.45,Galletitas y Snacks,$32.70,agosto,8,jueves-08,Galletitas y Snacks - Transferencia,2024
2515,22/8/2024,79,Patagonia,8,1,5,Transferencia,Completa,Milanesa,$16.21,Carnicería,$16.21,agosto,8,jueves-08,Carnicería - Transferencia,2024
2980,22/8/2024,301,Cuyo,14,3,1,Efectivo,Completa,Facturas,$12.36,Panadería,$37.08,agosto,8,jueves-08,Panadería - Efectivo,2024
136,23/8/2024,258,Centro,26,3,4,Mercado Pago,Completa,Hamburgesas congeladas,$9.54,Congelados,$28.62,agosto,8,viernes-08,Congelados - Mercado Pago,2024
1591,23/8/2024,311,Buenos Aires,20,3,4,Mercado Pago,Pendiente,Lechugas,$4.25,Frutas y Verduras,$12.75,agosto,8,viernes-08,Frutas y Verduras - Mercado Pago,2024
1640,23/8/2024,128,Buenos Aires,34,3,5,Transferencia,Completa,Maníes,$5.45,Galletitas y Snacks,$16.35,agosto,8,viernes-08,Galletitas y Snacks - Transferencia,2024
1793,23/8/2024,275,Buenos Aires,6,6,4,Mercado Pago,Completa,Asado,$28.56,Carnicería,$171.36,agosto,8,viernes-08,Carnicería - Mercado Pago,2024
2531,23/8/2024,274,Buenos Aires,35,2,3,Tarjeta de Débito,Completa,Arroz,$4.25,Conservas,$8.50,agosto,8,viernes-08,Conservas - Tarjeta de Débito,2024
2839,23/8/2024,54,Buenos Aires,37,6,3,Tarjeta de Débito,Completa,Garbanzos,$3.65,Conservas,$21.90,agosto,8,viernes-08,Conservas - Tarjeta de Débito,2024
2870,23/8/2024,149,Cuyo,18,3,2,Tarjeta de Crédito,Completa,Bananas,$7.25,Frutas y Verduras,$21.75,agosto,8,viernes-08,Frutas y Verduras - Tarjeta de Crédito,2024
255,24/8/2024,237,Buenos Aires,22,4,2,Tarjeta de Crédito,Completa,Cebolla,$4.21,Frutas y Verduras,$16.84,agosto,8,sábado-08,Frutas y Verduras - Tarjeta de Crédito,2024
732,24/8/2024,155,Cuyo,13,6,1,Efectivo,Completa,Pan integral,$12.56,Panadería,$75.36,agosto,8,sábado-08,Panadería - Efectivo,2024
926,24/8/2024,55,Patagonia,25,2,5,Transferencia,Completa,Pizza congelada,$15.45,Congelados,$30.90,agosto,8,sábado-08,Congelados - Transferencia,2024
1061,24/8/2024,320,Centro,14,4,4,Mercado Pago,Completa,Facturas,$12.36,Panadería,$49.44,agosto,8,sábado-08,Panadería - Mercado Pago,2024
1981,24/8/2024,70,Centro,35,5,1,Efectivo,Completa,Arroz,$4.25,Conservas,$21.25,agosto,8,sábado-08,Conservas - Efectivo,2024
23,25/8/2024,4,Buenos Aires,34,6,1,Efectivo,Completa,Maníes,$5.45,Galletitas y Snacks,$32.70,agosto,8,domingo-08,Galletitas y Snacks - Efectivo,2024
142,25/8/2024,246,NEA,21,2,2,Tarjeta de Crédito,Completa,Zanahorias,$3.25,Frutas y Verduras,$6.50,agosto,8,domingo-08,Frutas y Verduras - Tarjeta de Crédito,2024
520,25/8/2024,208,Buenos Aires,33,4,4,Mercado Pago,Completa,Papas chips,$8.54,Galletitas y Snacks,$34.16,agosto,8,domingo-08,Galletitas y Snacks - Mercado Pago,2024
639,25/8/2024,279,Centro,29,3,1,Efectivo,Completa,Cerveza,$11.54,Bebidas,$34.62,agosto,8,domingo-08,Bebidas - Efectivo,2024
917,25/8/2024,275,Buenos Aires,13,6,1,Efectivo,Completa,Pan integral,$12.56,Panadería,$75.36,agosto,8,domingo-08,Panadería - Efectivo,2024
1049,25/8/2024,263,Buenos Aires,25,4,4,Mercado Pago,Completa,Pizza congelada,$15.45,Congelados,$61.80,agosto,8,domingo-08,Congelados - Mercado Pago,2024
1245,25/8/2024,316,Centro,29,3,3,Tarjeta de Débito,Completa,Cerveza,$11.54,Bebidas,$34.62,agosto,8,domingo-08,Bebidas - Tarjeta de Débito,2024
1310,25/8/2024,179,Buenos Aires,23,6,2,Tarjeta de Crédito,Completa,Papas fritas,$8.23,Congelados,$49.38,agosto,8,domingo-08,Congelados - Tarjeta de Crédito,2024
1381,25/8/2024,161,Patagonia,20,3,2,Tarjeta de Crédito,Completa,Lechugas,$4.25,Frutas y Verduras,$12.75,agosto,8,domingo-08,Frutas y Verduras - Tarjeta de Crédito,2024
2424,25/8/2024,61,Buenos Aires,14,3,3,Tarjeta de Débito,Completa,Facturas,$12.36,Panadería,$37.08,agosto,8,domingo-08,Panadería - Tarjeta de Débito,2024
2677,25/8/2024,118,Centro,33,2,5,Transferencia,Completa,Papas chips,$8.54,Galletitas y Snacks,$17.08,agosto,8,domingo-08,Galletitas y Snacks - Transferencia,2024
508,26/8/2024,14,Buenos Aires,32,3,4,Mercado Pago,Completa,Galletitas de chocolate,$6.25,Galletitas y Snacks,$18.75,agosto,8,lunes-08,Galletitas y Snacks - Mercado Pago,2024
640,26/8/2024,316,Centro,28,1,3,Tarjeta de Débito,Completa,Jugos de frutas,$9.45,Bebidas,$9.45,agosto,8,lunes-08,Bebidas - Tarjeta de Débito,2024
719,26/8/2024,148,Centro,17,6,5,Transferencia,Completa,Manzanas,$6.54,Frutas y Verduras,$39.24,agosto,8,lunes-08,Frutas y Verduras - Transferencia,2024
1257,26/8/2024,15,Buenos Aires,6,4,5,Transferencia,Completa,Asado,$28.56,Carnicería,$114.24,agosto,8,lunes-08,Carnicería - Transferencia,2024
1419,26/8/2024,278,Centro,22,3,1,Efectivo,Completa,Cebolla,$4.21,Frutas y Verduras,$12.63,agosto,8,lunes-08,Frutas y Verduras - Efectivo,2024
1486,26/8/2024,313,Cuyo,5,3,1,Efectivo,Completa,Manteca,$5.65,Lácteos,$16.95,agosto,8,lunes-08,Lácteos - Efectivo,2024
2166,26/8/2024,153,Cuyo,36,3,5,Transferencia,Completa,Lentejas,$3.25,Conservas,$9.75,agosto,8,lunes-08,Conservas - Transferencia,2024
2664,26/8/2024,284,NOA,8,6,5,Transferencia,Completa,Milanesa,$16.21,Carnicería,$97.26,agosto,8,lunes-08,Carnicería - Transferencia,2024
2697,26/8/2024,218,Centro,24,5,4,Mercado Pago,Completa,Empanadas,$13.54,Congelados,$67.70,agosto,8,lunes-08,Congelados - Mercado Pago,2024
206,27/8/2024,96,Buenos Aires,30,5,4,Mercado Pago,Completa,Vino tinto,$13.54,Bebidas,$67.70,agosto,8,martes-08,Bebidas - Mercado Pago,2024
869,27/8/2024,111,Cuyo,20,2,1,Efectivo,Completa,Lechugas,$4.25,Frutas y Verduras,$8.50,agosto,8,martes-08,Frutas y Verduras - Efectivo,2024
888,27/8/2024,90,Buenos Aires,6,3,3,Tarjeta de Débito,Completa,Asado,$28.56,Carnicería,$85.68,agosto,8,martes-08,Carnicería - Tarjeta de Débito,2024
903,27/8/2024,257,NEA,5,5,5,Transferencia,Completa,Manteca,$5.65,Lácteos,$28.25,agosto,8,martes-08,Lácteos - Transferencia,2024
2915,27/8/2024,187,Buenos Aires,37,2,3,Tarjeta de Débito,Completa,Garbanzos,$3.65,Conservas,$7.30,agosto,8,martes-08,Conservas - Tarjeta de Débito,2024
1,28/8/2024,298,Buenos Aires,17,1,3,Tarjeta de Débito,Completa,Manzanas,$6.54,Frutas y Verduras,$6.54,agosto,8,miércoles-08,Frutas y Verduras - Tarjeta de Débito,2024
1053,28/8/2024,23,Patagonia,2,3,1,Efectivo,Completa,Yogur,$5.21,Lácteos,$15.63,agosto,8,miércoles-08,Lácteos - Efectivo,2024
2688,28/8/2024,74,Patagonia,15,2,5,Transferencia,Completa,Medialunas,$3.51,Panadería,$7.02,agosto,8,miércoles-08,Panadería - Transferencia,2024
601,29/8/2024,193,Buenos Aires,25,6,5,Transferencia,Completa,Pizza congelada,$15.45,Congelados,$92.70,agosto,8,jueves-08,Congelados - Transferencia,2024
670,29/8/2024,80,NEA,7,3,2,Tarjeta de Crédito,Completa,Chorizo,$11.25,Carnicería,$33.75,agosto,8,jueves-08,Carnicería - Tarjeta de Crédito,2024
729,29/8/2024,288,Buenos Aires,11,3,1,Efectivo,Completa,Salchicha,$11.23,Carnicería,$33.69,agosto,8,jueves-08,Carnicería - Efectivo,2024
943,29/8/2024,56,Centro,5,6,3,Tarjeta de Débito,Completa,Manteca,$5.65,Lácteos,$33.90,agosto,8,jueves-08,Lácteos - Tarjeta de Débito,2024
984,29/8/2024,121,Cuyo,6,5,4,Mercado Pago,Completa,Asado,$28.56,Carnicería,$142.80,agosto,8,jueves-08,Carnicería - Mercado Pago,2024
1055,29/8/2024,229,Cuyo,34,5,1,Efectivo,Completa,Maníes,$5.45,Galletitas y Snacks,$27.25,agosto,8,jueves-08,Galletitas y Snacks - Efectivo,2024
1208,29/8/2024,306,Cuyo,14,4,3,Tarjeta de Débito,Completa,Facturas,$12.36,Panadería,$49.44,agosto,8,jueves-08,Panadería - Tarjeta de Débito,2024
2053,29/8/2024,178,Patagonia,30,1,2,Tarjeta de Crédito,Completa,Vino tinto,$13.54,Bebidas,$13.54,agosto,8,jueves-08,Bebidas - Tarjeta de Crédito,2024
2429,29/8/2024,89,Patagonia,23,3,1,Efectivo,Completa,Papas fritas,$8.23,Congelados,$24.69,agosto,8,jueves-08,Congelados - Efectivo,2024
2693,29/8/2024,133,Buenos Aires,33,4,2,Tarjeta de Crédito,Pendiente,Papas chips,$8.54,Galletitas y Snacks,$34.16,agosto,8,jueves-08,Galletitas y Snacks - Tarjeta de Crédito,2024
2862,29/8/2024,233,Centro,25,3,4,Mercado Pago,Pendiente,Pizza congelada,$15.45,Congelados,$46.35,agosto,8,jueves-08,Congelados - Mercado Pago,2024
324,30/8/2024,206,NEA,3,3,4,Mercado Pago,Completa,Queso cremoso,$17.23,Lácteos,$51.69,agosto,8,viernes-08,Lácteos - Mercado Pago,2024
1333,30/8/2024,132,Buenos Aires,28,2,2,Tarjeta de Crédito,Completa,Jugos de frutas,$9.45,Bebidas,$18.90,agosto,8,viernes-08,Bebidas - Tarjeta de Crédito,2024
1597,30/8/2024,281,Buenos Aires,33,2,5,Transferencia,Completa,Papas chips,$8.54,Galletitas y Snacks,$17.08,agosto,8,viernes-08,Galletitas y Snacks - Transferencia,2024
1956,30/8/2024,1,Patagonia,36,3,3,Tarjeta de Débito,Completa,Lentejas,$3.25,Conservas,$9.75,agosto,8,viernes-08,Conservas - Tarjeta de Débito,2024
2295,30/8/2024,252,Patagonia,34,2,5,Transferencia,Completa,Maníes,$5.45,Galletitas y Snacks,$10.90,agosto,8,viernes-08,Galletitas y Snacks - Transferencia,2024
526,31/8/2024,321,Cuyo,32,4,4,Mercado Pago,Completa,Galletitas de chocolate,$6.25,Galletitas y Snacks,$25.00,agosto,8,sábado-08,Galletitas y Snacks - Mercado Pago,2024
665,31/8/2024,151,Buenos Aires,10,5,4,Mercado Pago,Completa,Costilla de cerdo,$14.25,Carnicería,$71.25,agosto,8,sábado-08,Carnicería - Mercado Pago,2024
1326,31/8/2024,307,Cuyo,34,5,4,Mercado Pago,Completa,Maníes,$5.45,Galletitas y Snacks,$27.25,agosto,8,sábado-08,Galletitas y Snacks - Mercado Pago,2024
1908,31/8/2024,199,Buenos Aires,3,2,3,Tarjeta de Débito,Completa,Queso cremoso,$17.23,Lácteos,$34.46,agosto,8,sábado-08,Lácteos - Tarjeta de Débito,2024
2197,31/8/2024,151,Buenos Aires,36,1,1,Efectivo,Completa,Lentejas,$3.25,Conservas,$3.25,agosto,8,sábado-08,Conservas - Efectivo,2024
2713,31/8/2024,176,NEA,34,3,3,Tarjeta de Débito,Completa,Maníes,$5.45,Galletitas y Snacks,$16.35,agosto,8,sábado-08,Galletitas y Snacks - Tarjeta de Débito,2024
2923,31/8/2024,214,Patagonia,10,6,1,Efectivo,Completa,Costilla de cerdo,$14.25,Carnicería,$85.50,agosto,8,sábado-08,Carnicería - Efectivo,2024
2965,31/8/2024,183,Patagonia,37,4,3,Tarjeta de Débito,Completa,Garbanzos,$3.65,Conservas,$14.60,agosto,8,sábado-08,Conservas - Tarjeta de Débito,2024
46,1/9/2024,207,Buenos Aires,10,1,4,Mercado Pago,Completa,Costilla de cerdo,$14.25,Carnicería,$14.25,septiembre,9,domingo-09,Carnicería - Mercado Pago,2024
203,1/9/2024,322,NEA,31,6,3,Tarjeta de Débito,Completa,Galletitas de agua,$5.24,Galletitas y Snacks,$31.44,septiembre,9,domingo-09,Galletitas y Snacks - Tarjeta de Débito,2024
493,1/9/2024,273,Cuyo,8,3,5,Transferencia,Pendiente,Milanesa,$16.21,Carnicería,$48.63,septiembre,9,domingo-09,Carnicería - Transferencia,2024
632,1/9/2024,50,Buenos Aires,36,5,5,Transferencia,Completa,Lentejas,$3.25,Conservas,$16.25,septiembre,9,domingo-09,Conservas - Transferencia,2024
1300,1/9/2024,201,Patagonia,25,5,4,Mercado Pago,Completa,Pizza congelada,$15.45,Congelados,$77.25,septiembre,9,domingo-09,Congelados - Mercado Pago,2024
1763,1/9/2024,182,Centro,35,3,2,Tarjeta de Crédito,Completa,Arroz,$4.25,Conservas,$12.75,septiembre,9,domingo-09,Conservas - Tarjeta de Crédito,2024
1964,1/9/2024,319,Patagonia,29,1,5,Transferencia,Completa,Cerveza,$11.54,Bebidas,$11.54,septiembre,9,domingo-09,Bebidas - Transferencia,2024
2141,1/9/2024,188,Cuyo,16,4,1,Efectivo,Completa,Tortas,$15.23,Panadería,$60.92,septiembre,9,domingo-09,Panadería - Efectivo,2024
2226,1/9/2024,122,Centro,8,6,4,Mercado Pago,Completa,Milanesa,$16.21,Carnicería,$97.26,septiembre,9,domingo-09,Carnicería - Mercado Pago,2024
2745,1/9/2024,114,Centro,9,3,2,Tarjeta de Crédito,Completa,Pollo,$18.56,Carnicería,$55.68,septiembre,9,domingo-09,Carnicería - Tarjeta de Crédito,2024
2823,1/9/2024,91,Buenos Aires,32,6,5,Transferencia,Pendiente,Galletitas de chocolate,$6.25,Galletitas y Snacks,$37.50,septiembre,9,domingo-09,Galletitas y Snacks - Transferencia,2024
154,2/9/2024,164,Centro,16,2,5,Transferencia,Completa,Tortas,$15.23,Panadería,$30.46,septiembre,9,lunes-09,Panadería - Transferencia,2024
348,2/9/2024,248,Centro,9,4,4,Mercado Pago,Completa,Pollo,$18.56,Carnicería,$74.24,septiembre,9,lunes-09,Carnicería - Mercado Pago,2024
518,2/9/2024,314,Patagonia,16,3,2,Tarjeta de Crédito,Pendiente,Tortas,$15.23,Panadería,$45.69,septiembre,9,lunes-09,Panadería - Tarjeta de Crédito,2024
587,2/9/2024,317,NEA,20,5,1,Efectivo,Completa,Lechugas,$4.25,Frutas y Verduras,$21.25,septiembre,9,lunes-09,Frutas y Verduras - Efectivo,2024
702,2/9/2024,308,Centro,25,2,1,Efectivo,Completa,Pizza congelada,$15.45,Congelados,$30.90,septiembre,9,lunes-09,Congelados - Efectivo,2024
810,2/9/2024,40,Cuyo,24,6,4,Mercado Pago,Completa,Empanadas,$13.54,Congelados,$81.24,septiembre,9,lunes-09,Congelados - Mercado Pago,2024
931,2/9/2024,179,Buenos Aires,29,4,1,Efectivo,Completa,Cerveza,$11.54,Bebidas,$46.16,septiembre,9,lunes-09,Bebidas - Efectivo,2024
1203,2/9/2024,257,NEA,38,5,5,Transferencia,Completa,Atún enlatado,$6.21,Conservas,$31.05,septiembre,9,lunes-09,Conservas - Transferencia,2024
1789,2/9/2024,115,Cuyo,30,5,1,Efectivo,Completa,Vino tinto,$13.54,Bebidas,$67.70,septiembre,9,lunes-09,Bebidas - Efectivo,2024
2288,2/9/2024,252,Patagonia,16,4,4,Mercado Pago,Completa,Tortas,$15.23,Panadería,$60.92,septiembre,9,lunes-09,Panadería - Mercado Pago,2024
624,3/9/2024,297,Buenos Aires,36,1,5,Transferencia,Completa,Lentejas,$3.25,Conservas,$3.25,septiembre,9,martes-09,Conservas - Transferencia,2024
738,3/9/2024,59,Centro,36,4,5,Transferencia,Completa,Lentejas,$3.25,Conservas,$13.00,septiembre,9,martes-09,Conservas - Transferencia,2024
998,3/9/2024,152,NOA,25,5,3,Tarjeta de Débito,Completa,Pizza congelada,$15.45,Congelados,$77.25,septiembre,9,martes-09,Congelados - Tarjeta de Débito,2024
1584,3/9/2024,194,Buenos Aires,31,2,2,Tarjeta de Crédito,Completa,Galletitas de agua,$5.24,Galletitas y Snacks,$10.48,septiembre,9,martes-09,Galletitas y Snacks - Tarjeta de Crédito,2024
2032,3/9/2024,100,NEA,38,4,4,Mercado Pago,Completa,Atún enlatado,$6.21,Conservas,$24.84,septiembre,9,martes-09,Conservas - Mercado Pago,2024
2252,3/9/2024,206,NEA,31,3,4,Mercado Pago,Completa,Galletitas de agua,$5.24,Galletitas y Snacks,$15.72,septiembre,9,martes-09,Galletitas y Snacks - Mercado Pago,2024
52,4/9/2024,50,Buenos Aires,16,6,4,Mercado Pago,Completa,Tortas,$15.23,Panadería,$91.38,septiembre,9,miércoles-09,Panadería - Mercado Pago,2024
205,4/9/2024,303,Centro,2,3,5,Transferencia,Completa,Yogur,$5.21,Lácteos,$15.63,septiembre,9,miércoles-09,Lácteos - Transferencia,2024
385,4/9/2024,257,NEA,19,2,3,Tarjeta de Débito,Completa,Tomates,$6.54,Frutas y Verduras,$13.08,septiembre,9,miércoles-09,Frutas y Verduras - Tarjeta de Débito,2024
535,4/9/2024,167,Buenos Aires,14,3,1,Efectivo,Completa,Facturas,$12.36,Panadería,$37.08,septiembre,9,miércoles-09,Panadería - Efectivo,2024
1039,4/9/2024,314,Patagonia,22,1,4,Mercado Pago,Completa,Cebolla,$4.21,Frutas y Verduras,$4.21,septiembre,9,miércoles-09,Frutas y Verduras - Mercado Pago,2024
1042,4/9/2024,257,NEA,8,2,4,Mercado Pago,Completa,Milanesa,$16.21,Carnicería,$32.42,septiembre,9,miércoles-09,Carnicería - Mercado Pago,2024
1429,4/9/2024,23,Patagonia,26,2,5,Transferencia,Pendiente,Hamburgesas congeladas,$9.54,Congelados,$19.08,septiembre,9,miércoles-09,Congelados - Transferencia,2024
1430,4/9/2024,302,Patagonia,19,3,1,Efectivo,Completa,Tomates,$6.54,Frutas y Verduras,$19.62,septiembre,9,miércoles-09,Frutas y Verduras - Efectivo,2024
2538,4/9/2024,141,NEA,30,5,3,Tarjeta de Débito,Completa,Vino tinto,$13.54,Bebidas,$67.70,septiembre,9,miércoles-09,Bebidas - Tarjeta de Débito,2024
147,5/9/2024,213,Centro,32,6,5,Transferencia,Completa,Galletitas de chocolate,$6.25,Galletitas y Snacks,$37.50,septiembre,9,jueves-09,Galletitas y Snacks - Transferencia,2024
476,5/9/2024,209,Buenos Aires,38,5,2,Tarjeta de Crédito,Completa,Atún enlatado,$6.21,Conservas,$31.05,septiembre,9,jueves-09,Conservas - Tarjeta de Crédito,2024
1134,5/9/2024,138,Buenos Aires,30,2,4,Mercado Pago,Pendiente,Vino tinto,$13.54,Bebidas,$27.08,septiembre,9,jueves-09,Bebidas - Mercado Pago,2024
1550,5/9/2024,125,Patagonia,6,4,1,Efectivo,Completa,Asado,$28.56,Carnicería,$114.24,septiembre,9,jueves-09,Carnicería - Efectivo,2024
2530,5/9/2024,218,Centro,4,1,4,Mercado Pago,Completa,Queso rallado,$19.23,Lácteos,$19.23,septiembre,9,jueves-09,Lácteos - Mercado Pago,2024
5,6/9/2024,188,Cuyo,4,4,4,Mercado Pago,Completa,Queso rallado,$19.23,Lácteos,$76.92,septiembre,9,viernes-09,Lácteos - Mercado Pago,2024
320,6/9/2024,93,Buenos Aires,38,3,3,Tarjeta de Débito,Completa,Atún enlatado,$6.21,Conservas,$18.63,septiembre,9,viernes-09,Conservas - Tarjeta de Débito,2024
862,6/9/2024,284,NOA,17,5,4,Mercado Pago,Completa,Manzanas,$6.54,Frutas y Verduras,$32.70,septiembre,9,viernes-09,Frutas y Verduras - Mercado Pago,2024
1526,6/9/2024,229,Cuyo,19,5,3,Tarjeta de Débito,Completa,Tomates,$6.54,Frutas y Verduras,$32.70,septiembre,9,viernes-09,Frutas y Verduras - Tarjeta de Débito,2024
2025,6/9/2024,59,Centro,4,1,1,Efectivo,Completa,Queso rallado,$19.23,Lácteos,$19.23,septiembre,9,viernes-09,Lácteos - Efectivo,2024
2607,6/9/2024,214,Patagonia,38,1,1,Efectivo,Completa,Atún enlatado,$6.21,Conservas,$6.21,septiembre,9,viernes-09,Conservas - Efectivo,2024
2612,6/9/2024,165,Buenos Aires,20,4,1,Efectivo,Completa,Lechugas,$4.25,Frutas y Verduras,$17.00,septiembre,9,viernes-09,Frutas y Verduras - Efectivo,2024
2714,6/9/2024,21,Buenos Aires,1,2,3,Tarjeta de Débito,Completa,Leche,$12.24,Lácteos,$24.48,septiembre,9,viernes-09,Lácteos - Tarjeta de Débito,2024
252,7/9/2024,222,Centro,23,3,3,Tarjeta de Débito,Completa,Papas fritas,$8.23,Congelados,$24.69,septiembre,9,sábado-09,Congelados - Tarjeta de Débito,2024
299,7/9/2024,60,NEA,28,2,1,Efectivo,Pendiente,Jugos de frutas,$9.45,Bebidas,$18.90,septiembre,9,sábado-09,Bebidas - Efectivo,2024
615,7/9/2024,205,Patagonia,17,4,1,Efectivo,Completa,Manzanas,$6.54,Frutas y Verduras,$26.16,septiembre,9,sábado-09,Frutas y Verduras - Efectivo,2024
811,7/9/2024,52,Patagonia,13,3,5,Transferencia,Completa,Pan integral,$12.56,Panadería,$37.68,septiembre,9,sábado-09,Panadería - Transferencia,2024
882,7/9/2024,288,Buenos Aires,32,5,2,Tarjeta de Crédito,Completa,Galletitas de chocolate,$6.25,Galletitas y Snacks,$31.25,septiembre,9,sábado-09,Galletitas y Snacks - Tarjeta de Crédito,2024
927,7/9/2024,242,NEA,21,3,4,Mercado Pago,Completa,Zanahorias,$3.25,Frutas y Verduras,$9.75,septiembre,9,sábado-09,Frutas y Verduras - Mercado Pago,2024
2075,7/9/2024,245,NEA,11,5,2,Tarjeta de Crédito,Pendiente,Salchicha,$11.23,Carnicería,$56.15,septiembre,9,sábado-09,Carnicería - Tarjeta de Crédito,2024
2455,7/9/2024,316,Centro,6,5,5,Transferencia,Pendiente,Asado,$28.56,Carnicería,$142.80,septiembre,9,sábado-09,Carnicería - Transferencia,2024
2459,7/9/2024,61,Buenos Aires,33,6,1,Efectivo,Completa,Papas chips,$8.54,Galletitas y Snacks,$51.24,septiembre,9,sábado-09,Galletitas y Snacks - Efectivo,2024
83,8/9/2024,187,Buenos Aires,2,6,4,Mercado Pago,Completa,Yogur,$5.21,Lácteos,$31.26,septiembre,9,domingo-09,Lácteos - Mercado Pago,2024
442,8/9/2024,48,Patagonia,34,3,5,Transferencia,Completa,Maníes,$5.45,Galletitas y Snacks,$16.35,septiembre,9,domingo-09,Galletitas y Snacks - Transferencia,2024
527,8/9/2024,13,Centro,10,6,3,Tarjeta de Débito,Completa,Costilla de cerdo,$14.25,Carnicería,$85.50,septiembre,9,domingo-09,Carnicería - Tarjeta de Débito,2024
761,8/9/2024,16,Buenos Aires,34,6,5,Transferencia,Completa,Maníes,$5.45,Galletitas y Snacks,$32.70,septiembre,9,domingo-09,Galletitas y Snacks - Transferencia,2024
1252,8/9/2024,50,Buenos Aires,36,3,5,Transferencia,Pendiente,Lentejas,$3.25,Conservas,$9.75,septiembre,9,domingo-09,Conservas - Transferencia,2024
1371,8/9/2024,72,Centro,15,6,3,Tarjeta de Débito,Completa,Medialunas,$3.51,Panadería,$21.06,septiembre,9,domingo-09,Panadería - Tarjeta de Débito,2024
2200,8/9/2024,115,Cuyo,28,1,1,Efectivo,Completa,Jugos de frutas,$9.45,Bebidas,$9.45,septiembre,9,domingo-09,Bebidas - Efectivo,2024
2592,8/9/2024,98,Centro,8,5,5,Transferencia,Completa,Milanesa,$16.21,Carnicería,$81.05,septiembre,9,domingo-09,Carnicería - Transferencia,2024
322,9/9/2024,97,Buenos Aires,9,6,5,Transferencia,Completa,Pollo,$18.56,Carnicería,$111.36,septiembre,9,lunes-09,Carnicería - Transferencia,2024
402,9/9/2024,45,Buenos Aires,25,1,5,Transferencia,Completa,Pizza congelada,$15.45,Congelados,$15.45,septiembre,9,lunes-09,Congelados - Transferencia,2024
582,9/9/2024,266,Buenos Aires,21,3,5,Transferencia,Completa,Zanahorias,$3.25,Frutas y Verduras,$9.75,septiembre,9,lunes-09,Frutas y Verduras - Transferencia,2024
1821,9/9/2024,143,Buenos Aires,16,1,4,Mercado Pago,Completa,Tortas,$15.23,Panadería,$15.23,septiembre,9,lunes-09,Panadería - Mercado Pago,2024
726,10/9/2024,161,Patagonia,32,2,4,Mercado Pago,Completa,Galletitas de chocolate,$6.25,Galletitas y Snacks,$12.50,septiembre,9,martes-09,Galletitas y Snacks - Mercado Pago,2024
2359,10/9/2024,230,Centro,35,1,4,Mercado Pago,Pendiente,Arroz,$4.25,Conservas,$4.25,septiembre,9,martes-09,Conservas - Mercado Pago,2024
2744,10/9/2024,301,Cuyo,36,3,4,Mercado Pago,Completa,Lentejas,$3.25,Conservas,$9.75,septiembre,9,martes-09,Conservas - Mercado Pago,2024
1649,11/9/2024,189,Patagonia,37,2,4,Mercado Pago,Completa,Garbanzos,$3.65,Conservas,$7.30,septiembre,9,miércoles-09,Conservas - Mercado Pago,2024
1854,11/9/2024,303,Centro,4,5,4,Mercado Pago,Completa,Queso rallado,$19.23,Lácteos,$96.15,septiembre,9,miércoles-09,Lácteos - Mercado Pago,2024
2220,11/9/2024,317,NEA,26,3,5,Transferencia,Completa,Hamburgesas congeladas,$9.54,Congelados,$28.62,septiembre,9,miércoles-09,Congelados - Transferencia,2024
2489,11/9/2024,266,Buenos Aires,34,3,5,Transferencia,Completa,Maníes,$5.45,Galletitas y Snacks,$16.35,septiembre,9,miércoles-09,Galletitas y Snacks - Transferencia,2024
2649,11/9/2024,294,Centro,28,1,4,Mercado Pago,Pendiente,Jugos de frutas,$9.45,Bebidas,$9.45,septiembre,9,miércoles-09,Bebidas - Mercado Pago,2024
2809,11/9/2024,276,Patagonia,8,5,5,Transferencia,Pendiente,Milanesa,$16.21,Carnicería,$81.05,septiembre,9,miércoles-09,Carnicería - Transferencia,2024
2878,11/9/2024,180,Buenos Aires,27,4,4,Mercado Pago,Completa,Agua mineral,$6.21,Bebidas,$24.84,septiembre,9,miércoles-09,Bebidas - Mercado Pago,2024
958,12/9/2024,80,NEA,11,3,3,Tarjeta de Débito,Completa,Salchicha,$11.23,Carnicería,$33.69,septiembre,9,jueves-09,Carnicería - Tarjeta de Débito,2024
1466,12/9/2024,215,NEA,17,1,1,Efectivo,Completa,Manzanas,$6.54,Frutas y Verduras,$6.54,septiembre,9,jueves-09,Frutas y Verduras - Efectivo,2024
2106,12/9/2024,135,Cuyo,14,2,1,Efectivo,Completa,Facturas,$12.36,Panadería,$24.72,septiembre,9,jueves-09,Panadería - Efectivo,2024
2192,12/9/2024,167,Buenos Aires,26,6,4,Mercado Pago,Completa,Hamburgesas congeladas,$9.54,Congelados,$57.24,septiembre,9,jueves-09,Congelados - Mercado Pago,2024
2708,12/9/2024,233,Centro,29,5,3,Tarjeta de Débito,Completa,Cerveza,$11.54,Bebidas,$57.70,septiembre,9,jueves-09,Bebidas - Tarjeta de Débito,2024
1132,13/9/2024,88,Patagonia,22,1,4,Mercado Pago,Completa,Cebolla,$4.21,Frutas y Verduras,$4.21,septiembre,9,viernes-09,Frutas y Verduras - Mercado Pago,2024
1442,13/9/2024,4,Buenos Aires,17,4,2,Tarjeta de Crédito,Completa,Manzanas,$6.54,Frutas y Verduras,$26.16,septiembre,9,viernes-09,Frutas y Verduras - Tarjeta de Crédito,2024
2154,13/9/2024,212,Buenos Aires,25,6,4,Mercado Pago,Completa,Pizza congelada,$15.45,Congelados,$92.70,septiembre,9,viernes-09,Congelados - Mercado Pago,2024
1272,14/9/2024,187,Buenos Aires,12,2,2,Tarjeta de Crédito,Pendiente,Pan francés,$8.12,Panadería,$16.24,septiembre,9,sábado-09,Panadería - Tarjeta de Crédito,2024
1380,14/9/2024,126,Cuyo,22,2,1,Efectivo,Completa,Cebolla,$4.21,Frutas y Verduras,$8.42,septiembre,9,sábado-09,Frutas y Verduras - Efectivo,2024
1762,14/9/2024,71,Buenos Aires,29,2,4,Mercado Pago,Completa,Cerveza,$11.54,Bebidas,$23.08,septiembre,9,sábado-09,Bebidas - Mercado Pago,2024
1829,14/9/2024,207,Buenos Aires,23,2,4,Mercado Pago,Completa,Papas fritas,$8.23,Congelados,$16.46,septiembre,9,sábado-09,Congelados - Mercado Pago,2024
2944,14/9/2024,22,Centro,21,3,5,Transferencia,Pendiente,Zanahorias,$3.25,Frutas y Verduras,$9.75,septiembre,9,sábado-09,Frutas y Verduras - Transferencia,2024
2992,14/9/2024,311,Buenos Aires,30,2,4,Mercado Pago,Completa,Vino tinto,$13.54,Bebidas,$27.08,septiembre,9,sábado-09,Bebidas - Mercado Pago,2024
522,15/9/2024,58,Buenos Aires,26,4,2,Tarjeta de Crédito,Completa,Hamburgesas congeladas,$9.54,Congelados,$38.16,septiembre,9,domingo-09,Congelados - Tarjeta de Crédito,2024
596,15/9/2024,169,Centro,1,5,5,Transferencia,Completa,Leche,$12.24,Lácteos,$61.20,septiembre,9,domingo-09,Lácteos - Transferencia,2024
634,15/9/2024,14,Buenos Aires,8,5,1,Efectivo,Completa,Milanesa,$16.21,Carnicería,$81.05,septiembre,9,domingo-09,Carnicería - Efectivo,2024
1183,15/9/2024,289,Cuyo,16,4,1,Efectivo,Completa,Tortas,$15.23,Panadería,$60.92,septiembre,9,domingo-09,Panadería - Efectivo,2024
2798,15/9/2024,185,Centro,32,4,3,Tarjeta de Débito,Completa,Galletitas de chocolate,$6.25,Galletitas y Snacks,$25.00,septiembre,9,domingo-09,Galletitas y Snacks - Tarjeta de Débito,2024
26,16/9/2024,286,Centro,23,2,5,Transferencia,Completa,Papas fritas,$8.23,Congelados,$16.46,septiembre,9,lunes-09,Congelados - Transferencia,2024
561,16/9/2024,9,Centro,38,6,4,Mercado Pago,Completa,Atún enlatado,$6.21,Conservas,$37.26,septiembre,9,lunes-09,Conservas - Mercado Pago,2024
1230,16/9/2024,197,Cuyo,2,6,5,Transferencia,Cancelada,Yogur,$5.21,Lácteos,$31.26,septiembre,9,lunes-09,Lácteos - Transferencia,2024
1484,16/9/2024,171,Cuyo,3,6,3,Tarjeta de Débito,Completa,Queso cremoso,$17.23,Lácteos,$103.38,septiembre,9,lunes-09,Lácteos - Tarjeta de Débito,2024
2286,16/9/2024,307,Cuyo,22,6,4,Mercado Pago,Completa,Cebolla,$4.21,Frutas y Verduras,$25.26,septiembre,9,lunes-09,Frutas y Verduras - Mercado Pago,2024
2667,16/9/2024,315,Buenos Aires,26,2,5,Transferencia,Pendiente,Hamburgesas congeladas,$9.54,Congelados,$19.08,septiembre,9,lunes-09,Congelados - Transferencia,2024
2941,16/9/2024,85,Cuyo,38,5,3,Tarjeta de Débito,Completa,Atún enlatado,$6.21,Conservas,$31.05,septiembre,9,lunes-09,Conservas - Tarjeta de Débito,2024
499,17/9/2024,197,Cuyo,2,1,1,Efectivo,Completa,Yogur,$5.21,Lácteos,$5.21,septiembre,9,martes-09,Lácteos - Efectivo,2024
576,17/9/2024,30,Buenos Aires,27,5,1,Efectivo,Completa,Agua mineral,$6.21,Bebidas,$31.05,septiembre,9,martes-09,Bebidas - Efectivo,2024
934,17/9/2024,213,Centro,26,5,4,Mercado Pago,Completa,Hamburgesas congeladas,$9.54,Congelados,$47.70,septiembre,9,martes-09,Congelados - Mercado Pago,2024
1306,17/9/2024,168,Centro,23,2,5,Transferencia,Completa,Papas fritas,$8.23,Congelados,$16.46,septiembre,9,martes-09,Congelados - Transferencia,2024
1346,17/9/2024,278,Centro,3,5,1,Efectivo,Completa,Queso cremoso,$17.23,Lácteos,$86.15,septiembre,9,martes-09,Lácteos - Efectivo,2024
2013,17/9/2024,84,Buenos Aires,2,3,3,Tarjeta de Débito,Completa,Yogur,$5.21,Lácteos,$15.63,septiembre,9,martes-09,Lácteos - Tarjeta de Débito,2024
2199,17/9/2024,325,NEA,13,4,3,Tarjeta de Débito,Completa,Pan integral,$12.56,Panadería,$50.24,septiembre,9,martes-09,Panadería - Tarjeta de Débito,2024
2208,17/9/2024,324,NEA,17,5,5,Transferencia,Completa,Manzanas,$6.54,Frutas y Verduras,$32.70,septiembre,9,martes-09,Frutas y Verduras - Transferencia,2024
2223,17/9/2024,219,Patagonia,6,5,1,Efectivo,Completa,Asado,$28.56,Carnicería,$142.80,septiembre,9,martes-09,Carnicería - Efectivo,2024
2651,17/9/2024,272,Buenos Aires,21,4,5,Transferencia,Completa,Zanahorias,$3.25,Frutas y Verduras,$13.00,septiembre,9,martes-09,Frutas y Verduras - Transferencia,2024
71,18/9/2024,79,Patagonia,3,1,5,Transferencia,Completa,Queso cremoso,$17.23,Lácteos,$17.23,septiembre,9,miércoles-09,Lácteos - Transferencia,2024
165,18/9/2024,173,Patagonia,8,3,4,Mercado Pago,Completa,Milanesa,$16.21,Carnicería,$48.63,septiembre,9,miércoles-09,Carnicería - Mercado Pago,2024
304,18/9/2024,309,Centro,5,6,5,Transferencia,Completa,Manteca,$5.65,Lácteos,$33.90,septiembre,9,miércoles-09,Lácteos - Transferencia,2024
946,18/9/2024,313,Cuyo,34,4,4,Mercado Pago,Completa,Maníes,$5.45,Galletitas y Snacks,$21.80,septiembre,9,miércoles-09,Galletitas y Snacks - Mercado Pago,2024
1082,18/9/2024,282,Centro,33,6,4,Mercado Pago,Completa,Papas chips,$8.54,Galletitas y Snacks,$51.24,septiembre,9,miércoles-09,Galletitas y Snacks - Mercado Pago,2024
1382,18/9/2024,318,Buenos Aires,23,2,1,Efectivo,Pendiente,Papas fritas,$8.23,Congelados,$16.46,septiembre,9,miércoles-09,Congelados - Efectivo,2024
1582,18/9/2024,245,NEA,16,1,2,Tarjeta de Crédito,Completa,Tortas,$15.23,Panadería,$15.23,septiembre,9,miércoles-09,Panadería - Tarjeta de Crédito,2024
1614,18/9/2024,60,NEA,37,1,1,Efectivo,Completa,Garbanzos,$3.65,Conservas,$3.65,septiembre,9,miércoles-09,Conservas - Efectivo,2024
1801,18/9/2024,46,Centro,33,1,5,Transferencia,Pendiente,Papas chips,$8.54,Galletitas y Snacks,$8.54,septiembre,9,miércoles-09,Galletitas y Snacks - Transferencia,2024
1810,18/9/2024,72,Centro,35,4,5,Transferencia,Completa,Arroz,$4.25,Conservas,$17.00,septiembre,9,miércoles-09,Conservas - Transferencia,2024
2095,18/9/2024,36,Buenos Aires,36,6,2,Tarjeta de Crédito,Completa,Lentejas,$3.25,Conservas,$19.50,septiembre,9,miércoles-09,Conservas - Tarjeta de Crédito,2024
2793,18/9/2024,205,Patagonia,16,2,5,Transferencia,Pendiente,Tortas,$15.23,Panadería,$30.46,septiembre,9,miércoles-09,Panadería - Transferencia,2024
186,19/9/2024,204,Patagonia,12,1,2,Tarjeta de Crédito,Completa,Pan francés,$8.12,Panadería,$8.12,septiembre,9,jueves-09,Panadería - Tarjeta de Crédito,2024
373,19/9/2024,41,Patagonia,26,3,4,Mercado Pago,Completa,Hamburgesas congeladas,$9.54,Congelados,$28.62,septiembre,9,jueves-09,Congelados - Mercado Pago,2024
892,19/9/2024,214,Patagonia,37,2,5,Transferencia,Completa,Garbanzos,$3.65,Conservas,$7.30,septiembre,9,jueves-09,Conservas - Transferencia,2024
1089,19/9/2024,73,Centro,8,4,4,Mercado Pago,Completa,Milanesa,$16.21,Carnicería,$64.84,septiembre,9,jueves-09,Carnicería - Mercado Pago,2024
1289,19/9/2024,50,Buenos Aires,28,4,4,Mercado Pago,Completa,Jugos de frutas,$9.45,Bebidas,$37.80,septiembre,9,jueves-09,Bebidas - Mercado Pago,2024
1366,19/9/2024,185,Centro,35,1,4,Mercado Pago,Completa,Arroz,$4.25,Conservas,$4.25,septiembre,9,jueves-09,Conservas - Mercado Pago,2024
1599,19/9/2024,144,NEA,5,3,3,Tarjeta de Débito,Completa,Manteca,$5.65,Lácteos,$16.95,septiembre,9,jueves-09,Lácteos - Tarjeta de Débito,2024
1963,19/9/2024,99,Buenos Aires,12,1,5,Transferencia,Completa,Pan francés,$8.12,Panadería,$8.12,septiembre,9,jueves-09,Panadería - Transferencia,2024
2988,19/9/2024,152,NOA,30,2,1,Efectivo,Completa,Vino tinto,$13.54,Bebidas,$27.08,septiembre,9,jueves-09,Bebidas - Efectivo,2024
832,20/9/2024,100,NEA,21,6,3,Tarjeta de Débito,Completa,Zanahorias,$3.25,Frutas y Verduras,$19.50,septiembre,9,viernes-09,Frutas y Verduras - Tarjeta de Débito,2024
899,20/9/2024,32,Cuyo,27,6,2,Tarjeta de Crédito,Completa,Agua mineral,$6.21,Bebidas,$37.26,septiembre,9,viernes-09,Bebidas - Tarjeta de Crédito,2024
1477,20/9/2024,170,Centro,7,4,2,Tarjeta de Crédito,Completa,Chorizo,$11.25,Carnicería,$45.00,septiembre,9,viernes-09,Carnicería - Tarjeta de Crédito,2024
1495,20/9/2024,142,Cuyo,18,2,3,Tarjeta de Débito,Completa,Bananas,$7.25,Frutas y Verduras,$14.50,septiembre,9,viernes-09,Frutas y Verduras - Tarjeta de Débito,2024
1929,20/9/2024,252,Patagonia,31,5,3,Tarjeta de Débito,Completa,Galletitas de agua,$5.24,Galletitas y Snacks,$26.20,septiembre,9,viernes-09,Galletitas y Snacks - Tarjeta de Débito,2024
2508,20/9/2024,225,Buenos Aires,31,2,5,Transferencia,Completa,Galletitas de agua,$5.24,Galletitas y Snacks,$10.48,septiembre,9,viernes-09,Galletitas y Snacks - Transferencia,2024
2895,20/9/2024,41,Patagonia,13,1,5,Transferencia,Completa,Pan integral,$12.56,Panadería,$12.56,septiembre,9,viernes-09,Panadería - Transferencia,2024
552,21/9/2024,286,Centro,17,1,4,Mercado Pago,Completa,Manzanas,$6.54,Frutas y Verduras,$6.54,septiembre,9,sábado-09,Frutas y Verduras - Mercado Pago,2024
720,21/9/2024,180,Buenos Aires,10,3,3,Tarjeta de Débito,Completa,Costilla de cerdo,$14.25,Carnicería,$42.75,septiembre,9,sábado-09,Carnicería - Tarjeta de Débito,2024
1197,21/9/2024,323,Centro,2,3,4,Mercado Pago,Completa,Yogur,$5.21,Lácteos,$15.63,septiembre,9,sábado-09,Lácteos - Mercado Pago,2024
1259,21/9/2024,307,Cuyo,2,6,2,Tarjeta de Crédito,Completa,Yogur,$5.21,Lácteos,$31.26,septiembre,9,sábado-09,Lácteos - Tarjeta de Crédito,2024
1265,21/9/2024,94,Centro,6,2,3,Tarjeta de Débito,Completa,Asado,$28.56,Carnicería,$57.12,septiembre,9,sábado-09,Carnicería - Tarjeta de Débito,2024
1302,21/9/2024,241,Buenos Aires,34,3,1,Efectivo,Completa,Maníes,$5.45,Galletitas y Snacks,$16.35,septiembre,9,sábado-09,Galletitas y Snacks - Efectivo,2024
1712,21/9/2024,92,Patagonia,11,6,1,Efectivo,Completa,Salchicha,$11.23,Carnicería,$67.38,septiembre,9,sábado-09,Carnicería - Efectivo,2024
1909,21/9/2024,272,Buenos Aires,17,6,5,Transferencia,Pendiente,Manzanas,$6.54,Frutas y Verduras,$39.24,septiembre,9,sábado-09,Frutas y Verduras - Transferencia,2024
2069,21/9/2024,243,Buenos Aires,37,5,4,Mercado Pago,Completa,Garbanzos,$3.65,Conservas,$18.25,septiembre,9,sábado-09,Conservas - Mercado Pago,2024
2406,21/9/2024,152,NOA,6,1,4,Mercado Pago,Completa,Asado,$28.56,Carnicería,$28.56,septiembre,9,sábado-09,Carnicería - Mercado Pago,2024
2647,21/9/2024,83,Buenos Aires,23,6,5,Transferencia,Completa,Papas fritas,$8.23,Congelados,$49.38,septiembre,9,sábado-09,Congelados - Transferencia,2024
2673,21/9/2024,44,Buenos Aires,33,2,2,Tarjeta de Crédito,Completa,Papas chips,$8.54,Galletitas y Snacks,$17.08,septiembre,9,sábado-09,Galletitas y Snacks - Tarjeta de Crédito,2024
2738,21/9/2024,70,Centro,37,3,3,Tarjeta de Débito,Completa,Garbanzos,$3.65,Conservas,$10.95,septiembre,9,sábado-09,Conservas - Tarjeta de Débito,2024
2972,21/9/2024,74,Patagonia,32,3,1,Efectivo,Completa,Galletitas de chocolate,$6.25,Galletitas y Snacks,$18.75,septiembre,9,sábado-09,Galletitas y Snacks - Efectivo,2024
292,22/9/2024,221,Buenos Aires,26,6,4,Mercado Pago,Completa,Hamburgesas congeladas,$9.54,Congelados,$57.24,septiembre,9,domingo-09,Congelados - Mercado Pago,2024
654,22/9/2024,174,Patagonia,30,6,1,Efectivo,Completa,Vino tinto,$13.54,Bebidas,$81.24,septiembre,9,domingo-09,Bebidas - Efectivo,2024
855,22/9/2024,35,NOA,8,2,3,Tarjeta de Débito,Completa,Milanesa,$16.21,Carnicería,$32.42,septiembre,9,domingo-09,Carnicería - Tarjeta de Débito,2024
1144,22/9/2024,106,NEA,21,1,4,Mercado Pago,Completa,Zanahorias,$3.25,Frutas y Verduras,$3.25,septiembre,9,domingo-09,Frutas y Verduras - Mercado Pago,2024
1172,22/9/2024,164,Centro,13,1,5,Transferencia,Completa,Pan integral,$12.56,Panadería,$12.56,septiembre,9,domingo-09,Panadería - Transferencia,2024
1373,22/9/2024,192,Cuyo,11,1,5,Transferencia,Completa,Salchicha,$11.23,Carnicería,$11.23,septiembre,9,domingo-09,Carnicería - Transferencia,2024
2365,22/9/2024,95,Buenos Aires,37,3,4,Mercado Pago,Completa,Garbanzos,$3.65,Conservas,$10.95,septiembre,9,domingo-09,Conservas - Mercado Pago,2024
2457,22/9/2024,234,Buenos Aires,3,3,4,Mercado Pago,Completa,Queso cremoso,$17.23,Lácteos,$51.69,septiembre,9,domingo-09,Lácteos - Mercado Pago,2024
2774,22/9/2024,31,Centro,6,2,5,Transferencia,Pendiente,Asado,$28.56,Carnicería,$57.12,septiembre,9,domingo-09,Carnicería - Transferencia,2024
2783,22/9/2024,61,Buenos Aires,10,5,1,Efectivo,Completa,Costilla de cerdo,$14.25,Carnicería,$71.25,septiembre,9,domingo-09,Carnicería - Efectivo,2024
2968,22/9/2024,245,NEA,29,2,1,Efectivo,Completa,Cerveza,$11.54,Bebidas,$23.08,septiembre,9,domingo-09,Bebidas - Efectivo,2024
156,23/9/2024,145,Buenos Aires,4,6,3,Tarjeta de Débito,Completa,Queso rallado,$19.23,Lácteos,$115.38,septiembre,9,lunes-09,Lácteos - Tarjeta de Débito,2024
463,23/9/2024,280,Centro,32,4,2,Tarjeta de Crédito,Completa,Galletitas de chocolate,$6.25,Galletitas y Snacks,$25.00,septiembre,9,lunes-09,Galletitas y Snacks - Tarjeta de Crédito,2024
470,23/9/2024,62,NEA,12,4,3,Tarjeta de Débito,Pendiente,Pan francés,$8.12,Panadería,$32.48,septiembre,9,lunes-09,Panadería - Tarjeta de Débito,2024
534,23/9/2024,56,Centro,1,5,1,Efectivo,Completa,Leche,$12.24,Lácteos,$61.20,septiembre,9,lunes-09,Lácteos - Efectivo,2024
568,23/9/2024,230,Centro,31,3,1,Efectivo,Completa,Galletitas de agua,$5.24,Galletitas y Snacks,$15.72,septiembre,9,lunes-09,Galletitas y Snacks - Efectivo,2024
1180,23/9/2024,256,Buenos Aires,10,1,5,Transferencia,Pendiente,Costilla de cerdo,$14.25,Carnicería,$14.25,septiembre,9,lunes-09,Carnicería - Transferencia,2024
1340,23/9/2024,8,Buenos Aires,3,3,5,Transferencia,Completa,Queso cremoso,$17.23,Lácteos,$51.69,septiembre,9,lunes-09,Lácteos - Transferencia,2024
2620,23/9/2024,29,NEA,22,2,5,Transferencia,Completa,Cebolla,$4.21,Frutas y Verduras,$8.42,septiembre,9,lunes-09,Frutas y Verduras - Transferencia,2024
25,24/9/2024,275,Buenos Aires,34,3,3,Tarjeta de Débito,Completa,Maníes,$5.45,Galletitas y Snacks,$16.35,septiembre,9,martes-09,Galletitas y Snacks - Tarjeta de Débito,2024
368,24/9/2024,276,Patagonia,32,2,3,Tarjeta de Débito,Pendiente,Galletitas de chocolate,$6.25,Galletitas y Snacks,$12.50,septiembre,9,martes-09,Galletitas y Snacks - Tarjeta de Débito,2024
462,24/9/2024,100,NEA,32,5,4,Mercado Pago,Completa,Galletitas de chocolate,$6.25,Galletitas y Snacks,$31.25,septiembre,9,martes-09,Galletitas y Snacks - Mercado Pago,2024
637,24/9/2024,176,NEA,33,6,5,Transferencia,Completa,Papas chips,$8.54,Galletitas y Snacks,$51.24,septiembre,9,martes-09,Galletitas y Snacks - Transferencia,2024
1402,24/9/2024,31,Centro,35,1,4,Mercado Pago,Completa,Arroz,$4.25,Conservas,$4.25,septiembre,9,martes-09,Conservas - Mercado Pago,2024
2377,24/9/2024,224,Cuyo,26,5,4,Mercado Pago,Completa,Hamburgesas congeladas,$9.54,Congelados,$47.70,septiembre,9,martes-09,Congelados - Mercado Pago,2024
2735,24/9/2024,3,Patagonia,36,2,4,Mercado Pago,Pendiente,Lentejas,$3.25,Conservas,$6.50,septiembre,9,martes-09,Conservas - Mercado Pago,2024
273,25/9/2024,130,Buenos Aires,4,4,5,Transferencia,Completa,Queso rallado,$19.23,Lácteos,$76.92,septiembre,9,miércoles-09,Lácteos - Transferencia,2024
478,25/9/2024,108,Patagonia,31,1,4,Mercado Pago,Completa,Galletitas de agua,$5.24,Galletitas y Snacks,$5.24,septiembre,9,miércoles-09,Galletitas y Snacks - Mercado Pago,2024
635,25/9/2024,261,NOA,5,2,1,Efectivo,Completa,Manteca,$5.65,Lácteos,$11.30,septiembre,9,miércoles-09,Lácteos - Efectivo,2024
805,25/9/2024,270,Cuyo,26,2,3,Tarjeta de Débito,Completa,Hamburgesas congeladas,$9.54,Congelados,$19.08,septiembre,9,miércoles-09,Congelados - Tarjeta de Débito,2024
878,25/9/2024,153,Cuyo,26,2,1,Efectivo,Completa,Hamburgesas congeladas,$9.54,Congelados,$19.08,septiembre,9,miércoles-09,Congelados - Efectivo,2024
1072,25/9/2024,155,Cuyo,28,2,4,Mercado Pago,Completa,Jugos de frutas,$9.45,Bebidas,$18.90,septiembre,9,miércoles-09,Bebidas - Mercado Pago,2024
1204,25/9/2024,280,Centro,33,1,4,Mercado Pago,Completa,Papas chips,$8.54,Galletitas y Snacks,$8.54,septiembre,9,miércoles-09,Galletitas y Snacks - Mercado Pago,2024
1555,25/9/2024,9,Centro,25,2,2,Tarjeta de Crédito,Completa,Pizza congelada,$15.45,Congelados,$30.90,septiembre,9,miércoles-09,Congelados - Tarjeta de Crédito,2024
1949,25/9/2024,223,Buenos Aires,1,3,1,Efectivo,Completa,Leche,$12.24,Lácteos,$36.72,septiembre,9,miércoles-09,Lácteos - Efectivo,2024
1992,25/9/2024,266,Buenos Aires,29,6,4,Mercado Pago,Completa,Cerveza,$11.54,Bebidas,$69.24,septiembre,9,miércoles-09,Bebidas - Mercado Pago,2024
2513,25/9/2024,290,Buenos Aires,18,1,1,Efectivo,Completa,Bananas,$7.25,Frutas y Verduras,$7.25,septiembre,9,miércoles-09,Frutas y Verduras - Efectivo,2024
2576,25/9/2024,214,Patagonia,15,2,3,Tarjeta de Débito,Pendiente,Medialunas,$3.51,Panadería,$7.02,septiembre,9,miércoles-09,Panadería - Tarjeta de Débito,2024
2650,25/9/2024,48,Patagonia,26,2,2,Tarjeta de Crédito,Pendiente,Hamburgesas congeladas,$9.54,Congelados,$19.08,septiembre,9,miércoles-09,Congelados - Tarjeta de Crédito,2024
2682,25/9/2024,8,Buenos Aires,17,5,4,Mercado Pago,Completa,Manzanas,$6.54,Frutas y Verduras,$32.70,septiembre,9,miércoles-09,Frutas y Verduras - Mercado Pago,2024
2833,25/9/2024,202,NEA,36,5,1,Efectivo,Completa,Lentejas,$3.25,Conservas,$16.25,septiembre,9,miércoles-09,Conservas - Efectivo,2024
4,26/9/2024,111,Cuyo,37,5,4,Mercado Pago,Completa,Garbanzos,$3.65,Conservas,$18.25,septiembre,9,jueves-09,Conservas - Mercado Pago,2024
224,26/9/2024,294,Centro,10,5,4,Mercado Pago,Completa,Costilla de cerdo,$14.25,Carnicería,$71.25,septiembre,9,jueves-09,Carnicería - Mercado Pago,2024
296,26/9/2024,279,Centro,10,6,5,Transferencia,Pendiente,Costilla de cerdo,$14.25,Carnicería,$85.50,septiembre,9,jueves-09,Carnicería - Transferencia,2024
604,26/9/2024,321,Cuyo,6,3,4,Mercado Pago,Completa,Asado,$28.56,Carnicería,$85.68,septiembre,9,jueves-09,Carnicería - Mercado Pago,2024
1092,26/9/2024,232,Buenos Aires,9,1,1,Efectivo,Completa,Pollo,$18.56,Carnicería,$18.56,septiembre,9,jueves-09,Carnicería - Efectivo,2024
1567,26/9/2024,147,Cuyo,15,4,4,Mercado Pago,Completa,Medialunas,$3.51,Panadería,$14.04,septiembre,9,jueves-09,Panadería - Mercado Pago,2024
2707,26/9/2024,244,Buenos Aires,23,1,5,Transferencia,Completa,Papas fritas,$8.23,Congelados,$8.23,septiembre,9,jueves-09,Congelados - Transferencia,2024
2711,26/9/2024,309,Centro,5,4,1,Efectivo,Completa,Manteca,$5.65,Lácteos,$22.60,septiembre,9,jueves-09,Lácteos - Efectivo,2024
2819,26/9/2024,6,Buenos Aires,25,1,2,Tarjeta de Crédito,Completa,Pizza congelada,$15.45,Congelados,$15.45,septiembre,9,jueves-09,Congelados - Tarjeta de Crédito,2024
56,27/9/2024,91,Buenos Aires,20,6,3,Tarjeta de Débito,Completa,Lechugas,$4.25,Frutas y Verduras,$25.50,septiembre,9,viernes-09,Frutas y Verduras - Tarjeta de Débito,2024
112,27/9/2024,3,Patagonia,31,1,3,Tarjeta de Débito,Completa,Galletitas de agua,$5.24,Galletitas y Snacks,$5.24,septiembre,9,viernes-09,Galletitas y Snacks - Tarjeta de Débito,2024
150,27/9/2024,133,Buenos Aires,6,3,4,Mercado Pago,Completa,Asado,$28.56,Carnicería,$85.68,septiembre,9,viernes-09,Carnicería - Mercado Pago,2024
451,27/9/2024,290,Buenos Aires,7,3,4,Mercado Pago,Completa,Chorizo,$11.25,Carnicería,$33.75,septiembre,9,viernes-09,Carnicería - Mercado Pago,2024
647,27/9/2024,286,Centro,19,5,1,Efectivo,Completa,Tomates,$6.54,Frutas y Verduras,$32.70,septiembre,9,viernes-09,Frutas y Verduras - Efectivo,2024
697,27/9/2024,21,Buenos Aires,19,6,2,Tarjeta de Crédito,Completa,Tomates,$6.54,Frutas y Verduras,$39.24,septiembre,9,viernes-09,Frutas y Verduras - Tarjeta de Crédito,2024
736,27/9/2024,325,NEA,5,6,5,Transferencia,Completa,Manteca,$5.65,Lácteos,$33.90,septiembre,9,viernes-09,Lácteos - Transferencia,2024
1523,27/9/2024,79,Patagonia,30,3,4,Mercado Pago,Completa,Vino tinto,$13.54,Bebidas,$40.62,septiembre,9,viernes-09,Bebidas - Mercado Pago,2024
1670,27/9/2024,95,Buenos Aires,4,5,3,Tarjeta de Débito,Completa,Queso rallado,$19.23,Lácteos,$96.15,septiembre,9,viernes-09,Lácteos - Tarjeta de Débito,2024
1925,27/9/2024,101,Buenos Aires,10,4,1,Efectivo,Completa,Costilla de cerdo,$14.25,Carnicería,$57.00,septiembre,9,viernes-09,Carnicería - Efectivo,2024
1946,27/9/2024,277,Patagonia,2,5,3,Tarjeta de Débito,Completa,Yogur,$5.21,Lácteos,$26.05,septiembre,9,viernes-09,Lácteos - Tarjeta de Débito,2024
2553,27/9/2024,120,Buenos Aires,3,5,4,Mercado Pago,Completa,Queso cremoso,$17.23,Lácteos,$86.15,septiembre,9,viernes-09,Lácteos - Mercado Pago,2024
2903,27/9/2024,306,Cuyo,6,2,2,Tarjeta de Crédito,Completa,Asado,$28.56,Carnicería,$57.12,septiembre,9,viernes-09,Carnicería - Tarjeta de Crédito,2024
233,28/9/2024,315,Buenos Aires,10,5,5,Transferencia,Completa,Costilla de cerdo,$14.25,Carnicería,$71.25,septiembre,9,sábado-09,Carnicería - Transferencia,2024
254,28/9/2024,324,NEA,29,1,2,Tarjeta de Crédito,Completa,Cerveza,$11.54,Bebidas,$11.54,septiembre,9,sábado-09,Bebidas - Tarjeta de Crédito,2024
317,28/9/2024,258,Centro,7,6,3,Tarjeta de Débito,Completa,Chorizo,$11.25,Carnicería,$67.50,septiembre,9,sábado-09,Carnicería - Tarjeta de Débito,2024
417,28/9/2024,40,Cuyo,8,6,4,Mercado Pago,Pendiente,Milanesa,$16.21,Carnicería,$97.26,septiembre,9,sábado-09,Carnicería - Mercado Pago,2024
860,28/9/2024,106,NEA,2,6,4,Mercado Pago,Completa,Yogur,$5.21,Lácteos,$31.26,septiembre,9,sábado-09,Lácteos - Mercado Pago,2024
1179,28/9/2024,98,Centro,10,5,4,Mercado Pago,Completa,Costilla de cerdo,$14.25,Carnicería,$71.25,septiembre,9,sábado-09,Carnicería - Mercado Pago,2024
1503,28/9/2024,121,Cuyo,12,6,3,Tarjeta de Débito,Completa,Pan francés,$8.12,Panadería,$48.72,septiembre,9,sábado-09,Panadería - Tarjeta de Débito,2024
2026,28/9/2024,48,Patagonia,17,3,4,Mercado Pago,Pendiente,Manzanas,$6.54,Frutas y Verduras,$19.62,septiembre,9,sábado-09,Frutas y Verduras - Mercado Pago,2024
2174,28/9/2024,325,NEA,17,1,3,Tarjeta de Débito,Completa,Manzanas,$6.54,Frutas y Verduras,$6.54,septiembre,9,sábado-09,Frutas y Verduras - Tarjeta de Débito,2024
2185,28/9/2024,250,Centro,10,2,1,Efectivo,Pendiente,Costilla de cerdo,$14.25,Carnicería,$28.50,septiembre,9,sábado-09,Carnicería - Efectivo,2024
2211,28/9/2024,60,NEA,24,1,1,Efectivo,Completa,Empanadas,$13.54,Congelados,$13.54,septiembre,9,sábado-09,Congelados - Efectivo,2024
2302,28/9/2024,41,Patagonia,21,4,4,Mercado Pago,Pendiente,Zanahorias,$3.25,Frutas y Verduras,$13.00,septiembre,9,sábado-09,Frutas y Verduras - Mercado Pago,2024
59,29/9/2024,242,NEA,16,6,5,Transferencia,Completa,Tortas,$15.23,Panadería,$91.38,septiembre,9,domingo-09,Panadería - Transferencia,2024
91,29/9/2024,192,Cuyo,6,6,3,Tarjeta de Débito,Completa,Asado,$28.56,Carnicería,$171.36,septiembre,9,domingo-09,Carnicería - Tarjeta de Débito,2024
100,29/9/2024,134,Cuyo,26,6,1,Efectivo,Completa,Hamburgesas congeladas,$9.54,Congelados,$57.24,septiembre,9,domingo-09,Congelados - Efectivo,2024
105,29/9/2024,24,Cuyo,24,1,4,Mercado Pago,Completa,Empanadas,$13.54,Congelados,$13.54,septiembre,9,domingo-09,Congelados - Mercado Pago,2024
179,29/9/2024,37,Cuyo,6,4,1,Efectivo,Pendiente,Asado,$28.56,Carnicería,$114.24,septiembre,9,domingo-09,Carnicería - Efectivo,2024
566,29/9/2024,109,Cuyo,16,1,5,Transferencia,Completa,Tortas,$15.23,Panadería,$15.23,septiembre,9,domingo-09,Panadería - Transferencia,2024
745,29/9/2024,230,Centro,9,5,5,Transferencia,Completa,Pollo,$18.56,Carnicería,$92.80,septiembre,9,domingo-09,Carnicería - Transferencia,2024
1199,29/9/2024,38,Patagonia,38,3,4,Mercado Pago,Completa,Atún enlatado,$6.21,Conservas,$18.63,septiembre,9,domingo-09,Conservas - Mercado Pago,2024
1288,29/9/2024,53,Centro,32,3,2,Tarjeta de Crédito,Completa,Galletitas de chocolate,$6.25,Galletitas y Snacks,$18.75,septiembre,9,domingo-09,Galletitas y Snacks - Tarjeta de Crédito,2024
1311,29/9/2024,309,Centro,27,4,2,Tarjeta de Crédito,Completa,Agua mineral,$6.21,Bebidas,$24.84,septiembre,9,domingo-09,Bebidas - Tarjeta de Crédito,2024
2065,29/9/2024,202,NEA,16,3,5,Transferencia,Completa,Tortas,$15.23,Panadería,$45.69,septiembre,9,domingo-09,Panadería - Transferencia,2024
2102,29/9/2024,268,NOA,18,4,1,Efectivo,Completa,Bananas,$7.25,Frutas y Verduras,$29.00,septiembre,9,domingo-09,Frutas y Verduras - Efectivo,2024
2470,29/9/2024,85,Cuyo,24,2,4,Mercado Pago,Completa,Empanadas,$13.54,Congelados,$27.08,septiembre,9,domingo-09,Congelados - Mercado Pago,2024
2765,29/9/2024,183,Patagonia,21,5,4,Mercado Pago,Completa,Zanahorias,$3.25,Frutas y Verduras,$16.25,septiembre,9,domingo-09,Frutas y Verduras - Mercado Pago,2024
2772,29/9/2024,56,Centro,33,3,5,Transferencia,Pendiente,Papas chips,$8.54,Galletitas y Snacks,$25.62,septiembre,9,domingo-09,Galletitas y Snacks - Transferencia,2024
2970,29/9/2024,135,Cuyo,3,4,4,Mercado Pago,Completa,Queso cremoso,$17.23,Lácteos,$68.92,septiembre,9,domingo-09,Lácteos - Mercado Pago,2024
171,30/9/2024,50,Buenos Aires,27,3,5,Transferencia,Completa,Agua mineral,$6.21,Bebidas,$18.63,septiembre,9,lunes-09,Bebidas - Transferencia,2024
400,30/9/2024,167,Buenos Aires,35,2,1,Efectivo,Completa,Arroz,$4.25,Conservas,$8.50,septiembre,9,lunes-09,Conservas - Efectivo,2024
618,30/9/2024,31,Centro,37,3,5,Transferencia,Completa,Garbanzos,$3.65,Conservas,$10.95,septiembre,9,lunes-09,Conservas - Transferencia,2024
755,30/9/2024,109,Cuyo,5,6,5,Transferencia,Completa,Manteca,$5.65,Lácteos,$33.90,septiembre,9,lunes-09,Lácteos - Transferencia,2024
904,30/9/2024,76,Centro,16,3,3,Tarjeta de Débito,Completa,Tortas,$15.23,Panadería,$45.69,septiembre,9,lunes-09,Panadería - Tarjeta de Débito,2024
1120,30/9/2024,283,Buenos Aires,13,6,5,Transferencia,Completa,Pan integral,$12.56,Panadería,$75.36,septiembre,9,lunes-09,Panadería - Transferencia,2024
1334,30/9/2024,158,Buenos Aires,33,1,5,Transferencia,Completa,Papas chips,$8.54,Galletitas y Snacks,$8.54,septiembre,9,lunes-09,Galletitas y Snacks - Transferencia,2024
1539,30/9/2024,152,NOA,8,1,4,Mercado Pago,Completa,Milanesa,$16.21,Carnicería,$16.21,septiembre,9,lunes-09,Carnicería - Mercado Pago,2024
1608,30/9/2024,78,Buenos Aires,11,1,5,Transferencia,Completa,Salchicha,$11.23,Carnicería,$11.23,septiembre,9,lunes-09,Carnicería - Transferencia,2024
2089,30/9/2024,221,Buenos Aires,14,2,5,Transferencia,Pendiente,Facturas,$12.36,Panadería,$24.72,septiembre,9,lunes-09,Panadería - Transferencia,2024
2103,30/9/2024,78,Buenos Aires,5,4,3,Tarjeta de Débito,Completa,Manteca,$5.65,Lácteos,$22.60,septiembre,9,lunes-09,Lácteos - Tarjeta de Débito,2024
2392,30/9/2024,58,Buenos Aires,6,5,4,Mercado Pago,Completa,Asado,$28.56,Carnicería,$142.80,septiembre,9,lunes-09,Carnicería - Mercado Pago,2024
2482,30/9/2024,82,Buenos Aires,4,2,5,Transferencia,Pendiente,Queso rallado,$19.23,Lácteos,$38.46,septiembre,9,lunes-09,Lácteos - Transferencia,2024
2613,30/9/2024,251,Centro,26,3,1,Efectivo,Pendiente,Hamburgesas congeladas,$9.54,Congelados,$28.62,septiembre,9,lunes-09,Congelados - Efectivo,2024
2864,30/9/2024,28,NEA,36,4,3,Tarjeta de Débito,Pendiente,Lentejas,$3.25,Conservas,$13.00,septiembre,9,lunes-09,Conservas - Tarjeta de Débito,2024
2876,30/9/2024,162,Patagonia,13,3,1,Efectivo,Completa,Pan integral,$12.56,Panadería,$37.68,septiembre,9,lunes-09,Panadería - Efectivo,2024
714,1/10/2024,237,Buenos Aires,16,2,5,Transferencia,Completa,Tortas,$15.23,Panadería,$30.46,octubre,10,martes-10,Panadería - Transferencia,2024
753,1/10/2024,99,Buenos Aires,11,3,2,Tarjeta de Crédito,Completa,Salchicha,$11.23,Carnicería,$33.69,octubre,10,martes-10,Carnicería - Tarjeta de Crédito,2024
2617,1/10/2024,63,Buenos Aires,35,2,5,Transferencia,Completa,Arroz,$4.25,Conservas,$8.50,octubre,10,martes-10,Conservas - Transferencia,2024
2638,1/10/2024,91,Buenos Aires,24,4,4,Mercado Pago,Completa,Empanadas,$13.54,Congelados,$54.16,octubre,10,martes-10,Congelados - Mercado Pago,2024
2757,1/10/2024,35,NOA,27,5,4,Mercado Pago,Completa,Agua mineral,$6.21,Bebidas,$31.05,octubre,10,martes-10,Bebidas - Mercado Pago,2024
517,2/10/2024,307,Cuyo,38,5,2,Tarjeta de Crédito,Completa,Atún enlatado,$6.21,Conservas,$31.05,octubre,10,miércoles-10,Conservas - Tarjeta de Crédito,2024
901,2/10/2024,325,NEA,37,4,4,Mercado Pago,Completa,Garbanzos,$3.65,Conservas,$14.60,octubre,10,miércoles-10,Conservas - Mercado Pago,2024
1006,2/10/2024,281,Buenos Aires,23,6,5,Transferencia,Completa,Papas fritas,$8.23,Congelados,$49.38,octubre,10,miércoles-10,Congelados - Transferencia,2024
1116,2/10/2024,266,Buenos Aires,10,4,1,Efectivo,Completa,Costilla de cerdo,$14.25,Carnicería,$57.00,octubre,10,miércoles-10,Carnicería - Efectivo,2024
1295,2/10/2024,208,Buenos Aires,17,1,4,Mercado Pago,Pendiente,Manzanas,$6.54,Frutas y Verduras,$6.54,octubre,10,miércoles-10,Frutas y Verduras - Mercado Pago,2024
2119,2/10/2024,296,Buenos Aires,8,1,4,Mercado Pago,Completa,Milanesa,$16.21,Carnicería,$16.21,octubre,10,miércoles-10,Carnicería - Mercado Pago,2024
2510,2/10/2024,294,Centro,31,4,4,Mercado Pago,Completa,Galletitas de agua,$5.24,Galletitas y Snacks,$20.96,octubre,10,miércoles-10,Galletitas y Snacks - Mercado Pago,2024
261,3/10/2024,74,Patagonia,6,5,5,Transferencia,Completa,Asado,$28.56,Carnicería,$142.80,octubre,10,jueves-10,Carnicería - Transferencia,2024
274,3/10/2024,105,Buenos Aires,23,5,4,Mercado Pago,Completa,Papas fritas,$8.23,Congelados,$41.15,octubre,10,jueves-10,Congelados - Mercado Pago,2024
289,3/10/2024,225,Buenos Aires,31,2,5,Transferencia,Completa,Galletitas de agua,$5.24,Galletitas y Snacks,$10.48,octubre,10,jueves-10,Galletitas y Snacks - Transferencia,2024
525,3/10/2024,311,Buenos Aires,34,4,4,Mercado Pago,Completa,Maníes,$5.45,Galletitas y Snacks,$21.80,octubre,10,jueves-10,Galletitas y Snacks - Mercado Pago,2024
828,3/10/2024,29,NEA,26,6,3,Tarjeta de Débito,Completa,Hamburgesas congeladas,$9.54,Congelados,$57.24,octubre,10,jueves-10,Congelados - Tarjeta de Débito,2024
1223,3/10/2024,104,Buenos Aires,15,6,3,Tarjeta de Débito,Completa,Medialunas,$3.51,Panadería,$21.06,octubre,10,jueves-10,Panadería - Tarjeta de Débito,2024
1570,3/10/2024,78,Buenos Aires,37,6,3,Tarjeta de Débito,Completa,Garbanzos,$3.65,Conservas,$21.90,octubre,10,jueves-10,Conservas - Tarjeta de Débito,2024
1619,3/10/2024,236,Buenos Aires,13,1,2,Tarjeta de Crédito,Completa,Pan integral,$12.56,Panadería,$12.56,octubre,10,jueves-10,Panadería - Tarjeta de Crédito,2024
1997,3/10/2024,246,NEA,2,1,3,Tarjeta de Débito,Completa,Yogur,$5.21,Lácteos,$5.21,octubre,10,jueves-10,Lácteos - Tarjeta de Débito,2024
2029,3/10/2024,129,Patagonia,6,6,5,Transferencia,Completa,Asado,$28.56,Carnicería,$171.36,octubre,10,jueves-10,Carnicería - Transferencia,2024
2041,3/10/2024,219,Patagonia,28,5,5,Transferencia,Completa,Jugos de frutas,$9.45,Bebidas,$47.25,octubre,10,jueves-10,Bebidas - Transferencia,2024
2246,3/10/2024,59,Centro,22,3,2,Tarjeta de Crédito,Completa,Cebolla,$4.21,Frutas y Verduras,$12.63,octubre,10,jueves-10,Frutas y Verduras - Tarjeta de Crédito,2024
2461,3/10/2024,185,Centro,20,5,5,Transferencia,Completa,Lechugas,$4.25,Frutas y Verduras,$21.25,octubre,10,jueves-10,Frutas y Verduras - Transferencia,2024
2548,3/10/2024,206,NEA,27,6,2,Tarjeta de Crédito,Completa,Agua mineral,$6.21,Bebidas,$37.26,octubre,10,jueves-10,Bebidas - Tarjeta de Crédito,2024
2558,3/10/2024,177,NEA,25,6,4,Mercado Pago,Completa,Pizza congelada,$15.45,Congelados,$92.70,octubre,10,jueves-10,Congelados - Mercado Pago,2024
2616,3/10/2024,272,Buenos Aires,9,3,1,Efectivo,Pendiente,Pollo,$18.56,Carnicería,$55.68,octubre,10,jueves-10,Carnicería - Efectivo,2024
2724,3/10/2024,302,Patagonia,3,1,1,Efectivo,Completa,Queso cremoso,$17.23,Lácteos,$17.23,octubre,10,jueves-10,Lácteos - Efectivo,2024
240,4/10/2024,312,Cuyo,29,4,3,Tarjeta de Débito,Completa,Cerveza,$11.54,Bebidas,$46.16,octubre,10,viernes-10,Bebidas - Tarjeta de Débito,2024
649,4/10/2024,128,Buenos Aires,14,4,3,Tarjeta de Débito,Completa,Facturas,$12.36,Panadería,$49.44,octubre,10,viernes-10,Panadería - Tarjeta de Débito,2024
664,4/10/2024,264,Buenos Aires,33,3,5,Transferencia,Completa,Papas chips,$8.54,Galletitas y Snacks,$25.62,octubre,10,viernes-10,Galletitas y Snacks - Transferencia,2024
1435,4/10/2024,52,Patagonia,31,5,4,Mercado Pago,Cancelada,Galletitas de agua,$5.24,Galletitas y Snacks,$26.20,octubre,10,viernes-10,Galletitas y Snacks - Mercado Pago,2024
2037,4/10/2024,296,Buenos Aires,32,3,4,Mercado Pago,Completa,Galletitas de chocolate,$6.25,Galletitas y Snacks,$18.75,octubre,10,viernes-10,Galletitas y Snacks - Mercado Pago,2024
2071,4/10/2024,122,Centro,31,1,2,Tarjeta de Crédito,Pendiente,Galletitas de agua,$5.24,Galletitas y Snacks,$5.24,octubre,10,viernes-10,Galletitas y Snacks - Tarjeta de Crédito,2024
2202,4/10/2024,276,Patagonia,6,5,5,Transferencia,Completa,Asado,$28.56,Carnicería,$142.80,octubre,10,viernes-10,Carnicería - Transferencia,2024
2521,4/10/2024,20,Cuyo,35,4,3,Tarjeta de Débito,Completa,Arroz,$4.25,Conservas,$17.00,octubre,10,viernes-10,Conservas - Tarjeta de Débito,2024
159,5/10/2024,217,Centro,26,2,1,Efectivo,Completa,Hamburgesas congeladas,$9.54,Congelados,$19.08,octubre,10,sábado-10,Congelados - Efectivo,2024
543,5/10/2024,162,Patagonia,8,1,5,Transferencia,Completa,Milanesa,$16.21,Carnicería,$16.21,octubre,10,sábado-10,Carnicería - Transferencia,2024
722,5/10/2024,136,Patagonia,31,5,4,Mercado Pago,Completa,Galletitas de agua,$5.24,Galletitas y Snacks,$26.20,octubre,10,sábado-10,Galletitas y Snacks - Mercado Pago,2024
772,5/10/2024,141,NEA,2,6,3,Tarjeta de Débito,Completa,Yogur,$5.21,Lácteos,$31.26,octubre,10,sábado-10,Lácteos - Tarjeta de Débito,2024
794,5/10/2024,302,Patagonia,28,4,3,Tarjeta de Débito,Completa,Jugos de frutas,$9.45,Bebidas,$37.80,octubre,10,sábado-10,Bebidas - Tarjeta de Débito,2024
1138,5/10/2024,123,Patagonia,22,2,2,Tarjeta de Crédito,Completa,Cebolla,$4.21,Frutas y Verduras,$8.42,octubre,10,sábado-10,Frutas y Verduras - Tarjeta de Crédito,2024
1227,5/10/2024,290,Buenos Aires,27,3,1,Efectivo,Completa,Agua mineral,$6.21,Bebidas,$18.63,octubre,10,sábado-10,Bebidas - Efectivo,2024
1635,5/10/2024,94,Centro,20,5,1,Efectivo,Completa,Lechugas,$4.25,Frutas y Verduras,$21.25,octubre,10,sábado-10,Frutas y Verduras - Efectivo,2024
2090,5/10/2024,299,Cuyo,19,5,1,Efectivo,Completa,Tomates,$6.54,Frutas y Verduras,$32.70,octubre,10,sábado-10,Frutas y Verduras - Efectivo,2024
2404,5/10/2024,97,Buenos Aires,1,4,5,Transferencia,Completa,Leche,$12.24,Lácteos,$48.96,octubre,10,sábado-10,Lácteos - Transferencia,2024
2690,5/10/2024,263,Buenos Aires,18,4,5,Transferencia,Completa,Bananas,$7.25,Frutas y Verduras,$29.00,octubre,10,sábado-10,Frutas y Verduras - Transferencia,2024
68,6/10/2024,127,Buenos Aires,20,2,5,Transferencia,Completa,Lechugas,$4.25,Frutas y Verduras,$8.50,octubre,10,domingo-10,Frutas y Verduras - Transferencia,2024
164,6/10/2024,233,Centro,18,2,4,Mercado Pago,Completa,Bananas,$7.25,Frutas y Verduras,$14.50,octubre,10,domingo-10,Frutas y Verduras - Mercado Pago,2024
894,6/10/2024,178,Patagonia,6,1,5,Transferencia,Completa,Asado,$28.56,Carnicería,$28.56,octubre,10,domingo-10,Carnicería - Transferencia,2024
964,6/10/2024,220,Centro,18,4,4,Mercado Pago,Completa,Bananas,$7.25,Frutas y Verduras,$29.00,octubre,10,domingo-10,Frutas y Verduras - Mercado Pago,2024
1015,6/10/2024,83,Buenos Aires,4,1,5,Transferencia,Completa,Queso rallado,$19.23,Lácteos,$19.23,octubre,10,domingo-10,Lácteos - Transferencia,2024
1528,6/10/2024,90,Buenos Aires,29,2,3,Tarjeta de Débito,Pendiente,Cerveza,$11.54,Bebidas,$23.08,octubre,10,domingo-10,Bebidas - Tarjeta de Débito,2024
1560,6/10/2024,240,Buenos Aires,9,5,3,Tarjeta de Débito,Pendiente,Pollo,$18.56,Carnicería,$92.80,octubre,10,domingo-10,Carnicería - Tarjeta de Débito,2024
1971,6/10/2024,176,NEA,30,1,3,Tarjeta de Débito,Completa,Vino tinto,$13.54,Bebidas,$13.54,octubre,10,domingo-10,Bebidas - Tarjeta de Débito,2024
2491,6/10/2024,91,Buenos Aires,5,3,4,Mercado Pago,Pendiente,Manteca,$5.65,Lácteos,$16.95,octubre,10,domingo-10,Lácteos - Mercado Pago,2024
2948,6/10/2024,278,Centro,32,6,4,Mercado Pago,Completa,Galletitas de chocolate,$6.25,Galletitas y Snacks,$37.50,octubre,10,domingo-10,Galletitas y Snacks - Mercado Pago,2024
137,7/10/2024,264,Buenos Aires,15,1,5,Transferencia,Pendiente,Medialunas,$3.51,Panadería,$3.51,octubre,10,lunes-10,Panadería - Transferencia,2024
1330,7/10/2024,285,Patagonia,7,6,4,Mercado Pago,Pendiente,Chorizo,$11.25,Carnicería,$67.50,octubre,10,lunes-10,Carnicería - Mercado Pago,2024
1360,7/10/2024,177,NEA,37,4,3,Tarjeta de Débito,Completa,Garbanzos,$3.65,Conservas,$14.60,octubre,10,lunes-10,Conservas - Tarjeta de Débito,2024
1571,7/10/2024,14,Buenos Aires,18,6,4,Mercado Pago,Completa,Bananas,$7.25,Frutas y Verduras,$43.50,octubre,10,lunes-10,Frutas y Verduras - Mercado Pago,2024
1603,7/10/2024,50,Buenos Aires,22,3,4,Mercado Pago,Completa,Cebolla,$4.21,Frutas y Verduras,$12.63,octubre,10,lunes-10,Frutas y Verduras - Mercado Pago,2024
2122,7/10/2024,120,Buenos Aires,2,5,5,Transferencia,Completa,Yogur,$5.21,Lácteos,$26.05,octubre,10,lunes-10,Lácteos - Transferencia,2024
2275,7/10/2024,227,Buenos Aires,36,1,1,Efectivo,Completa,Lentejas,$3.25,Conservas,$3.25,octubre,10,lunes-10,Conservas - Efectivo,2024
2569,7/10/2024,177,NEA,32,4,4,Mercado Pago,Completa,Galletitas de chocolate,$6.25,Galletitas y Snacks,$25.00,octubre,10,lunes-10,Galletitas y Snacks - Mercado Pago,2024
2853,7/10/2024,259,Cuyo,25,4,2,Tarjeta de Crédito,Completa,Pizza congelada,$15.45,Congelados,$61.80,octubre,10,lunes-10,Congelados - Tarjeta de Crédito,2024
553,8/10/2024,255,Buenos Aires,21,5,4,Mercado Pago,Completa,Zanahorias,$3.25,Frutas y Verduras,$16.25,octubre,10,martes-10,Frutas y Verduras - Mercado Pago,2024
2910,8/10/2024,77,Buenos Aires,34,4,1,Efectivo,Completa,Maníes,$5.45,Galletitas y Snacks,$21.80,octubre,10,martes-10,Galletitas y Snacks - Efectivo,2024
712,9/10/2024,247,Buenos Aires,15,4,1,Efectivo,Completa,Medialunas,$3.51,Panadería,$14.04,octubre,10,miércoles-10,Panadería - Efectivo,2024
769,9/10/2024,289,Cuyo,17,5,3,Tarjeta de Débito,Completa,Manzanas,$6.54,Frutas y Verduras,$32.70,octubre,10,miércoles-10,Frutas y Verduras - Tarjeta de Débito,2024
1012,9/10/2024,127,Buenos Aires,1,2,4,Mercado Pago,Completa,Leche,$12.24,Lácteos,$24.48,octubre,10,miércoles-10,Lácteos - Mercado Pago,2024
1280,9/10/2024,239,Buenos Aires,10,1,5,Transferencia,Completa,Costilla de cerdo,$14.25,Carnicería,$14.25,octubre,10,miércoles-10,Carnicería - Transferencia,2024
1512,9/10/2024,91,Buenos Aires,11,2,5,Transferencia,Completa,Salchicha,$11.23,Carnicería,$22.46,octubre,10,miércoles-10,Carnicería - Transferencia,2024
1684,9/10/2024,174,Patagonia,8,3,5,Transferencia,Completa,Milanesa,$16.21,Carnicería,$48.63,octubre,10,miércoles-10,Carnicería - Transferencia,2024
2662,9/10/2024,15,Buenos Aires,14,6,4,Mercado Pago,Completa,Facturas,$12.36,Panadería,$74.16,octubre,10,miércoles-10,Panadería - Mercado Pago,2024
2919,9/10/2024,238,Buenos Aires,32,4,5,Transferencia,Completa,Galletitas de chocolate,$6.25,Galletitas y Snacks,$25.00,octubre,10,miércoles-10,Galletitas y Snacks - Transferencia,2024
363,10/10/2024,219,Patagonia,23,2,2,Tarjeta de Crédito,Completa,Papas fritas,$8.23,Congelados,$16.46,octubre,10,jueves-10,Congelados - Tarjeta de Crédito,2024
430,10/10/2024,26,Centro,25,2,5,Transferencia,Completa,Pizza congelada,$15.45,Congelados,$30.90,octubre,10,jueves-10,Congelados - Transferencia,2024
541,10/10/2024,106,NEA,21,4,1,Efectivo,Completa,Zanahorias,$3.25,Frutas y Verduras,$13.00,octubre,10,jueves-10,Frutas y Verduras - Efectivo,2024
602,10/10/2024,53,Centro,35,1,4,Mercado Pago,Completa,Arroz,$4.25,Conservas,$4.25,octubre,10,jueves-10,Conservas - Mercado Pago,2024
740,10/10/2024,62,NEA,17,3,3,Tarjeta de Débito,Completa,Manzanas,$6.54,Frutas y Verduras,$19.62,octubre,10,jueves-10,Frutas y Verduras - Tarjeta de Débito,2024
1246,10/10/2024,54,Buenos Aires,38,6,2,Tarjeta de Crédito,Completa,Atún enlatado,$6.21,Conservas,$37.26,octubre,10,jueves-10,Conservas - Tarjeta de Crédito,2024
1414,10/10/2024,248,Centro,24,4,5,Transferencia,Pendiente,Empanadas,$13.54,Congelados,$54.16,octubre,10,jueves-10,Congelados - Transferencia,2024
2523,10/10/2024,63,Buenos Aires,17,6,5,Transferencia,Completa,Manzanas,$6.54,Frutas y Verduras,$39.24,octubre,10,jueves-10,Frutas y Verduras - Transferencia,2024
2684,10/10/2024,282,Centro,35,5,2,Tarjeta de Crédito,Completa,Arroz,$4.25,Conservas,$21.25,octubre,10,jueves-10,Conservas - Tarjeta de Crédito,2024
2776,10/10/2024,10,Buenos Aires,33,3,3,Tarjeta de Débito,Pendiente,Papas chips,$8.54,Galletitas y Snacks,$25.62,octubre,10,jueves-10,Galletitas y Snacks - Tarjeta de Débito,2024
36,11/10/2024,77,Buenos Aires,27,2,1,Efectivo,Completa,Agua mineral,$6.21,Bebidas,$12.42,octubre,10,viernes-10,Bebidas - Efectivo,2024
84,11/10/2024,110,NEA,13,1,4,Mercado Pago,Completa,Pan integral,$12.56,Panadería,$12.56,octubre,10,viernes-10,Panadería - Mercado Pago,2024
285,11/10/2024,239,Buenos Aires,15,2,1,Efectivo,Completa,Medialunas,$3.51,Panadería,$7.02,octubre,10,viernes-10,Panadería - Efectivo,2024
993,11/10/2024,313,Cuyo,10,5,4,Mercado Pago,Completa,Costilla de cerdo,$14.25,Carnicería,$71.25,octubre,10,viernes-10,Carnicería - Mercado Pago,2024
1152,11/10/2024,111,Cuyo,6,3,4,Mercado Pago,Completa,Asado,$28.56,Carnicería,$85.68,octubre,10,viernes-10,Carnicería - Mercado Pago,2024
1701,11/10/2024,200,Centro,3,2,5,Transferencia,Pendiente,Queso cremoso,$17.23,Lácteos,$34.46,octubre,10,viernes-10,Lácteos - Transferencia,2024
1726,11/10/2024,241,Buenos Aires,28,3,4,Mercado Pago,Completa,Jugos de frutas,$9.45,Bebidas,$28.35,octubre,10,viernes-10,Bebidas - Mercado Pago,2024
2104,11/10/2024,320,Centro,15,5,4,Mercado Pago,Pendiente,Medialunas,$3.51,Panadería,$17.55,octubre,10,viernes-10,Panadería - Mercado Pago,2024
2710,11/10/2024,5,Centro,8,2,5,Transferencia,Completa,Milanesa,$16.21,Carnicería,$32.42,octubre,10,viernes-10,Carnicería - Transferencia,2024
2953,11/10/2024,1,Patagonia,22,5,4,Mercado Pago,Completa,Cebolla,$4.21,Frutas y Verduras,$21.05,octubre,10,viernes-10,Frutas y Verduras - Mercado Pago,2024
310,12/10/2024,152,NOA,25,3,5,Transferencia,Completa,Pizza congelada,$15.45,Congelados,$46.35,octubre,10,sábado-10,Congelados - Transferencia,2024
359,12/10/2024,56,Centro,18,1,5,Transferencia,Completa,Bananas,$7.25,Frutas y Verduras,$7.25,octubre,10,sábado-10,Frutas y Verduras - Transferencia,2024
394,12/10/2024,293,Patagonia,24,6,5,Transferencia,Completa,Empanadas,$13.54,Congelados,$81.24,octubre,10,sábado-10,Congelados - Transferencia,2024
1748,12/10/2024,218,Centro,32,4,3,Tarjeta de Débito,Completa,Galletitas de chocolate,$6.25,Galletitas y Snacks,$25.00,octubre,10,sábado-10,Galletitas y Snacks - Tarjeta de Débito,2024
2099,12/10/2024,147,Cuyo,34,1,5,Transferencia,Completa,Maníes,$5.45,Galletitas y Snacks,$5.45,octubre,10,sábado-10,Galletitas y Snacks - Transferencia,2024
2360,12/10/2024,250,Centro,21,1,4,Mercado Pago,Completa,Zanahorias,$3.25,Frutas y Verduras,$3.25,octubre,10,sábado-10,Frutas y Verduras - Mercado Pago,2024
2387,12/10/2024,22,Centro,32,2,4,Mercado Pago,Completa,Galletitas de chocolate,$6.25,Galletitas y Snacks,$12.50,octubre,10,sábado-10,Galletitas y Snacks - Mercado Pago,2024
2922,12/10/2024,230,Centro,22,4,1,Efectivo,Completa,Cebolla,$4.21,Frutas y Verduras,$16.84,octubre,10,sábado-10,Frutas y Verduras - Efectivo,2024
301,13/10/2024,326,Cuyo,21,4,4,Mercado Pago,Completa,Zanahorias,$3.25,Frutas y Verduras,$13.00,octubre,10,domingo-10,Frutas y Verduras - Mercado Pago,2024
859,13/10/2024,78,Buenos Aires,8,4,3,Tarjeta de Débito,Completa,Milanesa,$16.21,Carnicería,$64.84,octubre,10,domingo-10,Carnicería - Tarjeta de Débito,2024
1836,13/10/2024,141,NEA,18,5,1,Efectivo,Completa,Bananas,$7.25,Frutas y Verduras,$36.25,octubre,10,domingo-10,Frutas y Verduras - Efectivo,2024
2113,13/10/2024,119,Patagonia,37,6,5,Transferencia,Completa,Garbanzos,$3.65,Conservas,$21.90,octubre,10,domingo-10,Conservas - Transferencia,2024
2370,13/10/2024,19,Centro,28,5,2,Tarjeta de Crédito,Completa,Jugos de frutas,$9.45,Bebidas,$47.25,octubre,10,domingo-10,Bebidas - Tarjeta de Crédito,2024
2952,13/10/2024,23,Patagonia,32,6,1,Efectivo,Completa,Galletitas de chocolate,$6.25,Galletitas y Snacks,$37.50,octubre,10,domingo-10,Galletitas y Snacks - Efectivo,2024
564,14/10/2024,11,Buenos Aires,35,5,1,Efectivo,Completa,Arroz,$4.25,Conservas,$21.25,octubre,10,lunes-10,Conservas - Efectivo,2024
856,14/10/2024,27,Buenos Aires,19,2,5,Transferencia,Completa,Tomates,$6.54,Frutas y Verduras,$13.08,octubre,10,lunes-10,Frutas y Verduras - Transferencia,2024
872,14/10/2024,29,NEA,16,6,1,Efectivo,Completa,Tortas,$15.23,Panadería,$91.38,octubre,10,lunes-10,Panadería - Efectivo,2024
921,14/10/2024,46,Centro,21,2,5,Transferencia,Completa,Zanahorias,$3.25,Frutas y Verduras,$6.50,octubre,10,lunes-10,Frutas y Verduras - Transferencia,2024
1021,14/10/2024,24,Cuyo,20,6,2,Tarjeta de Crédito,Completa,Lechugas,$4.25,Frutas y Verduras,$25.50,octubre,10,lunes-10,Frutas y Verduras - Tarjeta de Crédito,2024
1376,14/10/2024,61,Buenos Aires,16,1,2,Tarjeta de Crédito,Completa,Tortas,$15.23,Panadería,$15.23,octubre,10,lunes-10,Panadería - Tarjeta de Crédito,2024
1585,14/10/2024,297,Buenos Aires,9,2,4,Mercado Pago,Completa,Pollo,$18.56,Carnicería,$37.12,octubre,10,lunes-10,Carnicería - Mercado Pago,2024
1768,14/10/2024,260,Buenos Aires,21,5,4,Mercado Pago,Completa,Zanahorias,$3.25,Frutas y Verduras,$16.25,octubre,10,lunes-10,Frutas y Verduras - Mercado Pago,2024
2374,14/10/2024,8,Buenos Aires,2,5,5,Transferencia,Completa,Yogur,$5.21,Lácteos,$26.05,octubre,10,lunes-10,Lácteos - Transferencia,2024
2829,14/10/2024,188,Cuyo,2,1,5,Transferencia,Pendiente,Yogur,$5.21,Lácteos,$5.21,octubre,10,lunes-10,Lácteos - Transferencia,2024
569,15/10/2024,184,Buenos Aires,25,4,1,Efectivo,Completa,Pizza congelada,$15.45,Congelados,$61.80,octubre,10,martes-10,Congelados - Efectivo,2024
653,15/10/2024,29,NEA,3,1,3,Tarjeta de Débito,Completa,Queso cremoso,$17.23,Lácteos,$17.23,octubre,10,martes-10,Lácteos - Tarjeta de Débito,2024
918,15/10/2024,61,Buenos Aires,11,2,1,Efectivo,Completa,Salchicha,$11.23,Carnicería,$22.46,octubre,10,martes-10,Carnicería - Efectivo,2024
945,15/10/2024,241,Buenos Aires,30,5,3,Tarjeta de Débito,Completa,Vino tinto,$13.54,Bebidas,$67.70,octubre,10,martes-10,Bebidas - Tarjeta de Débito,2024
1024,15/10/2024,168,Centro,37,1,3,Tarjeta de Débito,Completa,Garbanzos,$3.65,Conservas,$3.65,octubre,10,martes-10,Conservas - Tarjeta de Débito,2024
1374,15/10/2024,21,Buenos Aires,38,4,3,Tarjeta de Débito,Completa,Atún enlatado,$6.21,Conservas,$24.84,octubre,10,martes-10,Conservas - Tarjeta de Débito,2024
1469,15/10/2024,104,Buenos Aires,25,2,3,Tarjeta de Débito,Completa,Pizza congelada,$15.45,Congelados,$30.90,octubre,10,martes-10,Congelados - Tarjeta de Débito,2024
1538,15/10/2024,104,Buenos Aires,29,6,5,Transferencia,Completa,Cerveza,$11.54,Bebidas,$69.24,octubre,10,martes-10,Bebidas - Transferencia,2024
2352,15/10/2024,193,Buenos Aires,31,6,1,Efectivo,Pendiente,Galletitas de agua,$5.24,Galletitas y Snacks,$31.44,octubre,10,martes-10,Galletitas y Snacks - Efectivo,2024
2818,15/10/2024,310,Patagonia,30,2,4,Mercado Pago,Completa,Vino tinto,$13.54,Bebidas,$27.08,octubre,10,martes-10,Bebidas - Mercado Pago,2024
2847,15/10/2024,180,Buenos Aires,15,2,5,Transferencia,Completa,Medialunas,$3.51,Panadería,$7.02,octubre,10,martes-10,Panadería - Transferencia,2024
307,16/10/2024,50,Buenos Aires,27,1,2,Tarjeta de Crédito,Completa,Agua mineral,$6.21,Bebidas,$6.21,octubre,10,miércoles-10,Bebidas - Tarjeta de Crédito,2024
605,16/10/2024,299,Cuyo,5,4,1,Efectivo,Completa,Manteca,$5.65,Lácteos,$22.60,octubre,10,miércoles-10,Lácteos - Efectivo,2024
645,16/10/2024,188,Cuyo,3,1,5,Transferencia,Completa,Queso cremoso,$17.23,Lácteos,$17.23,octubre,10,miércoles-10,Lácteos - Transferencia,2024
912,16/10/2024,306,Cuyo,19,6,2,Tarjeta de Crédito,Completa,Tomates,$6.54,Frutas y Verduras,$39.24,octubre,10,miércoles-10,Frutas y Verduras - Tarjeta de Crédito,2024
1018,16/10/2024,291,NEA,14,3,4,Mercado Pago,Completa,Facturas,$12.36,Panadería,$37.08,octubre,10,miércoles-10,Panadería - Mercado Pago,2024
1020,16/10/2024,61,Buenos Aires,32,6,5,Transferencia,Completa,Galletitas de chocolate,$6.25,Galletitas y Snacks,$37.50,octubre,10,miércoles-10,Galletitas y Snacks - Transferencia,2024
1222,16/10/2024,82,Buenos Aires,27,3,4,Mercado Pago,Pendiente,Agua mineral,$6.21,Bebidas,$18.63,octubre,10,miércoles-10,Bebidas - Mercado Pago,2024
1277,16/10/2024,163,Buenos Aires,2,2,4,Mercado Pago,Completa,Yogur,$5.21,Lácteos,$10.42,octubre,10,miércoles-10,Lácteos - Mercado Pago,2024
1322,16/10/2024,60,NEA,21,2,4,Mercado Pago,Pendiente,Zanahorias,$3.25,Frutas y Verduras,$6.50,octubre,10,miércoles-10,Frutas y Verduras - Mercado Pago,2024
1392,16/10/2024,49,Buenos Aires,28,4,3,Tarjeta de Débito,Completa,Jugos de frutas,$9.45,Bebidas,$37.80,octubre,10,miércoles-10,Bebidas - Tarjeta de Débito,2024
1446,16/10/2024,9,Centro,20,3,4,Mercado Pago,Pendiente,Lechugas,$4.25,Frutas y Verduras,$12.75,octubre,10,miércoles-10,Frutas y Verduras - Mercado Pago,2024
2816,16/10/2024,287,NEA,34,6,3,Tarjeta de Débito,Completa,Maníes,$5.45,Galletitas y Snacks,$32.70,octubre,10,miércoles-10,Galletitas y Snacks - Tarjeta de Débito,2024
38,17/10/2024,271,Patagonia,20,6,3,Tarjeta de Débito,Completa,Lechugas,$4.25,Frutas y Verduras,$25.50,octubre,10,jueves-10,Frutas y Verduras - Tarjeta de Débito,2024
326,17/10/2024,132,Buenos Aires,32,3,2,Tarjeta de Crédito,Pendiente,Galletitas de chocolate,$6.25,Galletitas y Snacks,$18.75,octubre,10,jueves-10,Galletitas y Snacks - Tarjeta de Crédito,2024
415,17/10/2024,148,Centro,21,1,4,Mercado Pago,Completa,Zanahorias,$3.25,Frutas y Verduras,$3.25,octubre,10,jueves-10,Frutas y Verduras - Mercado Pago,2024
435,17/10/2024,70,Centro,31,3,5,Transferencia,Completa,Galletitas de agua,$5.24,Galletitas y Snacks,$15.72,octubre,10,jueves-10,Galletitas y Snacks - Transferencia,2024
1209,17/10/2024,19,Centro,28,3,4,Mercado Pago,Completa,Jugos de frutas,$9.45,Bebidas,$28.35,octubre,10,jueves-10,Bebidas - Mercado Pago,2024
1453,17/10/2024,275,Buenos Aires,25,4,5,Transferencia,Completa,Pizza congelada,$15.45,Congelados,$61.80,octubre,10,jueves-10,Congelados - Transferencia,2024
1596,17/10/2024,85,Cuyo,26,2,5,Transferencia,Completa,Hamburgesas congeladas,$9.54,Congelados,$19.08,octubre,10,jueves-10,Congelados - Transferencia,2024
1969,17/10/2024,233,Centro,29,1,1,Efectivo,Completa,Cerveza,$11.54,Bebidas,$11.54,octubre,10,jueves-10,Bebidas - Efectivo,2024
2120,17/10/2024,316,Centro,13,5,3,Tarjeta de Débito,Completa,Pan integral,$12.56,Panadería,$62.80,octubre,10,jueves-10,Panadería - Tarjeta de Débito,2024
2171,17/10/2024,106,NEA,30,2,3,Tarjeta de Débito,Completa,Vino tinto,$13.54,Bebidas,$27.08,octubre,10,jueves-10,Bebidas - Tarjeta de Débito,2024
2231,17/10/2024,6,Buenos Aires,19,3,3,Tarjeta de Débito,Completa,Tomates,$6.54,Frutas y Verduras,$19.62,octubre,10,jueves-10,Frutas y Verduras - Tarjeta de Débito,2024
2679,17/10/2024,63,Buenos Aires,3,1,1,Efectivo,Completa,Queso cremoso,$17.23,Lácteos,$17.23,octubre,10,jueves-10,Lácteos - Efectivo,2024
630,18/10/2024,290,Buenos Aires,18,5,2,Tarjeta de Crédito,Completa,Bananas,$7.25,Frutas y Verduras,$36.25,octubre,10,viernes-10,Frutas y Verduras - Tarjeta de Crédito,2024
678,18/10/2024,47,Buenos Aires,27,1,4,Mercado Pago,Completa,Agua mineral,$6.21,Bebidas,$6.21,octubre,10,viernes-10,Bebidas - Mercado Pago,2024
955,18/10/2024,196,Cuyo,6,3,4,Mercado Pago,Completa,Asado,$28.56,Carnicería,$85.68,octubre,10,viernes-10,Carnicería - Mercado Pago,2024
966,18/10/2024,120,Buenos Aires,22,1,4,Mercado Pago,Pendiente,Cebolla,$4.21,Frutas y Verduras,$4.21,octubre,10,viernes-10,Frutas y Verduras - Mercado Pago,2024
2131,18/10/2024,315,Buenos Aires,5,5,5,Transferencia,Completa,Manteca,$5.65,Lácteos,$28.25,octubre,10,viernes-10,Lácteos - Transferencia,2024
2386,18/10/2024,102,Patagonia,15,5,5,Transferencia,Completa,Medialunas,$3.51,Panadería,$17.55,octubre,10,viernes-10,Panadería - Transferencia,2024
2739,18/10/2024,6,Buenos Aires,1,4,5,Transferencia,Completa,Leche,$12.24,Lácteos,$48.96,octubre,10,viernes-10,Lácteos - Transferencia,2024
439,19/10/2024,207,Buenos Aires,36,2,2,Tarjeta de Crédito,Completa,Lentejas,$3.25,Conservas,$6.50,octubre,10,sábado-10,Conservas - Tarjeta de Crédito,2024
530,19/10/2024,31,Centro,31,6,3,Tarjeta de Débito,Completa,Galletitas de agua,$5.24,Galletitas y Snacks,$31.44,octubre,10,sábado-10,Galletitas y Snacks - Tarjeta de Débito,2024
978,19/10/2024,116,Buenos Aires,19,3,5,Transferencia,Completa,Tomates,$6.54,Frutas y Verduras,$19.62,octubre,10,sábado-10,Frutas y Verduras - Transferencia,2024
1062,19/10/2024,141,NEA,34,3,5,Transferencia,Pendiente,Maníes,$5.45,Galletitas y Snacks,$16.35,octubre,10,sábado-10,Galletitas y Snacks - Transferencia,2024
1579,19/10/2024,20,Cuyo,22,1,3,Tarjeta de Débito,Completa,Cebolla,$4.21,Frutas y Verduras,$4.21,octubre,10,sábado-10,Frutas y Verduras - Tarjeta de Débito,2024
1719,19/10/2024,1,Patagonia,11,3,5,Transferencia,Completa,Salchicha,$11.23,Carnicería,$33.69,octubre,10,sábado-10,Carnicería - Transferencia,2024
2115,19/10/2024,250,Centro,29,4,5,Transferencia,Pendiente,Cerveza,$11.54,Bebidas,$46.16,octubre,10,sábado-10,Bebidas - Transferencia,2024
2312,19/10/2024,22,Centro,20,5,5,Transferencia,Completa,Lechugas,$4.25,Frutas y Verduras,$21.25,octubre,10,sábado-10,Frutas y Verduras - Transferencia,2024
2371,19/10/2024,264,Buenos Aires,6,3,3,Tarjeta de Débito,Completa,Asado,$28.56,Carnicería,$85.68,octubre,10,sábado-10,Carnicería - Tarjeta de Débito,2024
2422,19/10/2024,219,Patagonia,4,1,1,Efectivo,Completa,Queso rallado,$19.23,Lácteos,$19.23,octubre,10,sábado-10,Lácteos - Efectivo,2024
2542,19/10/2024,189,Patagonia,25,4,4,Mercado Pago,Pendiente,Pizza congelada,$15.45,Congelados,$61.80,octubre,10,sábado-10,Congelados - Mercado Pago,2024
675,20/10/2024,168,Centro,26,4,5,Transferencia,Completa,Hamburgesas congeladas,$9.54,Congelados,$38.16,octubre,10,domingo-10,Congelados - Transferencia,2024
752,20/10/2024,48,Patagonia,24,3,4,Mercado Pago,Completa,Empanadas,$13.54,Congelados,$40.62,octubre,10,domingo-10,Congelados - Mercado Pago,2024
823,20/10/2024,225,Buenos Aires,14,6,4,Mercado Pago,Completa,Facturas,$12.36,Panadería,$74.16,octubre,10,domingo-10,Panadería - Mercado Pago,2024
841,20/10/2024,280,Centro,11,2,5,Transferencia,Pendiente,Salchicha,$11.23,Carnicería,$22.46,octubre,10,domingo-10,Carnicería - Transferencia,2024
910,20/10/2024,208,Buenos Aires,24,5,5,Transferencia,Completa,Empanadas,$13.54,Congelados,$67.70,octubre,10,domingo-10,Congelados - Transferencia,2024
1356,20/10/2024,228,Centro,4,6,2,Tarjeta de Crédito,Completa,Queso rallado,$19.23,Lácteos,$115.38,octubre,10,domingo-10,Lácteos - Tarjeta de Crédito,2024
1391,20/10/2024,6,Buenos Aires,22,2,1,Efectivo,Completa,Cebolla,$4.21,Frutas y Verduras,$8.42,octubre,10,domingo-10,Frutas y Verduras - Efectivo,2024
1716,20/10/2024,15,Buenos Aires,34,5,1,Efectivo,Completa,Maníes,$5.45,Galletitas y Snacks,$27.25,octubre,10,domingo-10,Galletitas y Snacks - Efectivo,2024
1718,20/10/2024,224,Cuyo,3,3,1,Efectivo,Completa,Queso cremoso,$17.23,Lácteos,$51.69,octubre,10,domingo-10,Lácteos - Efectivo,2024
1911,20/10/2024,64,NEA,10,5,4,Mercado Pago,Pendiente,Costilla de cerdo,$14.25,Carnicería,$71.25,octubre,10,domingo-10,Carnicería - Mercado Pago,2024
2337,20/10/2024,242,NEA,7,4,3,Tarjeta de Débito,Pendiente,Chorizo,$11.25,Carnicería,$45.00,octubre,10,domingo-10,Carnicería - Tarjeta de Débito,2024
2588,20/10/2024,116,Buenos Aires,27,4,3,Tarjeta de Débito,Completa,Agua mineral,$6.21,Bebidas,$24.84,octubre,10,domingo-10,Bebidas - Tarjeta de Débito,2024
2594,20/10/2024,75,NEA,3,1,1,Efectivo,Completa,Queso cremoso,$17.23,Lácteos,$17.23,octubre,10,domingo-10,Lácteos - Efectivo,2024
2781,20/10/2024,224,Cuyo,25,5,5,Transferencia,Completa,Pizza congelada,$15.45,Congelados,$77.25,octubre,10,domingo-10,Congelados - Transferencia,2024
132,21/10/2024,95,Buenos Aires,27,1,4,Mercado Pago,Pendiente,Agua mineral,$6.21,Bebidas,$6.21,octubre,10,lunes-10,Bebidas - Mercado Pago,2024
1275,21/10/2024,18,Centro,15,5,4,Mercado Pago,Completa,Medialunas,$3.51,Panadería,$17.55,octubre,10,lunes-10,Panadería - Mercado Pago,2024
1454,21/10/2024,272,Buenos Aires,10,6,1,Efectivo,Completa,Costilla de cerdo,$14.25,Carnicería,$85.50,octubre,10,lunes-10,Carnicería - Efectivo,2024
1559,21/10/2024,226,Patagonia,1,1,3,Tarjeta de Débito,Completa,Leche,$12.24,Lácteos,$12.24,octubre,10,lunes-10,Lácteos - Tarjeta de Débito,2024
1683,21/10/2024,181,Patagonia,12,4,3,Tarjeta de Débito,Completa,Pan francés,$8.12,Panadería,$32.48,octubre,10,lunes-10,Panadería - Tarjeta de Débito,2024
760,22/10/2024,4,Buenos Aires,28,5,4,Mercado Pago,Completa,Jugos de frutas,$9.45,Bebidas,$47.25,octubre,10,martes-10,Bebidas - Mercado Pago,2024
767,22/10/2024,9,Centro,32,2,4,Mercado Pago,Pendiente,Galletitas de chocolate,$6.25,Galletitas y Snacks,$12.50,octubre,10,martes-10,Galletitas y Snacks - Mercado Pago,2024
886,22/10/2024,74,Patagonia,2,4,3,Tarjeta de Débito,Pendiente,Yogur,$5.21,Lácteos,$20.84,octubre,10,martes-10,Lácteos - Tarjeta de Débito,2024
1740,22/10/2024,210,Centro,7,6,1,Efectivo,Completa,Chorizo,$11.25,Carnicería,$67.50,octubre,10,martes-10,Carnicería - Efectivo,2024
2279,22/10/2024,219,Patagonia,28,3,3,Tarjeta de Débito,Completa,Jugos de frutas,$9.45,Bebidas,$28.35,octubre,10,martes-10,Bebidas - Tarjeta de Débito,2024
2317,22/10/2024,174,Patagonia,13,6,1,Efectivo,Completa,Pan integral,$12.56,Panadería,$75.36,octubre,10,martes-10,Panadería - Efectivo,2024
2546,22/10/2024,274,Buenos Aires,23,4,1,Efectivo,Completa,Papas fritas,$8.23,Congelados,$32.92,octubre,10,martes-10,Congelados - Efectivo,2024
173,23/10/2024,168,Centro,36,1,5,Transferencia,Completa,Lentejas,$3.25,Conservas,$3.25,octubre,10,miércoles-10,Conservas - Transferencia,2024
840,23/10/2024,116,Buenos Aires,27,1,5,Transferencia,Completa,Agua mineral,$6.21,Bebidas,$6.21,octubre,10,miércoles-10,Bebidas - Transferencia,2024
1191,23/10/2024,285,Patagonia,10,5,1,Efectivo,Completa,Costilla de cerdo,$14.25,Carnicería,$71.25,octubre,10,miércoles-10,Carnicería - Efectivo,2024
1336,23/10/2024,122,Centro,34,6,3,Tarjeta de Débito,Completa,Maníes,$5.45,Galletitas y Snacks,$32.70,octubre,10,miércoles-10,Galletitas y Snacks - Tarjeta de Débito,2024
1742,23/10/2024,175,Buenos Aires,7,2,3,Tarjeta de Débito,Completa,Chorizo,$11.25,Carnicería,$22.50,octubre,10,miércoles-10,Carnicería - Tarjeta de Débito,2024
1936,23/10/2024,89,Patagonia,29,5,1,Efectivo,Pendiente,Cerveza,$11.54,Bebidas,$57.70,octubre,10,miércoles-10,Bebidas - Efectivo,2024
2589,23/10/2024,274,Buenos Aires,22,5,4,Mercado Pago,Completa,Cebolla,$4.21,Frutas y Verduras,$21.05,octubre,10,miércoles-10,Frutas y Verduras - Mercado Pago,2024
2670,23/10/2024,311,Buenos Aires,24,6,3,Tarjeta de Débito,Completa,Empanadas,$13.54,Congelados,$81.24,octubre,10,miércoles-10,Congelados - Tarjeta de Débito,2024
629,24/10/2024,157,Patagonia,14,1,1,Efectivo,Pendiente,Facturas,$12.36,Panadería,$12.36,octubre,10,jueves-10,Panadería - Efectivo,2024
1491,24/10/2024,132,Buenos Aires,35,2,2,Tarjeta de Crédito,Completa,Arroz,$4.25,Conservas,$8.50,octubre,10,jueves-10,Conservas - Tarjeta de Crédito,2024
2072,24/10/2024,11,Buenos Aires,29,4,4,Mercado Pago,Completa,Cerveza,$11.54,Bebidas,$46.16,octubre,10,jueves-10,Bebidas - Mercado Pago,2024
2177,24/10/2024,37,Cuyo,18,6,4,Mercado Pago,Completa,Bananas,$7.25,Frutas y Verduras,$43.50,octubre,10,jueves-10,Frutas y Verduras - Mercado Pago,2024
2504,24/10/2024,161,Patagonia,22,3,1,Efectivo,Completa,Cebolla,$4.21,Frutas y Verduras,$12.63,octubre,10,jueves-10,Frutas y Verduras - Efectivo,2024
235,25/10/2024,177,NEA,3,2,4,Mercado Pago,Pendiente,Queso cremoso,$17.23,Lácteos,$34.46,octubre,10,viernes-10,Lácteos - Mercado Pago,2024
242,25/10/2024,152,NOA,1,3,1,Efectivo,Completa,Leche,$12.24,Lácteos,$36.72,octubre,10,viernes-10,Lácteos - Efectivo,2024
613,25/10/2024,325,NEA,27,3,4,Mercado Pago,Completa,Agua mineral,$6.21,Bebidas,$18.63,octubre,10,viernes-10,Bebidas - Mercado Pago,2024
1087,25/10/2024,170,Centro,25,2,2,Tarjeta de Crédito,Completa,Pizza congelada,$15.45,Congelados,$30.90,octubre,10,viernes-10,Congelados - Tarjeta de Crédito,2024
1485,25/10/2024,162,Patagonia,38,1,5,Transferencia,Completa,Atún enlatado,$6.21,Conservas,$6.21,octubre,10,viernes-10,Conservas - Transferencia,2024
2587,25/10/2024,221,Buenos Aires,37,1,5,Transferencia,Completa,Garbanzos,$3.65,Conservas,$3.65,octubre,10,viernes-10,Conservas - Transferencia,2024
228,26/10/2024,209,Buenos Aires,11,4,5,Transferencia,Completa,Salchicha,$11.23,Carnicería,$44.92,octubre,10,sábado-10,Carnicería - Transferencia,2024
423,26/10/2024,34,Cuyo,27,6,5,Transferencia,Completa,Agua mineral,$6.21,Bebidas,$37.26,octubre,10,sábado-10,Bebidas - Transferencia,2024
1303,26/10/2024,203,Buenos Aires,33,1,5,Transferencia,Completa,Papas chips,$8.54,Galletitas y Snacks,$8.54,octubre,10,sábado-10,Galletitas y Snacks - Transferencia,2024
1327,26/10/2024,205,Patagonia,23,3,2,Tarjeta de Crédito,Pendiente,Papas fritas,$8.23,Congelados,$24.69,octubre,10,sábado-10,Congelados - Tarjeta de Crédito,2024
1728,26/10/2024,46,Centro,19,5,4,Mercado Pago,Completa,Tomates,$6.54,Frutas y Verduras,$32.70,octubre,10,sábado-10,Frutas y Verduras - Mercado Pago,2024
2514,26/10/2024,255,Buenos Aires,21,5,1,Efectivo,Completa,Zanahorias,$3.25,Frutas y Verduras,$16.25,octubre,10,sábado-10,Frutas y Verduras - Efectivo,2024
2723,26/10/2024,321,Cuyo,1,2,5,Transferencia,Completa,Leche,$12.24,Lácteos,$24.48,octubre,10,sábado-10,Lácteos - Transferencia,2024
33,27/10/2024,65,Buenos Aires,23,2,5,Transferencia,Completa,Papas fritas,$8.23,Congelados,$16.46,octubre,10,domingo-10,Congelados - Transferencia,2024
314,27/10/2024,122,Centro,8,3,4,Mercado Pago,Completa,Milanesa,$16.21,Carnicería,$48.63,octubre,10,domingo-10,Carnicería - Mercado Pago,2024
458,27/10/2024,102,Patagonia,10,4,5,Transferencia,Completa,Costilla de cerdo,$14.25,Carnicería,$57.00,octubre,10,domingo-10,Carnicería - Transferencia,2024
1283,27/10/2024,318,Buenos Aires,32,1,4,Mercado Pago,Completa,Galletitas de chocolate,$6.25,Galletitas y Snacks,$6.25,octubre,10,domingo-10,Galletitas y Snacks - Mercado Pago,2024
1293,27/10/2024,247,Buenos Aires,4,2,4,Mercado Pago,Completa,Queso rallado,$19.23,Lácteos,$38.46,octubre,10,domingo-10,Lácteos - Mercado Pago,2024
1308,27/10/2024,185,Centro,22,4,1,Efectivo,Completa,Cebolla,$4.21,Frutas y Verduras,$16.84,octubre,10,domingo-10,Frutas y Verduras - Efectivo,2024
1315,27/10/2024,222,Centro,3,1,1,Efectivo,Completa,Queso cremoso,$17.23,Lácteos,$17.23,octubre,10,domingo-10,Lácteos - Efectivo,2024
1405,27/10/2024,187,Buenos Aires,29,2,2,Tarjeta de Crédito,Completa,Cerveza,$11.54,Bebidas,$23.08,octubre,10,domingo-10,Bebidas - Tarjeta de Crédito,2024
1536,27/10/2024,203,Buenos Aires,35,6,1,Efectivo,Completa,Arroz,$4.25,Conservas,$25.50,octubre,10,domingo-10,Conservas - Efectivo,2024
2273,27/10/2024,304,Cuyo,10,4,4,Mercado Pago,Completa,Costilla de cerdo,$14.25,Carnicería,$57.00,octubre,10,domingo-10,Carnicería - Mercado Pago,2024
2733,27/10/2024,27,Buenos Aires,30,6,1,Efectivo,Completa,Vino tinto,$13.54,Bebidas,$81.24,octubre,10,domingo-10,Bebidas - Efectivo,2024
1119,28/10/2024,142,Cuyo,15,6,2,Tarjeta de Crédito,Completa,Medialunas,$3.51,Panadería,$21.06,octubre,10,lunes-10,Panadería - Tarjeta de Crédito,2024
1533,28/10/2024,118,Centro,15,4,4,Mercado Pago,Completa,Medialunas,$3.51,Panadería,$14.04,octubre,10,lunes-10,Panadería - Mercado Pago,2024
1696,28/10/2024,316,Centro,31,6,5,Transferencia,Pendiente,Galletitas de agua,$5.24,Galletitas y Snacks,$31.44,octubre,10,lunes-10,Galletitas y Snacks - Transferencia,2024
1750,28/10/2024,310,Patagonia,16,1,5,Transferencia,Completa,Tortas,$15.23,Panadería,$15.23,octubre,10,lunes-10,Panadería - Transferencia,2024
1833,28/10/2024,14,Buenos Aires,18,6,5,Transferencia,Completa,Bananas,$7.25,Frutas y Verduras,$43.50,octubre,10,lunes-10,Frutas y Verduras - Transferencia,2024
2488,28/10/2024,55,Patagonia,10,5,5,Transferencia,Completa,Costilla de cerdo,$14.25,Carnicería,$71.25,octubre,10,lunes-10,Carnicería - Transferencia,2024
2494,28/10/2024,211,Centro,33,5,1,Efectivo,Completa,Papas chips,$8.54,Galletitas y Snacks,$42.70,octubre,10,lunes-10,Galletitas y Snacks - Efectivo,2024
2501,28/10/2024,272,Buenos Aires,17,4,4,Mercado Pago,Completa,Manzanas,$6.54,Frutas y Verduras,$26.16,octubre,10,lunes-10,Frutas y Verduras - Mercado Pago,2024
2549,28/10/2024,239,Buenos Aires,8,1,4,Mercado Pago,Completa,Milanesa,$16.21,Carnicería,$16.21,octubre,10,lunes-10,Carnicería - Mercado Pago,2024
2575,28/10/2024,13,Centro,23,4,4,Mercado Pago,Pendiente,Papas fritas,$8.23,Congelados,$32.92,octubre,10,lunes-10,Congelados - Mercado Pago,2024
2598,28/10/2024,155,Cuyo,18,6,5,Transferencia,Pendiente,Bananas,$7.25,Frutas y Verduras,$43.50,octubre,10,lunes-10,Frutas y Verduras - Transferencia,2024
2866,28/10/2024,6,Buenos Aires,2,3,5,Transferencia,Completa,Yogur,$5.21,Lácteos,$15.63,octubre,10,lunes-10,Lácteos - Transferencia,2024
2897,28/10/2024,36,Buenos Aires,3,3,4,Mercado Pago,Completa,Queso cremoso,$17.23,Lácteos,$51.69,octubre,10,lunes-10,Lácteos - Mercado Pago,2024
32,29/10/2024,155,Cuyo,37,6,4,Mercado Pago,Completa,Garbanzos,$3.65,Conservas,$21.90,octubre,10,martes-10,Conservas - Mercado Pago,2024
331,29/10/2024,157,Patagonia,35,2,3,Tarjeta de Débito,Completa,Arroz,$4.25,Conservas,$8.50,octubre,10,martes-10,Conservas - Tarjeta de Débito,2024
668,29/10/2024,160,Centro,9,3,5,Transferencia,Completa,Pollo,$18.56,Carnicería,$55.68,octubre,10,martes-10,Carnicería - Transferencia,2024
758,29/10/2024,168,Centro,11,2,1,Efectivo,Completa,Salchicha,$11.23,Carnicería,$22.46,octubre,10,martes-10,Carnicería - Efectivo,2024
759,29/10/2024,4,Buenos Aires,7,6,4,Mercado Pago,Completa,Chorizo,$11.25,Carnicería,$67.50,octubre,10,martes-10,Carnicería - Mercado Pago,2024
1367,29/10/2024,248,Centro,9,5,5,Transferencia,Completa,Pollo,$18.56,Carnicería,$92.80,octubre,10,martes-10,Carnicería - Transferencia,2024
1668,29/10/2024,55,Patagonia,26,6,4,Mercado Pago,Completa,Hamburgesas congeladas,$9.54,Congelados,$57.24,octubre,10,martes-10,Congelados - Mercado Pago,2024
1882,29/10/2024,7,Cuyo,32,3,4,Mercado Pago,Completa,Galletitas de chocolate,$6.25,Galletitas y Snacks,$18.75,octubre,10,martes-10,Galletitas y Snacks - Mercado Pago,2024
2078,29/10/2024,60,NEA,23,5,5,Transferencia,Completa,Papas fritas,$8.23,Congelados,$41.15,octubre,10,martes-10,Congelados - Transferencia,2024
2080,29/10/2024,62,NEA,18,4,5,Transferencia,Pendiente,Bananas,$7.25,Frutas y Verduras,$29.00,octubre,10,martes-10,Frutas y Verduras - Transferencia,2024
2242,29/10/2024,134,Cuyo,12,3,4,Mercado Pago,Pendiente,Pan francés,$8.12,Panadería,$24.36,octubre,10,martes-10,Panadería - Mercado Pago,2024
2812,29/10/2024,89,Patagonia,38,4,5,Transferencia,Completa,Atún enlatado,$6.21,Conservas,$24.84,octubre,10,martes-10,Conservas - Transferencia,2024
125,30/10/2024,190,NEA,3,6,5,Transferencia,Pendiente,Queso cremoso,$17.23,Lácteos,$103.38,octubre,10,miércoles-10,Lácteos - Transferencia,2024
1027,30/10/2024,140,NEA,18,4,1,Efectivo,Completa,Bananas,$7.25,Frutas y Verduras,$29.00,octubre,10,miércoles-10,Frutas y Verduras - Efectivo,2024
1193,30/10/2024,217,Centro,5,6,4,Mercado Pago,Completa,Manteca,$5.65,Lácteos,$33.90,octubre,10,miércoles-10,Lácteos - Mercado Pago,2024
1483,30/10/2024,303,Centro,23,5,1,Efectivo,Completa,Papas fritas,$8.23,Congelados,$41.15,octubre,10,miércoles-10,Congelados - Efectivo,2024
1785,30/10/2024,207,Buenos Aires,1,1,4,Mercado Pago,Completa,Leche,$12.24,Lácteos,$12.24,octubre,10,miércoles-10,Lácteos - Mercado Pago,2024
1930,30/10/2024,302,Patagonia,1,1,1,Efectivo,Completa,Leche,$12.24,Lácteos,$12.24,octubre,10,miércoles-10,Lácteos - Efectivo,2024
2383,30/10/2024,237,Buenos Aires,14,3,4,Mercado Pago,Completa,Facturas,$12.36,Panadería,$37.08,octubre,10,miércoles-10,Panadería - Mercado Pago,2024
2858,30/10/2024,154,Patagonia,15,1,5,Transferencia,Completa,Medialunas,$3.51,Panadería,$3.51,octubre,10,miércoles-10,Panadería - Transferencia,2024
109,31/10/2024,285,Patagonia,34,6,2,Tarjeta de Crédito,Completa,Maníes,$5.45,Galletitas y Snacks,$32.70,octubre,10,jueves-10,Galletitas y Snacks - Tarjeta de Crédito,2024
234,31/10/2024,255,Buenos Aires,37,5,5,Transferencia,Completa,Garbanzos,$3.65,Conservas,$18.25,octubre,10,jueves-10,Conservas - Transferencia,2024
965,31/10/2024,177,NEA,19,4,3,Tarjeta de Débito,Completa,Tomates,$6.54,Frutas y Verduras,$26.16,octubre,10,jueves-10,Frutas y Verduras - Tarjeta de Débito,2024
1192,31/10/2024,277,Patagonia,8,4,5,Transferencia,Pendiente,Milanesa,$16.21,Carnicería,$64.84,octubre,10,jueves-10,Carnicería - Transferencia,2024
1361,31/10/2024,192,Cuyo,28,1,3,Tarjeta de Débito,Completa,Jugos de frutas,$9.45,Bebidas,$9.45,octubre,10,jueves-10,Bebidas - Tarjeta de Débito,2024
1436,31/10/2024,165,Buenos Aires,14,2,4,Mercado Pago,Completa,Facturas,$12.36,Panadería,$24.72,octubre,10,jueves-10,Panadería - Mercado Pago,2024
1610,31/10/2024,198,NOA,31,1,1,Efectivo,Completa,Galletitas de agua,$5.24,Galletitas y Snacks,$5.24,octubre,10,jueves-10,Galletitas y Snacks - Efectivo,2024
1644,31/10/2024,111,Cuyo,32,6,5,Transferencia,Completa,Galletitas de chocolate,$6.25,Galletitas y Snacks,$37.50,octubre,10,jueves-10,Galletitas y Snacks - Transferencia,2024
1972,31/10/2024,305,Patagonia,22,5,2,Tarjeta de Crédito,Completa,Cebolla,$4.21,Frutas y Verduras,$21.05,octubre,10,jueves-10,Frutas y Verduras - Tarjeta de Crédito,2024
2843,31/10/2024,3,Patagonia,32,6,5,Transferencia,Completa,Galletitas de chocolate,$6.25,Galletitas y Snacks,$37.50,octubre,10,jueves-10,Galletitas y Snacks - Transferencia,2024
99,1/11/2024,11,Buenos Aires,17,1,2,Tarjeta de Crédito,Completa,Manzanas,$6.54,Frutas y Verduras,$6.54,noviembre,11,viernes-11,Frutas y Verduras - Tarjeta de Crédito,2024
674,1/11/2024,157,Patagonia,31,2,3,Tarjeta de Débito,Completa,Galletitas de agua,$5.24,Galletitas y Snacks,$10.48,noviembre,11,viernes-11,Galletitas y Snacks - Tarjeta de Débito,2024
963,1/11/2024,107,Patagonia,17,4,4,Mercado Pago,Completa,Manzanas,$6.54,Frutas y Verduras,$26.16,noviembre,11,viernes-11,Frutas y Verduras - Mercado Pago,2024
1048,1/11/2024,185,Centro,5,1,2,Tarjeta de Crédito,Completa,Manteca,$5.65,Lácteos,$5.65,noviembre,11,viernes-11,Lácteos - Tarjeta de Crédito,2024
1510,1/11/2024,34,Cuyo,1,3,2,Tarjeta de Crédito,Completa,Leche,$12.24,Lácteos,$36.72,noviembre,11,viernes-11,Lácteos - Tarjeta de Crédito,2024
1978,1/11/2024,210,Centro,21,3,4,Mercado Pago,Completa,Zanahorias,$3.25,Frutas y Verduras,$9.75,noviembre,11,viernes-11,Frutas y Verduras - Mercado Pago,2024
2143,1/11/2024,54,Buenos Aires,38,6,4,Mercado Pago,Completa,Atún enlatado,$6.21,Conservas,$37.26,noviembre,11,viernes-11,Conservas - Mercado Pago,2024
2247,1/11/2024,15,Buenos Aires,12,5,4,Mercado Pago,Completa,Pan francés,$8.12,Panadería,$40.60,noviembre,11,viernes-11,Panadería - Mercado Pago,2024
2877,1/11/2024,152,NOA,23,4,5,Transferencia,Pendiente,Papas fritas,$8.23,Congelados,$32.92,noviembre,11,viernes-11,Congelados - Transferencia,2024
93,2/11/2024,101,Buenos Aires,26,4,2,Tarjeta de Crédito,Pendiente,Hamburgesas congeladas,$9.54,Congelados,$38.16,noviembre,11,sábado-11,Congelados - Tarjeta de Crédito,2024
283,2/11/2024,292,Patagonia,21,5,1,Efectivo,Pendiente,Zanahorias,$3.25,Frutas y Verduras,$16.25,noviembre,11,sábado-11,Frutas y Verduras - Efectivo,2024
830,2/11/2024,55,Patagonia,20,1,5,Transferencia,Completa,Lechugas,$4.25,Frutas y Verduras,$4.25,noviembre,11,sábado-11,Frutas y Verduras - Transferencia,2024
1304,2/11/2024,19,Centro,21,6,5,Transferencia,Completa,Zanahorias,$3.25,Frutas y Verduras,$19.50,noviembre,11,sábado-11,Frutas y Verduras - Transferencia,2024
1445,2/11/2024,104,Buenos Aires,12,2,5,Transferencia,Pendiente,Pan francés,$8.12,Panadería,$16.24,noviembre,11,sábado-11,Panadería - Transferencia,2024
1869,2/11/2024,205,Patagonia,16,4,5,Transferencia,Completa,Tortas,$15.23,Panadería,$60.92,noviembre,11,sábado-11,Panadería - Transferencia,2024
2987,2/11/2024,2,Patagonia,12,3,5,Transferencia,Completa,Pan francés,$8.12,Panadería,$24.36,noviembre,11,sábado-11,Panadería - Transferencia,2024
775,3/11/2024,71,Buenos Aires,17,6,2,Tarjeta de Crédito,Completa,Manzanas,$6.54,Frutas y Verduras,$39.24,noviembre,11,domingo-11,Frutas y Verduras - Tarjeta de Crédito,2024
834,3/11/2024,111,Cuyo,25,4,1,Efectivo,Completa,Pizza congelada,$15.45,Congelados,$61.80,noviembre,11,domingo-11,Congelados - Efectivo,2024
890,3/11/2024,296,Buenos Aires,7,5,4,Mercado Pago,Completa,Chorizo,$11.25,Carnicería,$56.25,noviembre,11,domingo-11,Carnicería - Mercado Pago,2024
1029,3/11/2024,9,Centro,29,1,5,Transferencia,Pendiente,Cerveza,$11.54,Bebidas,$11.54,noviembre,11,domingo-11,Bebidas - Transferencia,2024
1161,3/11/2024,277,Patagonia,26,6,4,Mercado Pago,Completa,Hamburgesas congeladas,$9.54,Congelados,$57.24,noviembre,11,domingo-11,Congelados - Mercado Pago,2024
1396,3/11/2024,209,Buenos Aires,9,1,5,Transferencia,Completa,Pollo,$18.56,Carnicería,$18.56,noviembre,11,domingo-11,Carnicería - Transferencia,2024
1489,3/11/2024,22,Centro,8,4,5,Transferencia,Completa,Milanesa,$16.21,Carnicería,$64.84,noviembre,11,domingo-11,Carnicería - Transferencia,2024
1711,3/11/2024,183,Patagonia,19,4,4,Mercado Pago,Completa,Tomates,$6.54,Frutas y Verduras,$26.16,noviembre,11,domingo-11,Frutas y Verduras - Mercado Pago,2024
2011,3/11/2024,322,NEA,8,6,3,Tarjeta de Débito,Pendiente,Milanesa,$16.21,Carnicería,$97.26,noviembre,11,domingo-11,Carnicería - Tarjeta de Débito,2024
2063,3/11/2024,8,Buenos Aires,32,1,1,Efectivo,Completa,Galletitas de chocolate,$6.25,Galletitas y Snacks,$6.25,noviembre,11,domingo-11,Galletitas y Snacks - Efectivo,2024
2753,3/11/2024,319,Patagonia,5,3,4,Mercado Pago,Completa,Manteca,$5.65,Lácteos,$16.95,noviembre,11,domingo-11,Lácteos - Mercado Pago,2024
20,4/11/2024,122,Centro,7,6,2,Tarjeta de Crédito,Completa,Chorizo,$11.25,Carnicería,$67.50,noviembre,11,lunes-11,Carnicería - Tarjeta de Crédito,2024
76,4/11/2024,147,Cuyo,36,5,3,Tarjeta de Débito,Completa,Lentejas,$3.25,Conservas,$16.25,noviembre,11,lunes-11,Conservas - Tarjeta de Débito,2024
158,4/11/2024,319,Patagonia,26,2,5,Transferencia,Pendiente,Hamburgesas congeladas,$9.54,Congelados,$19.08,noviembre,11,lunes-11,Congelados - Transferencia,2024
544,4/11/2024,252,Patagonia,26,3,4,Mercado Pago,Completa,Hamburgesas congeladas,$9.54,Congelados,$28.62,noviembre,11,lunes-11,Congelados - Mercado Pago,2024
982,4/11/2024,245,NEA,19,3,4,Mercado Pago,Completa,Tomates,$6.54,Frutas y Verduras,$19.62,noviembre,11,lunes-11,Frutas y Verduras - Mercado Pago,2024
1490,4/11/2024,255,Buenos Aires,7,3,3,Tarjeta de Débito,Completa,Chorizo,$11.25,Carnicería,$33.75,noviembre,11,lunes-11,Carnicería - Tarjeta de Débito,2024
1573,4/11/2024,298,Buenos Aires,24,4,4,Mercado Pago,Completa,Empanadas,$13.54,Congelados,$54.16,noviembre,11,lunes-11,Congelados - Mercado Pago,2024
1832,4/11/2024,173,Patagonia,22,1,3,Tarjeta de Débito,Completa,Cebolla,$4.21,Frutas y Verduras,$4.21,noviembre,11,lunes-11,Frutas y Verduras - Tarjeta de Débito,2024
2121,4/11/2024,261,NOA,30,5,4,Mercado Pago,Completa,Vino tinto,$13.54,Bebidas,$67.70,noviembre,11,lunes-11,Bebidas - Mercado Pago,2024
791,5/11/2024,210,Centro,32,2,4,Mercado Pago,Completa,Galletitas de chocolate,$6.25,Galletitas y Snacks,$12.50,noviembre,11,martes-11,Galletitas y Snacks - Mercado Pago,2024
1073,5/11/2024,173,Patagonia,35,5,5,Transferencia,Pendiente,Arroz,$4.25,Conservas,$21.25,noviembre,11,martes-11,Conservas - Transferencia,2024
1364,5/11/2024,65,Buenos Aires,33,3,1,Efectivo,Completa,Papas chips,$8.54,Galletitas y Snacks,$25.62,noviembre,11,martes-11,Galletitas y Snacks - Efectivo,2024
1939,5/11/2024,141,NEA,27,5,5,Transferencia,Completa,Agua mineral,$6.21,Bebidas,$31.05,noviembre,11,martes-11,Bebidas - Transferencia,2024
2030,5/11/2024,70,Centro,1,6,5,Transferencia,Pendiente,Leche,$12.24,Lácteos,$73.44,noviembre,11,martes-11,Lácteos - Transferencia,2024
2445,5/11/2024,56,Centro,14,3,4,Mercado Pago,Completa,Facturas,$12.36,Panadería,$37.08,noviembre,11,martes-11,Panadería - Mercado Pago,2024
2603,5/11/2024,156,Patagonia,37,1,1,Efectivo,Pendiente,Garbanzos,$3.65,Conservas,$3.65,noviembre,11,martes-11,Conservas - Efectivo,2024
2644,5/11/2024,69,Cuyo,21,2,4,Mercado Pago,Completa,Zanahorias,$3.25,Frutas y Verduras,$6.50,noviembre,11,martes-11,Frutas y Verduras - Mercado Pago,2024
2646,5/11/2024,228,Centro,10,4,5,Transferencia,Completa,Costilla de cerdo,$14.25,Carnicería,$57.00,noviembre,11,martes-11,Carnicería - Transferencia,2024
2859,5/11/2024,280,Centro,16,3,5,Transferencia,Completa,Tortas,$15.23,Panadería,$45.69,noviembre,11,martes-11,Panadería - Transferencia,2024
2904,5/11/2024,165,Buenos Aires,34,6,4,Mercado Pago,Completa,Maníes,$5.45,Galletitas y Snacks,$32.70,noviembre,11,martes-11,Galletitas y Snacks - Mercado Pago,2024
155,6/11/2024,125,Patagonia,2,5,3,Tarjeta de Débito,Pendiente,Yogur,$5.21,Lácteos,$26.05,noviembre,11,miércoles-11,Lácteos - Tarjeta de Débito,2024
480,6/11/2024,161,Patagonia,12,2,2,Tarjeta de Crédito,Completa,Pan francés,$8.12,Panadería,$16.24,noviembre,11,miércoles-11,Panadería - Tarjeta de Crédito,2024
980,6/11/2024,119,Patagonia,6,4,4,Mercado Pago,Completa,Asado,$28.56,Carnicería,$114.24,noviembre,11,miércoles-11,Carnicería - Mercado Pago,2024
1298,6/11/2024,216,Centro,18,1,5,Transferencia,Completa,Bananas,$7.25,Frutas y Verduras,$7.25,noviembre,11,miércoles-11,Frutas y Verduras - Transferencia,2024
1342,6/11/2024,119,Patagonia,23,6,1,Efectivo,Completa,Papas fritas,$8.23,Congelados,$49.38,noviembre,11,miércoles-11,Congelados - Efectivo,2024
1645,6/11/2024,13,Centro,12,2,5,Transferencia,Completa,Pan francés,$8.12,Panadería,$16.24,noviembre,11,miércoles-11,Panadería - Transferencia,2024
1818,6/11/2024,279,Centro,22,3,4,Mercado Pago,Completa,Cebolla,$4.21,Frutas y Verduras,$12.63,noviembre,11,miércoles-11,Frutas y Verduras - Mercado Pago,2024
2500,6/11/2024,20,Cuyo,23,4,5,Transferencia,Completa,Papas fritas,$8.23,Congelados,$32.92,noviembre,11,miércoles-11,Congelados - Transferencia,2024
2597,6/11/2024,80,NEA,22,6,4,Mercado Pago,Completa,Cebolla,$4.21,Frutas y Verduras,$25.26,noviembre,11,miércoles-11,Frutas y Verduras - Mercado Pago,2024
2631,6/11/2024,27,Buenos Aires,22,3,4,Mercado Pago,Completa,Cebolla,$4.21,Frutas y Verduras,$12.63,noviembre,11,miércoles-11,Frutas y Verduras - Mercado Pago,2024
2983,6/11/2024,234,Buenos Aires,20,3,3,Tarjeta de Débito,Completa,Lechugas,$4.25,Frutas y Verduras,$12.75,noviembre,11,miércoles-11,Frutas y Verduras - Tarjeta de Débito,2024
101,7/11/2024,281,Buenos Aires,36,1,5,Transferencia,Completa,Lentejas,$3.25,Conservas,$3.25,noviembre,11,jueves-11,Conservas - Transferencia,2024
401,7/11/2024,27,Buenos Aires,27,6,4,Mercado Pago,Completa,Agua mineral,$6.21,Bebidas,$37.26,noviembre,11,jueves-11,Bebidas - Mercado Pago,2024
509,7/11/2024,136,Patagonia,38,3,5,Transferencia,Completa,Atún enlatado,$6.21,Conservas,$18.63,noviembre,11,jueves-11,Conservas - Transferencia,2024
667,7/11/2024,189,Patagonia,16,5,3,Tarjeta de Débito,Completa,Tortas,$15.23,Panadería,$76.15,noviembre,11,jueves-11,Panadería - Tarjeta de Débito,2024
1215,7/11/2024,297,Buenos Aires,17,6,3,Tarjeta de Débito,Pendiente,Manzanas,$6.54,Frutas y Verduras,$39.24,noviembre,11,jueves-11,Frutas y Verduras - Tarjeta de Débito,2024
1418,7/11/2024,111,Cuyo,37,1,5,Transferencia,Pendiente,Garbanzos,$3.65,Conservas,$3.65,noviembre,11,jueves-11,Conservas - Transferencia,2024
1965,7/11/2024,185,Centro,36,5,4,Mercado Pago,Completa,Lentejas,$3.25,Conservas,$16.25,noviembre,11,jueves-11,Conservas - Mercado Pago,2024
2031,7/11/2024,190,NEA,33,3,5,Transferencia,Completa,Papas chips,$8.54,Galletitas y Snacks,$25.62,noviembre,11,jueves-11,Galletitas y Snacks - Transferencia,2024
250,8/11/2024,313,Cuyo,24,3,5,Transferencia,Pendiente,Empanadas,$13.54,Congelados,$40.62,noviembre,11,viernes-11,Congelados - Transferencia,2024
278,8/11/2024,180,Buenos Aires,19,3,1,Efectivo,Completa,Tomates,$6.54,Frutas y Verduras,$19.62,noviembre,11,viernes-11,Frutas y Verduras - Efectivo,2024
366,8/11/2024,111,Cuyo,37,4,4,Mercado Pago,Completa,Garbanzos,$3.65,Conservas,$14.60,noviembre,11,viernes-11,Conservas - Mercado Pago,2024
467,8/11/2024,271,Patagonia,34,6,4,Mercado Pago,Completa,Maníes,$5.45,Galletitas y Snacks,$32.70,noviembre,11,viernes-11,Galletitas y Snacks - Mercado Pago,2024
698,8/11/2024,225,Buenos Aires,20,6,1,Efectivo,Pendiente,Lechugas,$4.25,Frutas y Verduras,$25.50,noviembre,11,viernes-11,Frutas y Verduras - Efectivo,2024
1721,8/11/2024,46,Centro,30,4,1,Efectivo,Completa,Vino tinto,$13.54,Bebidas,$54.16,noviembre,11,viernes-11,Bebidas - Efectivo,2024
2124,8/11/2024,70,Centro,10,3,4,Mercado Pago,Completa,Costilla de cerdo,$14.25,Carnicería,$42.75,noviembre,11,viernes-11,Carnicería - Mercado Pago,2024
2228,8/11/2024,155,Cuyo,29,4,4,Mercado Pago,Completa,Cerveza,$11.54,Bebidas,$46.16,noviembre,11,viernes-11,Bebidas - Mercado Pago,2024
2960,8/11/2024,240,Buenos Aires,38,5,4,Mercado Pago,Completa,Atún enlatado,$6.21,Conservas,$31.05,noviembre,11,viernes-11,Conservas - Mercado Pago,2024
176,9/11/2024,68,Patagonia,33,6,5,Transferencia,Completa,Papas chips,$8.54,Galletitas y Snacks,$51.24,noviembre,11,sábado-11,Galletitas y Snacks - Transferencia,2024
188,9/11/2024,323,Centro,36,5,5,Transferencia,Pendiente,Lentejas,$3.25,Conservas,$16.25,noviembre,11,sábado-11,Conservas - Transferencia,2024
446,9/11/2024,234,Buenos Aires,25,3,1,Efectivo,Completa,Pizza congelada,$15.45,Congelados,$46.35,noviembre,11,sábado-11,Congelados - Efectivo,2024
638,9/11/2024,236,Buenos Aires,26,6,4,Mercado Pago,Completa,Hamburgesas congeladas,$9.54,Congelados,$57.24,noviembre,11,sábado-11,Congelados - Mercado Pago,2024
687,9/11/2024,43,Patagonia,30,2,1,Efectivo,Completa,Vino tinto,$13.54,Bebidas,$27.08,noviembre,11,sábado-11,Bebidas - Efectivo,2024
835,9/11/2024,224,Cuyo,1,3,5,Transferencia,Completa,Leche,$12.24,Lácteos,$36.72,noviembre,11,sábado-11,Lácteos - Transferencia,2024
913,9/11/2024,36,Buenos Aires,27,5,5,Transferencia,Completa,Agua mineral,$6.21,Bebidas,$31.05,noviembre,11,sábado-11,Bebidas - Transferencia,2024
1219,9/11/2024,125,Patagonia,37,4,3,Tarjeta de Débito,Completa,Garbanzos,$3.65,Conservas,$14.60,noviembre,11,sábado-11,Conservas - Tarjeta de Débito,2024
2148,9/11/2024,43,Patagonia,16,2,1,Efectivo,Completa,Tortas,$15.23,Panadería,$30.46,noviembre,11,sábado-11,Panadería - Efectivo,2024
2296,9/11/2024,254,Patagonia,13,3,5,Transferencia,Completa,Pan integral,$12.56,Panadería,$37.68,noviembre,11,sábado-11,Panadería - Transferencia,2024
2367,9/11/2024,83,Buenos Aires,20,4,1,Efectivo,Completa,Lechugas,$4.25,Frutas y Verduras,$17.00,noviembre,11,sábado-11,Frutas y Verduras - Efectivo,2024
2696,9/11/2024,86,Patagonia,5,2,5,Transferencia,Completa,Manteca,$5.65,Lácteos,$11.30,noviembre,11,sábado-11,Lácteos - Transferencia,2024
658,10/11/2024,29,NEA,24,5,5,Transferencia,Completa,Empanadas,$13.54,Congelados,$67.70,noviembre,11,domingo-11,Congelados - Transferencia,2024
709,10/11/2024,20,Cuyo,13,2,3,Tarjeta de Débito,Completa,Pan integral,$12.56,Panadería,$25.12,noviembre,11,domingo-11,Panadería - Tarjeta de Débito,2024
1032,10/11/2024,20,Cuyo,8,2,5,Transferencia,Completa,Milanesa,$16.21,Carnicería,$32.42,noviembre,11,domingo-11,Carnicería - Transferencia,2024
1158,10/11/2024,88,Patagonia,17,5,3,Tarjeta de Débito,Completa,Manzanas,$6.54,Frutas y Verduras,$32.70,noviembre,11,domingo-11,Frutas y Verduras - Tarjeta de Débito,2024
1231,10/11/2024,242,NEA,16,3,4,Mercado Pago,Cancelada,Tortas,$15.23,Panadería,$45.69,noviembre,11,domingo-11,Panadería - Mercado Pago,2024
1982,10/11/2024,283,Buenos Aires,26,1,3,Tarjeta de Débito,Completa,Hamburgesas congeladas,$9.54,Congelados,$9.54,noviembre,11,domingo-11,Congelados - Tarjeta de Débito,2024
2101,10/11/2024,260,Buenos Aires,6,3,1,Efectivo,Pendiente,Asado,$28.56,Carnicería,$85.68,noviembre,11,domingo-11,Carnicería - Efectivo,2024
2195,10/11/2024,197,Cuyo,35,3,1,Efectivo,Pendiente,Arroz,$4.25,Conservas,$12.75,noviembre,11,domingo-11,Conservas - Efectivo,2024
2468,10/11/2024,307,Cuyo,32,2,3,Tarjeta de Débito,Completa,Galletitas de chocolate,$6.25,Galletitas y Snacks,$12.50,noviembre,11,domingo-11,Galletitas y Snacks - Tarjeta de Débito,2024
2621,10/11/2024,112,NEA,23,2,5,Transferencia,Pendiente,Papas fritas,$8.23,Congelados,$16.46,noviembre,11,domingo-11,Congelados - Transferencia,2024
2759,10/11/2024,170,Centro,15,3,1,Efectivo,Completa,Medialunas,$3.51,Panadería,$10.53,noviembre,11,domingo-11,Panadería - Efectivo,2024
477,11/11/2024,102,Patagonia,6,6,4,Mercado Pago,Completa,Asado,$28.56,Carnicería,$171.36,noviembre,11,lunes-11,Carnicería - Mercado Pago,2024
891,11/11/2024,79,Patagonia,32,3,4,Mercado Pago,Completa,Galletitas de chocolate,$6.25,Galletitas y Snacks,$18.75,noviembre,11,lunes-11,Galletitas y Snacks - Mercado Pago,2024
940,11/11/2024,220,Centro,29,4,2,Tarjeta de Crédito,Completa,Cerveza,$11.54,Bebidas,$46.16,noviembre,11,lunes-11,Bebidas - Tarjeta de Crédito,2024
1480,11/11/2024,113,Buenos Aires,17,3,1,Efectivo,Completa,Manzanas,$6.54,Frutas y Verduras,$19.62,noviembre,11,lunes-11,Frutas y Verduras - Efectivo,2024
2292,11/11/2024,225,Buenos Aires,8,5,5,Transferencia,Completa,Milanesa,$16.21,Carnicería,$81.05,noviembre,11,lunes-11,Carnicería - Transferencia,2024
12,12/11/2024,247,Buenos Aires,20,5,1,Efectivo,Completa,Lechugas,$4.25,Frutas y Verduras,$21.25,noviembre,11,martes-11,Frutas y Verduras - Efectivo,2024
672,12/11/2024,63,Buenos Aires,38,2,5,Transferencia,Pendiente,Atún enlatado,$6.21,Conservas,$12.42,noviembre,11,martes-11,Conservas - Transferencia,2024
781,12/11/2024,68,Patagonia,12,5,4,Mercado Pago,Completa,Pan francés,$8.12,Panadería,$40.60,noviembre,11,martes-11,Panadería - Mercado Pago,2024
1654,12/11/2024,183,Patagonia,10,1,3,Tarjeta de Débito,Cancelada,Costilla de cerdo,$14.25,Carnicería,$14.25,noviembre,11,martes-11,Carnicería - Tarjeta de Débito,2024
1662,12/11/2024,133,Buenos Aires,26,5,4,Mercado Pago,Pendiente,Hamburgesas congeladas,$9.54,Congelados,$47.70,noviembre,11,martes-11,Congelados - Mercado Pago,2024
1910,12/11/2024,292,Patagonia,38,4,5,Transferencia,Completa,Atún enlatado,$6.21,Conservas,$24.84,noviembre,11,martes-11,Conservas - Transferencia,2024
1927,12/11/2024,59,Centro,18,1,5,Transferencia,Pendiente,Bananas,$7.25,Frutas y Verduras,$7.25,noviembre,11,martes-11,Frutas y Verduras - Transferencia,2024
2097,12/11/2024,296,Buenos Aires,20,1,5,Transferencia,Completa,Lechugas,$4.25,Frutas y Verduras,$4.25,noviembre,11,martes-11,Frutas y Verduras - Transferencia,2024
2363,12/11/2024,59,Centro,17,6,5,Transferencia,Pendiente,Manzanas,$6.54,Frutas y Verduras,$39.24,noviembre,11,martes-11,Frutas y Verduras - Transferencia,2024
2417,12/11/2024,307,Cuyo,1,6,2,Tarjeta de Crédito,Completa,Leche,$12.24,Lácteos,$73.44,noviembre,11,martes-11,Lácteos - Tarjeta de Crédito,2024
2686,12/11/2024,44,Buenos Aires,15,3,5,Transferencia,Completa,Medialunas,$3.51,Panadería,$10.53,noviembre,11,martes-11,Panadería - Transferencia,2024
2730,12/11/2024,224,Cuyo,3,6,5,Transferencia,Pendiente,Queso cremoso,$17.23,Lácteos,$103.38,noviembre,11,martes-11,Lácteos - Transferencia,2024
107,13/11/2024,7,Cuyo,24,5,5,Transferencia,Completa,Empanadas,$13.54,Congelados,$67.70,noviembre,11,miércoles-11,Congelados - Transferencia,2024
345,13/11/2024,132,Buenos Aires,26,6,2,Tarjeta de Crédito,Completa,Hamburgesas congeladas,$9.54,Congelados,$57.24,noviembre,11,miércoles-11,Congelados - Tarjeta de Crédito,2024
609,13/11/2024,241,Buenos Aires,34,4,5,Transferencia,Completa,Maníes,$5.45,Galletitas y Snacks,$21.80,noviembre,11,miércoles-11,Galletitas y Snacks - Transferencia,2024
661,13/11/2024,151,Buenos Aires,21,6,1,Efectivo,Completa,Zanahorias,$3.25,Frutas y Verduras,$19.50,noviembre,11,miércoles-11,Frutas y Verduras - Efectivo,2024
793,13/11/2024,175,Buenos Aires,2,2,1,Efectivo,Completa,Yogur,$5.21,Lácteos,$10.42,noviembre,11,miércoles-11,Lácteos - Efectivo,2024
814,13/11/2024,262,Buenos Aires,22,4,5,Transferencia,Completa,Cebolla,$4.21,Frutas y Verduras,$16.84,noviembre,11,miércoles-11,Frutas y Verduras - Transferencia,2024
1016,13/11/2024,131,Buenos Aires,4,4,4,Mercado Pago,Completa,Queso rallado,$19.23,Lácteos,$76.92,noviembre,11,miércoles-11,Lácteos - Mercado Pago,2024
1022,13/11/2024,134,Cuyo,9,4,5,Transferencia,Completa,Pollo,$18.56,Carnicería,$74.24,noviembre,11,miércoles-11,Carnicería - Transferencia,2024
1075,13/11/2024,207,Buenos Aires,18,3,5,Transferencia,Completa,Bananas,$7.25,Frutas y Verduras,$21.75,noviembre,11,miércoles-11,Frutas y Verduras - Transferencia,2024
1276,13/11/2024,99,Buenos Aires,4,1,1,Efectivo,Completa,Queso rallado,$19.23,Lácteos,$19.23,noviembre,11,miércoles-11,Lácteos - Efectivo,2024
2167,13/11/2024,311,Buenos Aires,27,1,3,Tarjeta de Débito,Completa,Agua mineral,$6.21,Bebidas,$6.21,noviembre,11,miércoles-11,Bebidas - Tarjeta de Débito,2024
2262,13/11/2024,222,Centro,19,2,4,Mercado Pago,Completa,Tomates,$6.54,Frutas y Verduras,$13.08,noviembre,11,miércoles-11,Frutas y Verduras - Mercado Pago,2024
2298,13/11/2024,140,NEA,33,2,3,Tarjeta de Débito,Completa,Papas chips,$8.54,Galletitas y Snacks,$17.08,noviembre,11,miércoles-11,Galletitas y Snacks - Tarjeta de Débito,2024
2506,13/11/2024,84,Buenos Aires,26,1,4,Mercado Pago,Completa,Hamburgesas congeladas,$9.54,Congelados,$9.54,noviembre,11,miércoles-11,Congelados - Mercado Pago,2024
2868,13/11/2024,94,Centro,25,5,4,Mercado Pago,Completa,Pizza congelada,$15.45,Congelados,$77.25,noviembre,11,miércoles-11,Congelados - Mercado Pago,2024
1772,14/11/2024,164,Centro,24,2,4,Mercado Pago,Pendiente,Empanadas,$13.54,Congelados,$27.08,noviembre,11,jueves-11,Congelados - Mercado Pago,2024
2004,14/11/2024,252,Patagonia,7,2,5,Transferencia,Completa,Chorizo,$11.25,Carnicería,$22.50,noviembre,11,jueves-11,Carnicería - Transferencia,2024
2345,14/11/2024,194,Buenos Aires,2,4,4,Mercado Pago,Pendiente,Yogur,$5.21,Lácteos,$20.84,noviembre,11,jueves-11,Lácteos - Mercado Pago,2024
2463,14/11/2024,95,Buenos Aires,27,4,5,Transferencia,Completa,Agua mineral,$6.21,Bebidas,$24.84,noviembre,11,jueves-11,Bebidas - Transferencia,2024
2541,14/11/2024,3,Patagonia,38,3,1,Efectivo,Completa,Atún enlatado,$6.21,Conservas,$18.63,noviembre,11,jueves-11,Conservas - Efectivo,2024
2543,14/11/2024,296,Buenos Aires,32,4,1,Efectivo,Completa,Galletitas de chocolate,$6.25,Galletitas y Snacks,$25.00,noviembre,11,jueves-11,Galletitas y Snacks - Efectivo,2024
2807,14/11/2024,26,Centro,7,3,1,Efectivo,Pendiente,Chorizo,$11.25,Carnicería,$33.75,noviembre,11,jueves-11,Carnicería - Efectivo,2024
490,15/11/2024,20,Cuyo,5,6,4,Mercado Pago,Completa,Manteca,$5.65,Lácteos,$33.90,noviembre,11,viernes-11,Lácteos - Mercado Pago,2024
871,15/11/2024,242,NEA,25,4,1,Efectivo,Completa,Pizza congelada,$15.45,Congelados,$61.80,noviembre,11,viernes-11,Congelados - Efectivo,2024
1420,15/11/2024,277,Patagonia,33,4,4,Mercado Pago,Completa,Papas chips,$8.54,Galletitas y Snacks,$34.16,noviembre,11,viernes-11,Galletitas y Snacks - Mercado Pago,2024
1488,15/11/2024,162,Patagonia,31,4,1,Efectivo,Completa,Galletitas de agua,$5.24,Galletitas y Snacks,$20.96,noviembre,11,viernes-11,Galletitas y Snacks - Efectivo,2024
1883,15/11/2024,2,Patagonia,6,2,1,Efectivo,Completa,Asado,$28.56,Carnicería,$57.12,noviembre,11,viernes-11,Carnicería - Efectivo,2024
2062,15/11/2024,172,Buenos Aires,28,1,4,Mercado Pago,Completa,Jugos de frutas,$9.45,Bebidas,$9.45,noviembre,11,viernes-11,Bebidas - Mercado Pago,2024
2805,15/11/2024,256,Buenos Aires,8,6,4,Mercado Pago,Completa,Milanesa,$16.21,Carnicería,$97.26,noviembre,11,viernes-11,Carnicería - Mercado Pago,2024
747,16/11/2024,84,Buenos Aires,21,1,5,Transferencia,Completa,Zanahorias,$3.25,Frutas y Verduras,$3.25,noviembre,11,sábado-11,Frutas y Verduras - Transferencia,2024
1497,16/11/2024,63,Buenos Aires,37,2,4,Mercado Pago,Completa,Garbanzos,$3.65,Conservas,$7.30,noviembre,11,sábado-11,Conservas - Mercado Pago,2024
2207,16/11/2024,149,Cuyo,17,1,4,Mercado Pago,Pendiente,Manzanas,$6.54,Frutas y Verduras,$6.54,noviembre,11,sábado-11,Frutas y Verduras - Mercado Pago,2024
2336,16/11/2024,148,Centro,37,4,4,Mercado Pago,Completa,Garbanzos,$3.65,Conservas,$14.60,noviembre,11,sábado-11,Conservas - Mercado Pago,2024
2867,16/11/2024,7,Cuyo,17,1,1,Efectivo,Completa,Manzanas,$6.54,Frutas y Verduras,$6.54,noviembre,11,sábado-11,Frutas y Verduras - Efectivo,2024
2888,16/11/2024,83,Buenos Aires,28,3,3,Tarjeta de Débito,Completa,Jugos de frutas,$9.45,Bebidas,$28.35,noviembre,11,sábado-11,Bebidas - Tarjeta de Débito,2024
513,17/11/2024,278,Centro,25,6,4,Mercado Pago,Completa,Pizza congelada,$15.45,Congelados,$92.70,noviembre,11,domingo-11,Congelados - Mercado Pago,2024
983,17/11/2024,11,Buenos Aires,33,6,1,Efectivo,Completa,Papas chips,$8.54,Galletitas y Snacks,$51.24,noviembre,11,domingo-11,Galletitas y Snacks - Efectivo,2024
1892,17/11/2024,222,Centro,13,1,4,Mercado Pago,Completa,Pan integral,$12.56,Panadería,$12.56,noviembre,11,domingo-11,Panadería - Mercado Pago,2024
1993,17/11/2024,99,Buenos Aires,31,1,1,Efectivo,Completa,Galletitas de agua,$5.24,Galletitas y Snacks,$5.24,noviembre,11,domingo-11,Galletitas y Snacks - Efectivo,2024
2444,17/11/2024,185,Centro,4,6,3,Tarjeta de Débito,Pendiente,Queso rallado,$19.23,Lácteos,$115.38,noviembre,11,domingo-11,Lácteos - Tarjeta de Débito,2024
2456,17/11/2024,243,Buenos Aires,37,1,1,Efectivo,Pendiente,Garbanzos,$3.65,Conservas,$3.65,noviembre,11,domingo-11,Conservas - Efectivo,2024
65,18/11/2024,205,Patagonia,27,5,3,Tarjeta de Débito,Completa,Agua mineral,$6.21,Bebidas,$31.05,noviembre,11,lunes-11,Bebidas - Tarjeta de Débito,2024
253,18/11/2024,14,Buenos Aires,15,2,5,Transferencia,Completa,Medialunas,$3.51,Panadería,$7.02,noviembre,11,lunes-11,Panadería - Transferencia,2024
443,18/11/2024,263,Buenos Aires,9,2,4,Mercado Pago,Completa,Pollo,$18.56,Carnicería,$37.12,noviembre,11,lunes-11,Carnicería - Mercado Pago,2024
588,18/11/2024,261,NOA,25,2,3,Tarjeta de Débito,Completa,Pizza congelada,$15.45,Congelados,$30.90,noviembre,11,lunes-11,Congelados - Tarjeta de Débito,2024
1236,18/11/2024,228,Centro,29,4,2,Tarjeta de Crédito,Completa,Cerveza,$11.54,Bebidas,$46.16,noviembre,11,lunes-11,Bebidas - Tarjeta de Crédito,2024
1410,18/11/2024,34,Cuyo,12,4,2,Tarjeta de Crédito,Completa,Pan francés,$8.12,Panadería,$32.48,noviembre,11,lunes-11,Panadería - Tarjeta de Crédito,2024
1508,18/11/2024,295,Cuyo,6,4,5,Transferencia,Completa,Asado,$28.56,Carnicería,$114.24,noviembre,11,lunes-11,Carnicería - Transferencia,2024
1948,18/11/2024,5,Centro,19,3,4,Mercado Pago,Completa,Tomates,$6.54,Frutas y Verduras,$19.62,noviembre,11,lunes-11,Frutas y Verduras - Mercado Pago,2024
2203,18/11/2024,68,Patagonia,14,5,5,Transferencia,Completa,Facturas,$12.36,Panadería,$61.80,noviembre,11,lunes-11,Panadería - Transferencia,2024
2267,18/11/2024,239,Buenos Aires,23,6,2,Tarjeta de Crédito,Completa,Papas fritas,$8.23,Congelados,$49.38,noviembre,11,lunes-11,Congelados - Tarjeta de Crédito,2024
2343,18/11/2024,263,Buenos Aires,11,1,3,Tarjeta de Débito,Completa,Salchicha,$11.23,Carnicería,$11.23,noviembre,11,lunes-11,Carnicería - Tarjeta de Débito,2024
2742,18/11/2024,25,Patagonia,3,1,3,Tarjeta de Débito,Completa,Queso cremoso,$17.23,Lácteos,$17.23,noviembre,11,lunes-11,Lácteos - Tarjeta de Débito,2024
611,19/11/2024,119,Patagonia,38,6,4,Mercado Pago,Completa,Atún enlatado,$6.21,Conservas,$37.26,noviembre,11,martes-11,Conservas - Mercado Pago,2024
887,19/11/2024,214,Patagonia,16,6,4,Mercado Pago,Completa,Tortas,$15.23,Panadería,$91.38,noviembre,11,martes-11,Panadería - Mercado Pago,2024
1623,19/11/2024,315,Buenos Aires,14,4,4,Mercado Pago,Completa,Facturas,$12.36,Panadería,$49.44,noviembre,11,martes-11,Panadería - Mercado Pago,2024
2006,19/11/2024,152,NOA,33,3,4,Mercado Pago,Completa,Papas chips,$8.54,Galletitas y Snacks,$25.62,noviembre,11,martes-11,Galletitas y Snacks - Mercado Pago,2024
2428,19/11/2024,319,Patagonia,5,1,1,Efectivo,Pendiente,Manteca,$5.65,Lácteos,$5.65,noviembre,11,martes-11,Lácteos - Efectivo,2024
2813,19/11/2024,264,Buenos Aires,10,2,4,Mercado Pago,Completa,Costilla de cerdo,$14.25,Carnicería,$28.50,noviembre,11,martes-11,Carnicería - Mercado Pago,2024
16,20/11/2024,106,NEA,3,1,5,Transferencia,Pendiente,Queso cremoso,$17.23,Lácteos,$17.23,noviembre,11,miércoles-11,Lácteos - Transferencia,2024
718,20/11/2024,292,Patagonia,17,1,1,Efectivo,Completa,Manzanas,$6.54,Frutas y Verduras,$6.54,noviembre,11,miércoles-11,Frutas y Verduras - Efectivo,2024
731,20/11/2024,314,Patagonia,20,2,2,Tarjeta de Crédito,Completa,Lechugas,$4.25,Frutas y Verduras,$8.50,noviembre,11,miércoles-11,Frutas y Verduras - Tarjeta de Crédito,2024
907,20/11/2024,68,Patagonia,35,3,4,Mercado Pago,Completa,Arroz,$4.25,Conservas,$12.75,noviembre,11,miércoles-11,Conservas - Mercado Pago,2024
2000,20/11/2024,151,Buenos Aires,9,3,3,Tarjeta de Débito,Completa,Pollo,$18.56,Carnicería,$55.68,noviembre,11,miércoles-11,Carnicería - Tarjeta de Débito,2024
2431,20/11/2024,31,Centro,26,5,2,Tarjeta de Crédito,Completa,Hamburgesas congeladas,$9.54,Congelados,$47.70,noviembre,11,miércoles-11,Congelados - Tarjeta de Crédito,2024
2535,20/11/2024,118,Centro,29,2,3,Tarjeta de Débito,Completa,Cerveza,$11.54,Bebidas,$23.08,noviembre,11,miércoles-11,Bebidas - Tarjeta de Débito,2024
2637,20/11/2024,316,Centro,26,1,1,Efectivo,Completa,Hamburgesas congeladas,$9.54,Congelados,$9.54,noviembre,11,miércoles-11,Congelados - Efectivo,2024
662,21/11/2024,214,Patagonia,34,5,5,Transferencia,Completa,Maníes,$5.45,Galletitas y Snacks,$27.25,noviembre,11,jueves-11,Galletitas y Snacks - Transferencia,2024
690,21/11/2024,166,NEA,12,4,3,Tarjeta de Débito,Completa,Pan francés,$8.12,Panadería,$32.48,noviembre,11,jueves-11,Panadería - Tarjeta de Débito,2024
797,21/11/2024,267,Centro,1,2,5,Transferencia,Completa,Leche,$12.24,Lácteos,$24.48,noviembre,11,jueves-11,Lácteos - Transferencia,2024
879,21/11/2024,110,NEA,24,4,5,Transferencia,Completa,Empanadas,$13.54,Congelados,$54.16,noviembre,11,jueves-11,Congelados - Transferencia,2024
885,21/11/2024,72,Centro,26,3,5,Transferencia,Completa,Hamburgesas congeladas,$9.54,Congelados,$28.62,noviembre,11,jueves-11,Congelados - Transferencia,2024
1173,21/11/2024,193,Buenos Aires,11,6,4,Mercado Pago,Pendiente,Salchicha,$11.23,Carnicería,$67.38,noviembre,11,jueves-11,Carnicería - Mercado Pago,2024
1554,21/11/2024,212,Buenos Aires,33,1,1,Efectivo,Completa,Papas chips,$8.54,Galletitas y Snacks,$8.54,noviembre,11,jueves-11,Galletitas y Snacks - Efectivo,2024
1815,21/11/2024,93,Buenos Aires,1,4,3,Tarjeta de Débito,Pendiente,Leche,$12.24,Lácteos,$48.96,noviembre,11,jueves-11,Lácteos - Tarjeta de Débito,2024
2001,21/11/2024,271,Patagonia,6,1,4,Mercado Pago,Completa,Asado,$28.56,Carnicería,$28.56,noviembre,11,jueves-11,Carnicería - Mercado Pago,2024
2079,21/11/2024,11,Buenos Aires,11,5,2,Tarjeta de Crédito,Pendiente,Salchicha,$11.23,Carnicería,$56.15,noviembre,11,jueves-11,Carnicería - Tarjeta de Crédito,2024
2100,21/11/2024,260,Buenos Aires,24,6,2,Tarjeta de Crédito,Pendiente,Empanadas,$13.54,Congelados,$81.24,noviembre,11,jueves-11,Congelados - Tarjeta de Crédito,2024
2619,21/11/2024,209,Buenos Aires,14,4,1,Efectivo,Completa,Facturas,$12.36,Panadería,$49.44,noviembre,11,jueves-11,Panadería - Efectivo,2024
111,22/11/2024,103,Patagonia,29,5,2,Tarjeta de Crédito,Completa,Cerveza,$11.54,Bebidas,$57.70,noviembre,11,viernes-11,Bebidas - Tarjeta de Crédito,2024
846,22/11/2024,266,Buenos Aires,1,4,1,Efectivo,Completa,Leche,$12.24,Lácteos,$48.96,noviembre,11,viernes-11,Lácteos - Efectivo,2024
1296,22/11/2024,174,Patagonia,12,5,3,Tarjeta de Débito,Pendiente,Pan francés,$8.12,Panadería,$40.60,noviembre,11,viernes-11,Panadería - Tarjeta de Débito,2024
2125,22/11/2024,231,Patagonia,5,5,5,Transferencia,Completa,Manteca,$5.65,Lácteos,$28.25,noviembre,11,viernes-11,Lácteos - Transferencia,2024
2347,22/11/2024,122,Centro,23,2,5,Transferencia,Completa,Papas fritas,$8.23,Congelados,$16.46,noviembre,11,viernes-11,Congelados - Transferencia,2024
127,23/11/2024,95,Buenos Aires,1,3,5,Transferencia,Pendiente,Leche,$12.24,Lácteos,$36.72,noviembre,11,sábado-11,Lácteos - Transferencia,2024
231,23/11/2024,39,Patagonia,31,3,1,Efectivo,Pendiente,Galletitas de agua,$5.24,Galletitas y Snacks,$15.72,noviembre,11,sábado-11,Galletitas y Snacks - Efectivo,2024
341,23/11/2024,315,Buenos Aires,5,4,2,Tarjeta de Crédito,Completa,Manteca,$5.65,Lácteos,$22.60,noviembre,11,sábado-11,Lácteos - Tarjeta de Crédito,2024
1178,23/11/2024,249,Buenos Aires,32,1,5,Transferencia,Pendiente,Galletitas de chocolate,$6.25,Galletitas y Snacks,$6.25,noviembre,11,sábado-11,Galletitas y Snacks - Transferencia,2024
1378,23/11/2024,95,Buenos Aires,5,3,5,Transferencia,Completa,Manteca,$5.65,Lácteos,$16.95,noviembre,11,sábado-11,Lácteos - Transferencia,2024
1428,23/11/2024,266,Buenos Aires,37,2,1,Efectivo,Completa,Garbanzos,$3.65,Conservas,$7.30,noviembre,11,sábado-11,Conservas - Efectivo,2024
1578,23/11/2024,283,Buenos Aires,27,3,3,Tarjeta de Débito,Completa,Agua mineral,$6.21,Bebidas,$18.63,noviembre,11,sábado-11,Bebidas - Tarjeta de Débito,2024
1630,23/11/2024,317,NEA,7,1,1,Efectivo,Completa,Chorizo,$11.25,Carnicería,$11.25,noviembre,11,sábado-11,Carnicería - Efectivo,2024
256,24/11/2024,34,Cuyo,8,5,5,Transferencia,Pendiente,Milanesa,$16.21,Carnicería,$81.05,noviembre,11,domingo-11,Carnicería - Transferencia,2024
1413,24/11/2024,175,Buenos Aires,8,5,1,Efectivo,Completa,Milanesa,$16.21,Carnicería,$81.05,noviembre,11,domingo-11,Carnicería - Efectivo,2024
1697,24/11/2024,173,Patagonia,13,1,5,Transferencia,Pendiente,Pan integral,$12.56,Panadería,$12.56,noviembre,11,domingo-11,Panadería - Transferencia,2024
1893,24/11/2024,245,NEA,38,4,5,Transferencia,Completa,Atún enlatado,$6.21,Conservas,$24.84,noviembre,11,domingo-11,Conservas - Transferencia,2024
1953,24/11/2024,71,Buenos Aires,32,1,5,Transferencia,Completa,Galletitas de chocolate,$6.25,Galletitas y Snacks,$6.25,noviembre,11,domingo-11,Galletitas y Snacks - Transferencia,2024
1958,24/11/2024,310,Patagonia,23,5,4,Mercado Pago,Completa,Papas fritas,$8.23,Congelados,$41.15,noviembre,11,domingo-11,Congelados - Mercado Pago,2024
2307,24/11/2024,182,Centro,19,2,1,Efectivo,Completa,Tomates,$6.54,Frutas y Verduras,$13.08,noviembre,11,domingo-11,Frutas y Verduras - Efectivo,2024
2562,24/11/2024,79,Patagonia,36,6,1,Efectivo,Completa,Lentejas,$3.25,Conservas,$19.50,noviembre,11,domingo-11,Conservas - Efectivo,2024
120,25/11/2024,16,Buenos Aires,38,4,2,Tarjeta de Crédito,Pendiente,Atún enlatado,$6.21,Conservas,$24.84,noviembre,11,lunes-11,Conservas - Tarjeta de Crédito,2024
440,25/11/2024,269,Centro,30,1,3,Tarjeta de Débito,Completa,Vino tinto,$13.54,Bebidas,$13.54,noviembre,11,lunes-11,Bebidas - Tarjeta de Débito,2024
558,25/11/2024,33,NEA,26,5,1,Efectivo,Pendiente,Hamburgesas congeladas,$9.54,Congelados,$47.70,noviembre,11,lunes-11,Congelados - Efectivo,2024
704,25/11/2024,105,Buenos Aires,30,6,1,Efectivo,Completa,Vino tinto,$13.54,Bebidas,$81.24,noviembre,11,lunes-11,Bebidas - Efectivo,2024
874,25/11/2024,326,Cuyo,26,6,5,Transferencia,Pendiente,Hamburgesas congeladas,$9.54,Congelados,$57.24,noviembre,11,lunes-11,Congelados - Transferencia,2024
1150,25/11/2024,274,Buenos Aires,12,3,5,Transferencia,Pendiente,Pan francés,$8.12,Panadería,$24.36,noviembre,11,lunes-11,Panadería - Transferencia,2024
1251,25/11/2024,290,Buenos Aires,21,4,5,Transferencia,Completa,Zanahorias,$3.25,Frutas y Verduras,$13.00,noviembre,11,lunes-11,Frutas y Verduras - Transferencia,2024
1592,25/11/2024,27,Buenos Aires,9,6,5,Transferencia,Completa,Pollo,$18.56,Carnicería,$111.36,noviembre,11,lunes-11,Carnicería - Transferencia,2024
2694,25/11/2024,52,Patagonia,25,4,2,Tarjeta de Crédito,Completa,Pizza congelada,$15.45,Congelados,$61.80,noviembre,11,lunes-11,Congelados - Tarjeta de Crédito,2024
2797,25/11/2024,10,Buenos Aires,17,2,4,Mercado Pago,Completa,Manzanas,$6.54,Frutas y Verduras,$13.08,noviembre,11,lunes-11,Frutas y Verduras - Mercado Pago,2024
115,26/11/2024,19,Centro,21,4,3,Tarjeta de Débito,Completa,Zanahorias,$3.25,Frutas y Verduras,$13.00,noviembre,11,martes-11,Frutas y Verduras - Tarjeta de Débito,2024
200,26/11/2024,142,Cuyo,35,6,2,Tarjeta de Crédito,Completa,Arroz,$4.25,Conservas,$25.50,noviembre,11,martes-11,Conservas - Tarjeta de Crédito,2024
501,26/11/2024,317,NEA,35,5,4,Mercado Pago,Completa,Arroz,$4.25,Conservas,$21.25,noviembre,11,martes-11,Conservas - Mercado Pago,2024
1105,26/11/2024,247,Buenos Aires,26,3,1,Efectivo,Completa,Hamburgesas congeladas,$9.54,Congelados,$28.62,noviembre,11,martes-11,Congelados - Efectivo,2024
1637,26/11/2024,293,Patagonia,20,2,1,Efectivo,Completa,Lechugas,$4.25,Frutas y Verduras,$8.50,noviembre,11,martes-11,Frutas y Verduras - Efectivo,2024
1784,26/11/2024,179,Buenos Aires,30,6,4,Mercado Pago,Completa,Vino tinto,$13.54,Bebidas,$81.24,noviembre,11,martes-11,Bebidas - Mercado Pago,2024
2698,26/11/2024,146,Cuyo,28,5,2,Tarjeta de Crédito,Completa,Jugos de frutas,$9.45,Bebidas,$47.25,noviembre,11,martes-11,Bebidas - Tarjeta de Crédito,2024
2871,26/11/2024,219,Patagonia,5,3,3,Tarjeta de Débito,Completa,Manteca,$5.65,Lácteos,$16.95,noviembre,11,martes-11,Lácteos - Tarjeta de Débito,2024
2939,26/11/2024,279,Centro,34,1,5,Transferencia,Completa,Maníes,$5.45,Galletitas y Snacks,$5.45,noviembre,11,martes-11,Galletitas y Snacks - Transferencia,2024
1566,27/11/2024,206,NEA,10,5,5,Transferencia,Pendiente,Costilla de cerdo,$14.25,Carnicería,$71.25,noviembre,11,miércoles-11,Carnicería - Transferencia,2024
2230,27/11/2024,24,Cuyo,18,2,4,Mercado Pago,Completa,Bananas,$7.25,Frutas y Verduras,$14.50,noviembre,11,miércoles-11,Frutas y Verduras - Mercado Pago,2024
2464,27/11/2024,18,Centro,34,6,4,Mercado Pago,Completa,Maníes,$5.45,Galletitas y Snacks,$32.70,noviembre,11,miércoles-11,Galletitas y Snacks - Mercado Pago,2024
2825,27/11/2024,207,Buenos Aires,30,2,4,Mercado Pago,Pendiente,Vino tinto,$13.54,Bebidas,$27.08,noviembre,11,miércoles-11,Bebidas - Mercado Pago,2024
2998,27/11/2024,228,Centro,22,1,1,Efectivo,Completa,Cebolla,$4.21,Frutas y Verduras,$4.21,noviembre,11,miércoles-11,Frutas y Verduras - Efectivo,2024
221,28/11/2024,31,Centro,4,2,1,Efectivo,Completa,Queso rallado,$19.23,Lácteos,$38.46,noviembre,11,jueves-11,Lácteos - Efectivo,2024
319,28/11/2024,199,Buenos Aires,12,4,4,Mercado Pago,Completa,Pan francés,$8.12,Panadería,$32.48,noviembre,11,jueves-11,Panadería - Mercado Pago,2024
942,28/11/2024,5,Centro,34,3,3,Tarjeta de Débito,Completa,Maníes,$5.45,Galletitas y Snacks,$16.35,noviembre,11,jueves-11,Galletitas y Snacks - Tarjeta de Débito,2024
1370,28/11/2024,250,Centro,1,4,5,Transferencia,Completa,Leche,$12.24,Lácteos,$48.96,noviembre,11,jueves-11,Lácteos - Transferencia,2024
1521,28/11/2024,168,Centro,5,6,2,Tarjeta de Crédito,Completa,Manteca,$5.65,Lácteos,$33.90,noviembre,11,jueves-11,Lácteos - Tarjeta de Crédito,2024
1669,28/11/2024,93,Buenos Aires,7,6,4,Mercado Pago,Completa,Chorizo,$11.25,Carnicería,$67.50,noviembre,11,jueves-11,Carnicería - Mercado Pago,2024
2369,28/11/2024,283,Buenos Aires,34,3,4,Mercado Pago,Completa,Maníes,$5.45,Galletitas y Snacks,$16.35,noviembre,11,jueves-11,Galletitas y Snacks - Mercado Pago,2024
2410,28/11/2024,93,Buenos Aires,35,2,1,Efectivo,Pendiente,Arroz,$4.25,Conservas,$8.50,noviembre,11,jueves-11,Conservas - Efectivo,2024
2595,28/11/2024,196,Cuyo,32,5,4,Mercado Pago,Completa,Galletitas de chocolate,$6.25,Galletitas y Snacks,$31.25,noviembre,11,jueves-11,Galletitas y Snacks - Mercado Pago,2024
161,29/11/2024,134,Cuyo,14,5,3,Tarjeta de Débito,Completa,Facturas,$12.36,Panadería,$61.80,noviembre,11,viernes-11,Panadería - Tarjeta de Débito,2024
465,29/11/2024,93,Buenos Aires,30,6,3,Tarjeta de Débito,Completa,Vino tinto,$13.54,Bebidas,$81.24,noviembre,11,viernes-11,Bebidas - Tarjeta de Débito,2024
845,29/11/2024,318,Buenos Aires,32,4,5,Transferencia,Completa,Galletitas de chocolate,$6.25,Galletitas y Snacks,$25.00,noviembre,11,viernes-11,Galletitas y Snacks - Transferencia,2024
1170,29/11/2024,17,Buenos Aires,26,4,2,Tarjeta de Crédito,Completa,Hamburgesas congeladas,$9.54,Congelados,$38.16,noviembre,11,viernes-11,Congelados - Tarjeta de Crédito,2024
2129,29/11/2024,49,Buenos Aires,36,4,4,Mercado Pago,Completa,Lentejas,$3.25,Conservas,$13.00,noviembre,11,viernes-11,Conservas - Mercado Pago,2024
2144,29/11/2024,281,Buenos Aires,24,4,4,Mercado Pago,Completa,Empanadas,$13.54,Congelados,$54.16,noviembre,11,viernes-11,Congelados - Mercado Pago,2024
2754,29/11/2024,95,Buenos Aires,26,2,4,Mercado Pago,Completa,Hamburgesas congeladas,$9.54,Congelados,$19.08,noviembre,11,viernes-11,Congelados - Mercado Pago,2024
2842,29/11/2024,185,Centro,3,2,4,Mercado Pago,Completa,Queso cremoso,$17.23,Lácteos,$34.46,noviembre,11,viernes-11,Lácteos - Mercado Pago,2024
2985,29/11/2024,186,Patagonia,17,2,4,Mercado Pago,Completa,Manzanas,$6.54,Frutas y Verduras,$13.08,noviembre,11,viernes-11,Frutas y Verduras - Mercado Pago,2024
1694,30/11/2024,64,NEA,28,5,1,Efectivo,Completa,Jugos de frutas,$9.45,Bebidas,$47.25,noviembre,11,sábado-11,Bebidas - Efectivo,2024
1811,30/11/2024,321,Cuyo,18,4,1,Efectivo,Completa,Bananas,$7.25,Frutas y Verduras,$29.00,noviembre,11,sábado-11,Frutas y Verduras - Efectivo,2024
2322,30/11/2024,63,Buenos Aires,7,6,4,Mercado Pago,Pendiente,Chorizo,$11.25,Carnicería,$67.50,noviembre,11,sábado-11,Carnicería - Mercado Pago,2024
2353,30/11/2024,39,Patagonia,33,3,2,Tarjeta de Crédito,Completa,Papas chips,$8.54,Galletitas y Snacks,$25.62,noviembre,11,sábado-11,Galletitas y Snacks - Tarjeta de Crédito,2024
2425,30/11/2024,132,Buenos Aires,24,2,4,Mercado Pago,Completa,Empanadas,$13.54,Congelados,$27.08,noviembre,11,sábado-11,Congelados - Mercado Pago,2024
2764,30/11/2024,50,Buenos Aires,1,1,4,Mercado Pago,Pendiente,Leche,$12.24,Lácteos,$12.24,noviembre,11,sábado-11,Lácteos - Mercado Pago,2024
2984,30/11/2024,95,Buenos Aires,36,3,5,Transferencia,Completa,Lentejas,$3.25,Conservas,$9.75,noviembre,11,sábado-11,Conservas - Transferencia,2024
151,1/12/2024,317,NEA,20,2,2,Tarjeta de Crédito,Completa,Lechugas,$4.25,Frutas y Verduras,$8.50,diciembre,12,domingo-12,Frutas y Verduras - Tarjeta de Crédito,2024
196,1/12/2024,104,Buenos Aires,27,4,1,Efectivo,Completa,Agua mineral,$6.21,Bebidas,$24.84,diciembre,12,domingo-12,Bebidas - Efectivo,2024
390,1/12/2024,74,Patagonia,26,4,4,Mercado Pago,Completa,Hamburgesas congeladas,$9.54,Congelados,$38.16,diciembre,12,domingo-12,Congelados - Mercado Pago,2024
404,1/12/2024,72,Centro,29,3,1,Efectivo,Pendiente,Cerveza,$11.54,Bebidas,$34.62,diciembre,12,domingo-12,Bebidas - Efectivo,2024
937,1/12/2024,261,NOA,27,4,2,Tarjeta de Crédito,Completa,Agua mineral,$6.21,Bebidas,$24.84,diciembre,12,domingo-12,Bebidas - Tarjeta de Crédito,2024
1113,1/12/2024,4,Buenos Aires,17,2,1,Efectivo,Completa,Manzanas,$6.54,Frutas y Verduras,$13.08,diciembre,12,domingo-12,Frutas y Verduras - Efectivo,2024
1383,1/12/2024,185,Centro,10,3,4,Mercado Pago,Completa,Costilla de cerdo,$14.25,Carnicería,$42.75,diciembre,12,domingo-12,Carnicería - Mercado Pago,2024
1455,1/12/2024,271,Patagonia,29,4,4,Mercado Pago,Completa,Cerveza,$11.54,Bebidas,$46.16,diciembre,12,domingo-12,Bebidas - Mercado Pago,2024
1542,1/12/2024,250,Centro,33,4,1,Efectivo,Completa,Papas chips,$8.54,Galletitas y Snacks,$34.16,diciembre,12,domingo-12,Galletitas y Snacks - Efectivo,2024
1820,1/12/2024,170,Centro,30,2,1,Efectivo,Completa,Vino tinto,$13.54,Bebidas,$27.08,diciembre,12,domingo-12,Bebidas - Efectivo,2024
1959,1/12/2024,58,Buenos Aires,16,6,5,Transferencia,Completa,Tortas,$15.23,Panadería,$91.38,diciembre,12,domingo-12,Panadería - Transferencia,2024
2039,1/12/2024,88,Patagonia,12,3,1,Efectivo,Completa,Pan francés,$8.12,Panadería,$24.36,diciembre,12,domingo-12,Panadería - Efectivo,2024
2906,1/12/2024,290,Buenos Aires,1,4,1,Efectivo,Completa,Leche,$12.24,Lácteos,$48.96,diciembre,12,domingo-12,Lácteos - Efectivo,2024
2912,1/12/2024,39,Patagonia,26,2,5,Transferencia,Completa,Hamburgesas congeladas,$9.54,Congelados,$19.08,diciembre,12,domingo-12,Congelados - Transferencia,2024
483,2/12/2024,230,Centro,25,6,4,Mercado Pago,Completa,Pizza congelada,$15.45,Congelados,$92.70,diciembre,12,lunes-12,Congelados - Mercado Pago,2024
496,2/12/2024,137,Patagonia,33,1,5,Transferencia,Completa,Papas chips,$8.54,Galletitas y Snacks,$8.54,diciembre,12,lunes-12,Galletitas y Snacks - Transferencia,2024
924,2/12/2024,90,Buenos Aires,1,2,3,Tarjeta de Débito,Completa,Leche,$12.24,Lácteos,$24.48,diciembre,12,lunes-12,Lácteos - Tarjeta de Débito,2024
990,2/12/2024,136,Patagonia,27,6,4,Mercado Pago,Completa,Agua mineral,$6.21,Bebidas,$37.26,diciembre,12,lunes-12,Bebidas - Mercado Pago,2024
1267,2/12/2024,130,Buenos Aires,1,2,5,Transferencia,Completa,Leche,$12.24,Lácteos,$24.48,diciembre,12,lunes-12,Lácteos - Transferencia,2024
1273,2/12/2024,289,Cuyo,29,3,1,Efectivo,Completa,Cerveza,$11.54,Bebidas,$34.62,diciembre,12,lunes-12,Bebidas - Efectivo,2024
1884,2/12/2024,98,Centro,33,5,3,Tarjeta de Débito,Completa,Papas chips,$8.54,Galletitas y Snacks,$42.70,diciembre,12,lunes-12,Galletitas y Snacks - Tarjeta de Débito,2024
2856,2/12/2024,87,Patagonia,36,5,4,Mercado Pago,Completa,Lentejas,$3.25,Conservas,$16.25,diciembre,12,lunes-12,Conservas - Mercado Pago,2024
3000,2/12/2024,266,Buenos Aires,31,2,1,Efectivo,Pendiente,Galletitas de agua,$5.24,Galletitas y Snacks,$10.48,diciembre,12,lunes-12,Galletitas y Snacks - Efectivo,2024
7,3/12/2024,43,Patagonia,23,6,5,Transferencia,Completa,Papas fritas,$8.23,Congelados,$49.38,diciembre,12,martes-12,Congelados - Transferencia,2024
693,3/12/2024,15,Buenos Aires,7,4,5,Transferencia,Completa,Chorizo,$11.25,Carnicería,$45.00,diciembre,12,martes-12,Carnicería - Transferencia,2024
1292,3/12/2024,287,NEA,24,3,4,Mercado Pago,Completa,Empanadas,$13.54,Congelados,$40.62,diciembre,12,martes-12,Congelados - Mercado Pago,2024
1507,3/12/2024,145,Buenos Aires,25,4,3,Tarjeta de Débito,Completa,Pizza congelada,$15.45,Congelados,$61.80,diciembre,12,martes-12,Congelados - Tarjeta de Débito,2024
2028,3/12/2024,226,Patagonia,16,3,3,Tarjeta de Débito,Completa,Tortas,$15.23,Panadería,$45.69,diciembre,12,martes-12,Panadería - Tarjeta de Débito,2024
2573,3/12/2024,143,Buenos Aires,7,1,2,Tarjeta de Crédito,Completa,Chorizo,$11.25,Carnicería,$11.25,diciembre,12,martes-12,Carnicería - Tarjeta de Crédito,2024
2817,3/12/2024,254,Patagonia,18,2,1,Efectivo,Pendiente,Bananas,$7.25,Frutas y Verduras,$14.50,diciembre,12,martes-12,Frutas y Verduras - Efectivo,2024
64,4/12/2024,82,Buenos Aires,24,4,1,Efectivo,Completa,Empanadas,$13.54,Congelados,$54.16,diciembre,12,miércoles-12,Congelados - Efectivo,2024
122,4/12/2024,237,Buenos Aires,14,5,1,Efectivo,Completa,Facturas,$12.36,Panadería,$61.80,diciembre,12,miércoles-12,Panadería - Efectivo,2024
847,4/12/2024,244,Buenos Aires,29,3,5,Transferencia,Completa,Cerveza,$11.54,Bebidas,$34.62,diciembre,12,miércoles-12,Bebidas - Transferencia,2024
1056,4/12/2024,46,Centro,8,2,5,Transferencia,Completa,Milanesa,$16.21,Carnicería,$32.42,diciembre,12,miércoles-12,Carnicería - Transferencia,2024
2250,4/12/2024,276,Patagonia,4,4,5,Transferencia,Completa,Queso rallado,$19.23,Lácteos,$76.92,diciembre,12,miércoles-12,Lácteos - Transferencia,2024
2297,4/12/2024,69,Cuyo,23,2,5,Transferencia,Completa,Papas fritas,$8.23,Congelados,$16.46,diciembre,12,miércoles-12,Congelados - Transferencia,2024
2349,4/12/2024,90,Buenos Aires,9,5,1,Efectivo,Completa,Pollo,$18.56,Carnicería,$92.80,diciembre,12,miércoles-12,Carnicería - Efectivo,2024
2591,4/12/2024,305,Patagonia,9,6,5,Transferencia,Completa,Pollo,$18.56,Carnicería,$111.36,diciembre,12,miércoles-12,Carnicería - Transferencia,2024
424,5/12/2024,259,Cuyo,2,5,3,Tarjeta de Débito,Completa,Yogur,$5.21,Lácteos,$26.05,diciembre,12,jueves-12,Lácteos - Tarjeta de Débito,2024
782,5/12/2024,12,Patagonia,2,3,5,Transferencia,Completa,Yogur,$5.21,Lácteos,$15.63,diciembre,12,jueves-12,Lácteos - Transferencia,2024
915,5/12/2024,75,NEA,14,3,4,Mercado Pago,Completa,Facturas,$12.36,Panadería,$37.08,diciembre,12,jueves-12,Panadería - Mercado Pago,2024
1240,5/12/2024,56,Centro,28,1,5,Transferencia,Completa,Jugos de frutas,$9.45,Bebidas,$9.45,diciembre,12,jueves-12,Bebidas - Transferencia,2024
2010,5/12/2024,9,Centro,4,3,3,Tarjeta de Débito,Completa,Queso rallado,$19.23,Lácteos,$57.69,diciembre,12,jueves-12,Lácteos - Tarjeta de Débito,2024
2173,5/12/2024,128,Buenos Aires,25,1,5,Transferencia,Completa,Pizza congelada,$15.45,Congelados,$15.45,diciembre,12,jueves-12,Congelados - Transferencia,2024
2217,5/12/2024,198,NOA,6,6,3,Tarjeta de Débito,Completa,Asado,$28.56,Carnicería,$171.36,diciembre,12,jueves-12,Carnicería - Tarjeta de Débito,2024
2706,5/12/2024,21,Buenos Aires,24,4,4,Mercado Pago,Pendiente,Empanadas,$13.54,Congelados,$54.16,diciembre,12,jueves-12,Congelados - Mercado Pago,2024
269,6/12/2024,66,Buenos Aires,15,2,1,Efectivo,Completa,Medialunas,$3.51,Panadería,$7.02,diciembre,12,viernes-12,Panadería - Efectivo,2024
643,6/12/2024,93,Buenos Aires,15,5,2,Tarjeta de Crédito,Completa,Medialunas,$3.51,Panadería,$17.55,diciembre,12,viernes-12,Panadería - Tarjeta de Crédito,2024
742,6/12/2024,45,Buenos Aires,11,5,5,Transferencia,Completa,Salchicha,$11.23,Carnicería,$56.15,diciembre,12,viernes-12,Carnicería - Transferencia,2024
1201,6/12/2024,161,Patagonia,10,1,3,Tarjeta de Débito,Completa,Costilla de cerdo,$14.25,Carnicería,$14.25,diciembre,12,viernes-12,Carnicería - Tarjeta de Débito,2024
2380,6/12/2024,175,Buenos Aires,12,5,3,Tarjeta de Débito,Completa,Pan francés,$8.12,Panadería,$40.60,diciembre,12,viernes-12,Panadería - Tarjeta de Débito,2024
2517,6/12/2024,308,Centro,3,2,4,Mercado Pago,Pendiente,Queso cremoso,$17.23,Lácteos,$34.46,diciembre,12,viernes-12,Lácteos - Mercado Pago,2024
145,7/12/2024,257,NEA,13,4,3,Tarjeta de Débito,Completa,Pan integral,$12.56,Panadería,$50.24,diciembre,12,sábado-12,Panadería - Tarjeta de Débito,2024
264,7/12/2024,275,Buenos Aires,24,4,4,Mercado Pago,Completa,Empanadas,$13.54,Congelados,$54.16,diciembre,12,sábado-12,Congelados - Mercado Pago,2024
1002,7/12/2024,7,Cuyo,19,3,4,Mercado Pago,Completa,Tomates,$6.54,Frutas y Verduras,$19.62,diciembre,12,sábado-12,Frutas y Verduras - Mercado Pago,2024
1879,7/12/2024,160,Centro,4,4,4,Mercado Pago,Completa,Queso rallado,$19.23,Lácteos,$76.92,diciembre,12,sábado-12,Lácteos - Mercado Pago,2024
2012,7/12/2024,210,Centro,33,4,4,Mercado Pago,Completa,Papas chips,$8.54,Galletitas y Snacks,$34.16,diciembre,12,sábado-12,Galletitas y Snacks - Mercado Pago,2024
2179,7/12/2024,150,Buenos Aires,23,4,4,Mercado Pago,Completa,Papas fritas,$8.23,Congelados,$32.92,diciembre,12,sábado-12,Congelados - Mercado Pago,2024
2608,7/12/2024,222,Centro,12,4,3,Tarjeta de Débito,Completa,Pan francés,$8.12,Panadería,$32.48,diciembre,12,sábado-12,Panadería - Tarjeta de Débito,2024
167,8/12/2024,1,Patagonia,28,4,5,Transferencia,Completa,Jugos de frutas,$9.45,Bebidas,$37.80,diciembre,12,domingo-12,Bebidas - Transferencia,2024
222,8/12/2024,260,Buenos Aires,11,2,4,Mercado Pago,Completa,Salchicha,$11.23,Carnicería,$22.46,diciembre,12,domingo-12,Carnicería - Mercado Pago,2024
813,8/12/2024,168,Centro,22,3,3,Tarjeta de Débito,Completa,Cebolla,$4.21,Frutas y Verduras,$12.63,diciembre,12,domingo-12,Frutas y Verduras - Tarjeta de Débito,2024
843,8/12/2024,7,Cuyo,3,1,2,Tarjeta de Crédito,Completa,Queso cremoso,$17.23,Lácteos,$17.23,diciembre,12,domingo-12,Lácteos - Tarjeta de Crédito,2024
1154,8/12/2024,260,Buenos Aires,15,1,5,Transferencia,Completa,Medialunas,$3.51,Panadería,$3.51,diciembre,12,domingo-12,Panadería - Transferencia,2024
1468,8/12/2024,3,Patagonia,38,2,3,Tarjeta de Débito,Completa,Atún enlatado,$6.21,Conservas,$12.42,diciembre,12,domingo-12,Conservas - Tarjeta de Débito,2024
2318,8/12/2024,18,Centro,9,4,3,Tarjeta de Débito,Completa,Pollo,$18.56,Carnicería,$74.24,diciembre,12,domingo-12,Carnicería - Tarjeta de Débito,2024
2378,8/12/2024,31,Centro,2,1,5,Transferencia,Pendiente,Yogur,$5.21,Lácteos,$5.21,diciembre,12,domingo-12,Lácteos - Transferencia,2024
2483,8/12/2024,14,Buenos Aires,13,3,4,Mercado Pago,Completa,Pan integral,$12.56,Panadería,$37.68,diciembre,12,domingo-12,Panadería - Mercado Pago,2024
2893,8/12/2024,221,Buenos Aires,15,2,4,Mercado Pago,Completa,Medialunas,$3.51,Panadería,$7.02,diciembre,12,domingo-12,Panadería - Mercado Pago,2024
347,9/12/2024,204,Patagonia,1,1,1,Efectivo,Completa,Leche,$12.24,Lácteos,$12.24,diciembre,12,lunes-12,Lácteos - Efectivo,2024
369,9/12/2024,96,Buenos Aires,10,1,5,Transferencia,Completa,Costilla de cerdo,$14.25,Carnicería,$14.25,diciembre,12,lunes-12,Carnicería - Transferencia,2024
436,9/12/2024,190,NEA,37,4,5,Transferencia,Completa,Garbanzos,$3.65,Conservas,$14.60,diciembre,12,lunes-12,Conservas - Transferencia,2024
1011,9/12/2024,190,NEA,1,3,4,Mercado Pago,Completa,Leche,$12.24,Lácteos,$36.72,diciembre,12,lunes-12,Lácteos - Mercado Pago,2024
1063,9/12/2024,115,Cuyo,21,2,2,Tarjeta de Crédito,Completa,Zanahorias,$3.25,Frutas y Verduras,$6.50,diciembre,12,lunes-12,Frutas y Verduras - Tarjeta de Crédito,2024
1256,9/12/2024,227,Buenos Aires,36,4,5,Transferencia,Completa,Lentejas,$3.25,Conservas,$13.00,diciembre,12,lunes-12,Conservas - Transferencia,2024
1769,9/12/2024,284,NOA,27,4,3,Tarjeta de Débito,Pendiente,Agua mineral,$6.21,Bebidas,$24.84,diciembre,12,lunes-12,Bebidas - Tarjeta de Débito,2024
1771,9/12/2024,169,Centro,21,1,3,Tarjeta de Débito,Completa,Zanahorias,$3.25,Frutas y Verduras,$3.25,diciembre,12,lunes-12,Frutas y Verduras - Tarjeta de Débito,2024
1914,9/12/2024,212,Buenos Aires,28,3,1,Efectivo,Completa,Jugos de frutas,$9.45,Bebidas,$28.35,diciembre,12,lunes-12,Bebidas - Efectivo,2024
2271,9/12/2024,45,Buenos Aires,36,1,3,Tarjeta de Débito,Completa,Lentejas,$3.25,Conservas,$3.25,diciembre,12,lunes-12,Conservas - Tarjeta de Débito,2024
2551,9/12/2024,171,Cuyo,9,2,1,Efectivo,Completa,Pollo,$18.56,Carnicería,$37.12,diciembre,12,lunes-12,Carnicería - Efectivo,2024
2593,9/12/2024,312,Cuyo,2,6,2,Tarjeta de Crédito,Completa,Yogur,$5.21,Lácteos,$31.26,diciembre,12,lunes-12,Lácteos - Tarjeta de Crédito,2024
2834,9/12/2024,123,Patagonia,26,1,3,Tarjeta de Débito,Completa,Hamburgesas congeladas,$9.54,Congelados,$9.54,diciembre,12,lunes-12,Congelados - Tarjeta de Débito,2024
318,10/12/2024,258,Centro,1,5,1,Efectivo,Completa,Leche,$12.24,Lácteos,$61.20,diciembre,12,martes-12,Lácteos - Efectivo,2024
1043,10/12/2024,96,Buenos Aires,21,4,5,Transferencia,Completa,Zanahorias,$3.25,Frutas y Verduras,$13.00,diciembre,12,martes-12,Frutas y Verduras - Transferencia,2024
1057,10/12/2024,265,Centro,4,4,2,Tarjeta de Crédito,Completa,Queso rallado,$19.23,Lácteos,$76.92,diciembre,12,martes-12,Lácteos - Tarjeta de Crédito,2024
1284,10/12/2024,147,Cuyo,11,2,5,Transferencia,Pendiente,Salchicha,$11.23,Carnicería,$22.46,diciembre,12,martes-12,Carnicería - Transferencia,2024
1816,10/12/2024,210,Centro,6,6,5,Transferencia,Pendiente,Asado,$28.56,Carnicería,$171.36,diciembre,12,martes-12,Carnicería - Transferencia,2024
2320,10/12/2024,317,NEA,33,2,1,Efectivo,Completa,Papas chips,$8.54,Galletitas y Snacks,$17.08,diciembre,12,martes-12,Galletitas y Snacks - Efectivo,2024
374,11/12/2024,17,Buenos Aires,6,6,1,Efectivo,Completa,Asado,$28.56,Carnicería,$171.36,diciembre,12,miércoles-12,Carnicería - Efectivo,2024
482,11/12/2024,76,Centro,38,6,3,Tarjeta de Débito,Completa,Atún enlatado,$6.21,Conservas,$37.26,diciembre,12,miércoles-12,Conservas - Tarjeta de Débito,2024
1817,11/12/2024,73,Centro,29,6,4,Mercado Pago,Completa,Cerveza,$11.54,Bebidas,$69.24,diciembre,12,miércoles-12,Bebidas - Mercado Pago,2024
2287,11/12/2024,5,Centro,13,5,3,Tarjeta de Débito,Completa,Pan integral,$12.56,Panadería,$62.80,diciembre,12,miércoles-12,Panadería - Tarjeta de Débito,2024
2756,11/12/2024,207,Buenos Aires,15,2,2,Tarjeta de Crédito,Completa,Medialunas,$3.51,Panadería,$7.02,diciembre,12,miércoles-12,Panadería - Tarjeta de Crédito,2024
2814,11/12/2024,29,NEA,32,4,4,Mercado Pago,Pendiente,Galletitas de chocolate,$6.25,Galletitas y Snacks,$25.00,diciembre,12,miércoles-12,Galletitas y Snacks - Mercado Pago,2024
229,12/12/2024,153,Cuyo,14,5,4,Mercado Pago,Completa,Facturas,$12.36,Panadería,$61.80,diciembre,12,jueves-12,Panadería - Mercado Pago,2024
325,12/12/2024,323,Centro,3,2,5,Transferencia,Completa,Queso cremoso,$17.23,Lácteos,$34.46,diciembre,12,jueves-12,Lácteos - Transferencia,2024
877,12/12/2024,280,Centro,11,6,5,Transferencia,Completa,Salchicha,$11.23,Carnicería,$67.38,diciembre,12,jueves-12,Carnicería - Transferencia,2024
1846,12/12/2024,23,Patagonia,12,5,4,Mercado Pago,Completa,Pan francés,$8.12,Panadería,$40.60,diciembre,12,jueves-12,Panadería - Mercado Pago,2024
2486,12/12/2024,81,Buenos Aires,6,2,1,Efectivo,Completa,Asado,$28.56,Carnicería,$57.12,diciembre,12,jueves-12,Carnicería - Efectivo,2024
2675,12/12/2024,285,Patagonia,28,2,1,Efectivo,Completa,Jugos de frutas,$9.45,Bebidas,$18.90,diciembre,12,jueves-12,Bebidas - Efectivo,2024
316,13/12/2024,119,Patagonia,29,5,1,Efectivo,Completa,Cerveza,$11.54,Bebidas,$57.70,diciembre,12,viernes-12,Bebidas - Efectivo,2024
695,13/12/2024,202,NEA,9,3,1,Efectivo,Completa,Pollo,$18.56,Carnicería,$55.68,diciembre,12,viernes-12,Carnicería - Efectivo,2024
787,13/12/2024,325,NEA,27,6,1,Efectivo,Completa,Agua mineral,$6.21,Bebidas,$37.26,diciembre,12,viernes-12,Bebidas - Efectivo,2024
1206,13/12/2024,177,NEA,25,5,5,Transferencia,Completa,Pizza congelada,$15.45,Congelados,$77.25,diciembre,12,viernes-12,Congelados - Transferencia,2024
1532,13/12/2024,218,Centro,22,1,5,Transferencia,Completa,Cebolla,$4.21,Frutas y Verduras,$4.21,diciembre,12,viernes-12,Frutas y Verduras - Transferencia,2024
2085,13/12/2024,46,Centro,8,1,4,Mercado Pago,Completa,Milanesa,$16.21,Carnicería,$16.21,diciembre,12,viernes-12,Carnicería - Mercado Pago,2024
2233,13/12/2024,1,Patagonia,32,5,3,Tarjeta de Débito,Completa,Galletitas de chocolate,$6.25,Galletitas y Snacks,$31.25,diciembre,12,viernes-12,Galletitas y Snacks - Tarjeta de Débito,2024
2340,13/12/2024,76,Centro,38,6,3,Tarjeta de Débito,Completa,Atún enlatado,$6.21,Conservas,$37.26,diciembre,12,viernes-12,Conservas - Tarjeta de Débito,2024
2401,13/12/2024,217,Centro,35,2,2,Tarjeta de Crédito,Completa,Arroz,$4.25,Conservas,$8.50,diciembre,12,viernes-12,Conservas - Tarjeta de Crédito,2024
780,14/12/2024,140,NEA,15,3,1,Efectivo,Completa,Medialunas,$3.51,Panadería,$10.53,diciembre,12,sábado-12,Panadería - Efectivo,2024
1706,14/12/2024,94,Centro,23,2,5,Transferencia,Completa,Papas fritas,$8.23,Congelados,$16.46,diciembre,12,sábado-12,Congelados - Transferencia,2024
2033,14/12/2024,308,Centro,4,4,5,Transferencia,Completa,Queso rallado,$19.23,Lácteos,$76.92,diciembre,12,sábado-12,Lácteos - Transferencia,2024
2704,14/12/2024,14,Buenos Aires,17,5,1,Efectivo,Completa,Manzanas,$6.54,Frutas y Verduras,$32.70,diciembre,12,sábado-12,Frutas y Verduras - Efectivo,2024
2875,14/12/2024,148,Centro,19,1,2,Tarjeta de Crédito,Completa,Tomates,$6.54,Frutas y Verduras,$6.54,diciembre,12,sábado-12,Frutas y Verduras - Tarjeta de Crédito,2024
195,15/12/2024,71,Buenos Aires,13,4,2,Tarjeta de Crédito,Completa,Pan integral,$12.56,Panadería,$50.24,diciembre,12,domingo-12,Panadería - Tarjeta de Crédito,2024
218,15/12/2024,36,Buenos Aires,35,1,2,Tarjeta de Crédito,Completa,Arroz,$4.25,Conservas,$4.25,diciembre,12,domingo-12,Conservas - Tarjeta de Crédito,2024
409,15/12/2024,34,Cuyo,27,6,4,Mercado Pago,Completa,Agua mineral,$6.21,Bebidas,$37.26,diciembre,12,domingo-12,Bebidas - Mercado Pago,2024
1146,15/12/2024,187,Buenos Aires,28,3,5,Transferencia,Completa,Jugos de frutas,$9.45,Bebidas,$28.35,diciembre,12,domingo-12,Bebidas - Transferencia,2024
1457,15/12/2024,284,NOA,37,1,4,Mercado Pago,Completa,Garbanzos,$3.65,Conservas,$3.65,diciembre,12,domingo-12,Conservas - Mercado Pago,2024
1631,15/12/2024,189,Patagonia,36,1,5,Transferencia,Pendiente,Lentejas,$3.25,Conservas,$3.25,diciembre,12,domingo-12,Conservas - Transferencia,2024
1918,15/12/2024,216,Centro,3,5,4,Mercado Pago,Pendiente,Queso cremoso,$17.23,Lácteos,$86.15,diciembre,12,domingo-12,Lácteos - Mercado Pago,2024
138,16/12/2024,148,Centro,19,5,5,Transferencia,Completa,Tomates,$6.54,Frutas y Verduras,$32.70,diciembre,12,lunes-12,Frutas y Verduras - Transferencia,2024
332,16/12/2024,309,Centro,14,3,5,Transferencia,Completa,Facturas,$12.36,Panadería,$37.08,diciembre,12,lunes-12,Panadería - Transferencia,2024
334,16/12/2024,286,Centro,24,4,1,Efectivo,Pendiente,Empanadas,$13.54,Congelados,$54.16,diciembre,12,lunes-12,Congelados - Efectivo,2024
352,16/12/2024,286,Centro,25,6,5,Transferencia,Completa,Pizza congelada,$15.45,Congelados,$92.70,diciembre,12,lunes-12,Congelados - Transferencia,2024
355,16/12/2024,308,Centro,25,5,5,Transferencia,Completa,Pizza congelada,$15.45,Congelados,$77.25,diciembre,12,lunes-12,Congelados - Transferencia,2024
360,16/12/2024,139,Buenos Aires,12,1,4,Mercado Pago,Completa,Pan francés,$8.12,Panadería,$8.12,diciembre,12,lunes-12,Panadería - Mercado Pago,2024
389,16/12/2024,174,Patagonia,7,4,1,Efectivo,Completa,Chorizo,$11.25,Carnicería,$45.00,diciembre,12,lunes-12,Carnicería - Efectivo,2024
504,16/12/2024,179,Buenos Aires,18,6,5,Transferencia,Completa,Bananas,$7.25,Frutas y Verduras,$43.50,diciembre,12,lunes-12,Frutas y Verduras - Transferencia,2024
589,16/12/2024,159,NEA,16,4,3,Tarjeta de Débito,Completa,Tortas,$15.23,Panadería,$60.92,diciembre,12,lunes-12,Panadería - Tarjeta de Débito,2024
961,16/12/2024,154,Patagonia,15,3,5,Transferencia,Completa,Medialunas,$3.51,Panadería,$10.53,diciembre,12,lunes-12,Panadería - Transferencia,2024
1856,16/12/2024,151,Buenos Aires,13,6,1,Efectivo,Completa,Pan integral,$12.56,Panadería,$75.36,diciembre,12,lunes-12,Panadería - Efectivo,2024
1940,16/12/2024,87,Patagonia,28,5,5,Transferencia,Completa,Jugos de frutas,$9.45,Bebidas,$47.25,diciembre,12,lunes-12,Bebidas - Transferencia,2024
2016,16/12/2024,58,Buenos Aires,34,3,1,Efectivo,Completa,Maníes,$5.45,Galletitas y Snacks,$16.35,diciembre,12,lunes-12,Galletitas y Snacks - Efectivo,2024
1047,17/12/2024,235,NEA,7,2,4,Mercado Pago,Pendiente,Chorizo,$11.25,Carnicería,$22.50,diciembre,12,martes-12,Carnicería - Mercado Pago,2024
1629,17/12/2024,130,Buenos Aires,6,4,3,Tarjeta de Débito,Completa,Asado,$28.56,Carnicería,$114.24,diciembre,12,martes-12,Carnicería - Tarjeta de Débito,2024
1720,17/12/2024,316,Centro,9,4,4,Mercado Pago,Completa,Pollo,$18.56,Carnicería,$74.24,diciembre,12,martes-12,Carnicería - Mercado Pago,2024
1781,17/12/2024,177,NEA,15,1,4,Mercado Pago,Completa,Medialunas,$3.51,Panadería,$3.51,diciembre,12,martes-12,Panadería - Mercado Pago,2024
2421,17/12/2024,268,NOA,36,2,4,Mercado Pago,Completa,Lentejas,$3.25,Conservas,$6.50,diciembre,12,martes-12,Conservas - Mercado Pago,2024
157,18/12/2024,179,Buenos Aires,18,1,4,Mercado Pago,Pendiente,Bananas,$7.25,Frutas y Verduras,$7.25,diciembre,12,miércoles-12,Frutas y Verduras - Mercado Pago,2024
429,18/12/2024,10,Buenos Aires,28,3,2,Tarjeta de Crédito,Completa,Jugos de frutas,$9.45,Bebidas,$28.35,diciembre,12,miércoles-12,Bebidas - Tarjeta de Crédito,2024
567,18/12/2024,255,Buenos Aires,35,5,5,Transferencia,Completa,Arroz,$4.25,Conservas,$21.25,diciembre,12,miércoles-12,Conservas - Transferencia,2024
1478,18/12/2024,40,Cuyo,2,6,1,Efectivo,Completa,Yogur,$5.21,Lácteos,$31.26,diciembre,12,miércoles-12,Lácteos - Efectivo,2024
1886,18/12/2024,68,Patagonia,7,3,5,Transferencia,Pendiente,Chorizo,$11.25,Carnicería,$33.75,diciembre,12,miércoles-12,Carnicería - Transferencia,2024
2088,18/12/2024,70,Centro,23,4,5,Transferencia,Completa,Papas fritas,$8.23,Congelados,$32.92,diciembre,12,miércoles-12,Congelados - Transferencia,2024
2319,18/12/2024,199,Buenos Aires,11,6,5,Transferencia,Completa,Salchicha,$11.23,Carnicería,$67.38,diciembre,12,miércoles-12,Carnicería - Transferencia,2024
2419,18/12/2024,134,Cuyo,5,2,4,Mercado Pago,Completa,Manteca,$5.65,Lácteos,$11.30,diciembre,12,miércoles-12,Lácteos - Mercado Pago,2024
2466,18/12/2024,201,Patagonia,2,6,1,Efectivo,Completa,Yogur,$5.21,Lácteos,$31.26,diciembre,12,miércoles-12,Lácteos - Efectivo,2024
55,19/12/2024,264,Buenos Aires,11,4,1,Efectivo,Completa,Salchicha,$11.23,Carnicería,$44.92,diciembre,12,jueves-12,Carnicería - Efectivo,2024
213,19/12/2024,322,NEA,21,4,4,Mercado Pago,Completa,Zanahorias,$3.25,Frutas y Verduras,$13.00,diciembre,12,jueves-12,Frutas y Verduras - Mercado Pago,2024
377,19/12/2024,262,Buenos Aires,12,3,2,Tarjeta de Crédito,Pendiente,Pan francés,$8.12,Panadería,$24.36,diciembre,12,jueves-12,Panadería - Tarjeta de Crédito,2024
384,19/12/2024,146,Cuyo,3,6,4,Mercado Pago,Completa,Queso cremoso,$17.23,Lácteos,$103.38,diciembre,12,jueves-12,Lácteos - Mercado Pago,2024
868,19/12/2024,287,NEA,12,1,5,Transferencia,Completa,Pan francés,$8.12,Panadería,$8.12,diciembre,12,jueves-12,Panadería - Transferencia,2024
914,19/12/2024,203,Buenos Aires,16,2,4,Mercado Pago,Pendiente,Tortas,$15.23,Panadería,$30.46,diciembre,12,jueves-12,Panadería - Mercado Pago,2024
999,19/12/2024,155,Cuyo,38,4,3,Tarjeta de Débito,Completa,Atún enlatado,$6.21,Conservas,$24.84,diciembre,12,jueves-12,Conservas - Tarjeta de Débito,2024
1126,19/12/2024,315,Buenos Aires,34,1,2,Tarjeta de Crédito,Completa,Maníes,$5.45,Galletitas y Snacks,$5.45,diciembre,12,jueves-12,Galletitas y Snacks - Tarjeta de Crédito,2024
1359,19/12/2024,118,Centro,14,3,4,Mercado Pago,Completa,Facturas,$12.36,Panadería,$37.08,diciembre,12,jueves-12,Panadería - Mercado Pago,2024
1642,19/12/2024,172,Buenos Aires,22,4,2,Tarjeta de Crédito,Completa,Cebolla,$4.21,Frutas y Verduras,$16.84,diciembre,12,jueves-12,Frutas y Verduras - Tarjeta de Crédito,2024
1660,19/12/2024,313,Cuyo,17,1,2,Tarjeta de Crédito,Completa,Manzanas,$6.54,Frutas y Verduras,$6.54,diciembre,12,jueves-12,Frutas y Verduras - Tarjeta de Crédito,2024
1724,19/12/2024,252,Patagonia,29,6,4,Mercado Pago,Completa,Cerveza,$11.54,Bebidas,$69.24,diciembre,12,jueves-12,Bebidas - Mercado Pago,2024
1807,19/12/2024,205,Patagonia,29,5,5,Transferencia,Completa,Cerveza,$11.54,Bebidas,$57.70,diciembre,12,jueves-12,Bebidas - Transferencia,2024
2358,19/12/2024,316,Centro,28,1,5,Transferencia,Completa,Jugos de frutas,$9.45,Bebidas,$9.45,diciembre,12,jueves-12,Bebidas - Transferencia,2024
396,20/12/2024,295,Cuyo,1,5,3,Tarjeta de Débito,Completa,Leche,$12.24,Lácteos,$61.20,diciembre,12,viernes-12,Lácteos - Tarjeta de Débito,2024
1389,20/12/2024,78,Buenos Aires,6,3,5,Transferencia,Completa,Asado,$28.56,Carnicería,$85.68,diciembre,12,viernes-12,Carnicería - Transferencia,2024
1451,20/12/2024,131,Buenos Aires,27,5,5,Transferencia,Completa,Agua mineral,$6.21,Bebidas,$31.05,diciembre,12,viernes-12,Bebidas - Transferencia,2024
2096,20/12/2024,308,Centro,25,5,2,Tarjeta de Crédito,Completa,Pizza congelada,$15.45,Congelados,$77.25,diciembre,12,viernes-12,Congelados - Tarjeta de Crédito,2024
2283,20/12/2024,113,Buenos Aires,6,5,2,Tarjeta de Crédito,Completa,Asado,$28.56,Carnicería,$142.80,diciembre,12,viernes-12,Carnicería - Tarjeta de Crédito,2024
2400,20/12/2024,166,NEA,38,6,1,Efectivo,Completa,Atún enlatado,$6.21,Conservas,$37.26,diciembre,12,viernes-12,Conservas - Efectivo,2024
106,21/12/2024,67,NEA,21,6,4,Mercado Pago,Completa,Zanahorias,$3.25,Frutas y Verduras,$19.50,diciembre,12,sábado-12,Frutas y Verduras - Mercado Pago,2024
562,21/12/2024,248,Centro,13,1,5,Transferencia,Completa,Pan integral,$12.56,Panadería,$12.56,diciembre,12,sábado-12,Panadería - Transferencia,2024
748,21/12/2024,326,Cuyo,10,5,3,Tarjeta de Débito,Completa,Costilla de cerdo,$14.25,Carnicería,$71.25,diciembre,12,sábado-12,Carnicería - Tarjeta de Débito,2024
896,21/12/2024,190,NEA,37,3,4,Mercado Pago,Completa,Garbanzos,$3.65,Conservas,$10.95,diciembre,12,sábado-12,Conservas - Mercado Pago,2024
925,21/12/2024,179,Buenos Aires,5,4,2,Tarjeta de Crédito,Completa,Manteca,$5.65,Lácteos,$22.60,diciembre,12,sábado-12,Lácteos - Tarjeta de Crédito,2024
1163,21/12/2024,94,Centro,11,4,4,Mercado Pago,Completa,Salchicha,$11.23,Carnicería,$44.92,diciembre,12,sábado-12,Carnicería - Mercado Pago,2024
1403,21/12/2024,79,Patagonia,15,1,2,Tarjeta de Crédito,Completa,Medialunas,$3.51,Panadería,$3.51,diciembre,12,sábado-12,Panadería - Tarjeta de Crédito,2024
1548,21/12/2024,98,Centro,38,4,4,Mercado Pago,Completa,Atún enlatado,$6.21,Conservas,$24.84,diciembre,12,sábado-12,Conservas - Mercado Pago,2024
1650,21/12/2024,40,Cuyo,1,6,4,Mercado Pago,Completa,Leche,$12.24,Lácteos,$73.44,diciembre,12,sábado-12,Lácteos - Mercado Pago,2024
1825,21/12/2024,136,Patagonia,24,1,4,Mercado Pago,Completa,Empanadas,$13.54,Congelados,$13.54,diciembre,12,sábado-12,Congelados - Mercado Pago,2024
1861,21/12/2024,117,NOA,29,5,5,Transferencia,Completa,Cerveza,$11.54,Bebidas,$57.70,diciembre,12,sábado-12,Bebidas - Transferencia,2024
2734,21/12/2024,116,Buenos Aires,22,5,4,Mercado Pago,Completa,Cebolla,$4.21,Frutas y Verduras,$21.05,diciembre,12,sábado-12,Frutas y Verduras - Mercado Pago,2024
144,22/12/2024,47,Buenos Aires,10,1,4,Mercado Pago,Pendiente,Costilla de cerdo,$14.25,Carnicería,$14.25,diciembre,12,domingo-12,Carnicería - Mercado Pago,2024
933,22/12/2024,260,Buenos Aires,29,2,5,Transferencia,Completa,Cerveza,$11.54,Bebidas,$23.08,diciembre,12,domingo-12,Bebidas - Transferencia,2024
1160,22/12/2024,108,Patagonia,2,5,3,Tarjeta de Débito,Completa,Yogur,$5.21,Lácteos,$26.05,diciembre,12,domingo-12,Lácteos - Tarjeta de Débito,2024
1525,22/12/2024,65,Buenos Aires,30,3,5,Transferencia,Completa,Vino tinto,$13.54,Bebidas,$40.62,diciembre,12,domingo-12,Bebidas - Transferencia,2024
1779,22/12/2024,81,Buenos Aires,15,1,5,Transferencia,Completa,Medialunas,$3.51,Panadería,$3.51,diciembre,12,domingo-12,Panadería - Transferencia,2024
2189,22/12/2024,308,Centro,5,3,1,Efectivo,Pendiente,Manteca,$5.65,Lácteos,$16.95,diciembre,12,domingo-12,Lácteos - Efectivo,2024
2259,22/12/2024,103,Patagonia,5,1,5,Transferencia,Completa,Manteca,$5.65,Lácteos,$5.65,diciembre,12,domingo-12,Lácteos - Transferencia,2024
387,23/12/2024,180,Buenos Aires,17,2,3,Tarjeta de Débito,Completa,Manzanas,$6.54,Frutas y Verduras,$13.08,diciembre,12,lunes-12,Frutas y Verduras - Tarjeta de Débito,2024
571,23/12/2024,262,Buenos Aires,30,4,4,Mercado Pago,Completa,Vino tinto,$13.54,Bebidas,$54.16,diciembre,12,lunes-12,Bebidas - Mercado Pago,2024
992,23/12/2024,283,Buenos Aires,35,5,3,Tarjeta de Débito,Completa,Arroz,$4.25,Conservas,$21.25,diciembre,12,lunes-12,Conservas - Tarjeta de Débito,2024
1084,23/12/2024,70,Centro,14,4,4,Mercado Pago,Completa,Facturas,$12.36,Panadería,$49.44,diciembre,12,lunes-12,Panadería - Mercado Pago,2024
1264,23/12/2024,188,Cuyo,16,5,1,Efectivo,Pendiente,Tortas,$15.23,Panadería,$76.15,diciembre,12,lunes-12,Panadería - Efectivo,2024
1812,23/12/2024,97,Buenos Aires,13,6,5,Transferencia,Completa,Pan integral,$12.56,Panadería,$75.36,diciembre,12,lunes-12,Panadería - Transferencia,2024
2522,23/12/2024,110,NEA,25,3,4,Mercado Pago,Completa,Pizza congelada,$15.45,Congelados,$46.35,diciembre,12,lunes-12,Congelados - Mercado Pago,2024
75,24/12/2024,200,Centro,35,4,4,Mercado Pago,Completa,Arroz,$4.25,Conservas,$17.00,diciembre,12,martes-12,Conservas - Mercado Pago,2024
456,24/12/2024,105,Buenos Aires,4,2,3,Tarjeta de Débito,Completa,Queso rallado,$19.23,Lácteos,$38.46,diciembre,12,martes-12,Lácteos - Tarjeta de Débito,2024
749,24/12/2024,153,Cuyo,14,3,3,Tarjeta de Débito,Completa,Facturas,$12.36,Panadería,$37.08,diciembre,12,martes-12,Panadería - Tarjeta de Débito,2024
1065,24/12/2024,124,NEA,38,2,5,Transferencia,Completa,Atún enlatado,$6.21,Conservas,$12.42,diciembre,12,martes-12,Conservas - Transferencia,2024
1301,24/12/2024,158,Buenos Aires,6,1,5,Transferencia,Completa,Asado,$28.56,Carnicería,$28.56,diciembre,12,martes-12,Carnicería - Transferencia,2024
1492,24/12/2024,316,Centro,11,5,5,Transferencia,Completa,Salchicha,$11.23,Carnicería,$56.15,diciembre,12,martes-12,Carnicería - Transferencia,2024
1736,24/12/2024,192,Cuyo,23,4,1,Efectivo,Completa,Papas fritas,$8.23,Congelados,$32.92,diciembre,12,martes-12,Congelados - Efectivo,2024
1877,24/12/2024,298,Buenos Aires,5,6,1,Efectivo,Pendiente,Manteca,$5.65,Lácteos,$33.90,diciembre,12,martes-12,Lácteos - Efectivo,2024
2003,24/12/2024,161,Patagonia,3,5,1,Efectivo,Completa,Queso cremoso,$17.23,Lácteos,$86.15,diciembre,12,martes-12,Lácteos - Efectivo,2024
2160,24/12/2024,321,Cuyo,13,5,4,Mercado Pago,Completa,Pan integral,$12.56,Panadería,$62.80,diciembre,12,martes-12,Panadería - Mercado Pago,2024
2219,24/12/2024,79,Patagonia,38,2,4,Mercado Pago,Pendiente,Atún enlatado,$6.21,Conservas,$12.42,diciembre,12,martes-12,Conservas - Mercado Pago,2024
2453,24/12/2024,217,Centro,26,5,1,Efectivo,Completa,Hamburgesas congeladas,$9.54,Congelados,$47.70,diciembre,12,martes-12,Congelados - Efectivo,2024
2518,24/12/2024,107,Patagonia,10,4,4,Mercado Pago,Completa,Costilla de cerdo,$14.25,Carnicería,$57.00,diciembre,12,martes-12,Carnicería - Mercado Pago,2024
2699,24/12/2024,133,Buenos Aires,7,3,4,Mercado Pago,Pendiente,Chorizo,$11.25,Carnicería,$33.75,diciembre,12,martes-12,Carnicería - Mercado Pago,2024
2747,24/12/2024,54,Buenos Aires,24,1,1,Efectivo,Completa,Empanadas,$13.54,Congelados,$13.54,diciembre,12,martes-12,Congelados - Efectivo,2024
162,25/12/2024,319,Patagonia,16,5,3,Tarjeta de Débito,Completa,Tortas,$15.23,Panadería,$76.15,diciembre,12,miércoles-12,Panadería - Tarjeta de Débito,2024
870,25/12/2024,113,Buenos Aires,12,5,3,Tarjeta de Débito,Completa,Pan francés,$8.12,Panadería,$40.60,diciembre,12,miércoles-12,Panadería - Tarjeta de Débito,2024
973,25/12/2024,162,Patagonia,21,6,5,Transferencia,Completa,Zanahorias,$3.25,Frutas y Verduras,$19.50,diciembre,12,miércoles-12,Frutas y Verduras - Transferencia,2024
1000,25/12/2024,151,Buenos Aires,35,3,3,Tarjeta de Débito,Completa,Arroz,$4.25,Conservas,$12.75,diciembre,12,miércoles-12,Conservas - Tarjeta de Débito,2024
1014,25/12/2024,54,Buenos Aires,38,6,1,Efectivo,Completa,Atún enlatado,$6.21,Conservas,$37.26,diciembre,12,miércoles-12,Conservas - Efectivo,2024
1506,25/12/2024,144,NEA,8,2,5,Transferencia,Completa,Milanesa,$16.21,Carnicería,$32.42,diciembre,12,miércoles-12,Carnicería - Transferencia,2024
1529,25/12/2024,232,Buenos Aires,3,6,1,Efectivo,Completa,Queso cremoso,$17.23,Lácteos,$103.38,diciembre,12,miércoles-12,Lácteos - Efectivo,2024
1916,25/12/2024,98,Centro,30,4,4,Mercado Pago,Completa,Vino tinto,$13.54,Bebidas,$54.16,diciembre,12,miércoles-12,Bebidas - Mercado Pago,2024
1977,25/12/2024,36,Buenos Aires,38,5,5,Transferencia,Completa,Atún enlatado,$6.21,Conservas,$31.05,diciembre,12,miércoles-12,Conservas - Transferencia,2024
2305,25/12/2024,109,Cuyo,27,6,4,Mercado Pago,Completa,Agua mineral,$6.21,Bebidas,$37.26,diciembre,12,miércoles-12,Bebidas - Mercado Pago,2024
2333,25/12/2024,304,Cuyo,10,6,3,Tarjeta de Débito,Completa,Costilla de cerdo,$14.25,Carnicería,$85.50,diciembre,12,miércoles-12,Carnicería - Tarjeta de Débito,2024
9,26/12/2024,21,Buenos Aires,34,1,5,Transferencia,Completa,Maníes,$5.45,Galletitas y Snacks,$5.45,diciembre,12,jueves-12,Galletitas y Snacks - Transferencia,2024
1241,26/12/2024,82,Buenos Aires,8,4,1,Efectivo,Completa,Milanesa,$16.21,Carnicería,$64.84,diciembre,12,jueves-12,Carnicería - Efectivo,2024
1487,26/12/2024,79,Patagonia,11,2,1,Efectivo,Pendiente,Salchicha,$11.23,Carnicería,$22.46,diciembre,12,jueves-12,Carnicería - Efectivo,2024
2188,26/12/2024,17,Buenos Aires,28,3,1,Efectivo,Pendiente,Jugos de frutas,$9.45,Bebidas,$28.35,diciembre,12,jueves-12,Bebidas - Efectivo,2024
2350,26/12/2024,253,Buenos Aires,1,3,5,Transferencia,Completa,Leche,$12.24,Lácteos,$36.72,diciembre,12,jueves-12,Lácteos - Transferencia,2024
2775,26/12/2024,159,NEA,9,4,3,Tarjeta de Débito,Completa,Pollo,$18.56,Carnicería,$74.24,diciembre,12,jueves-12,Carnicería - Tarjeta de Débito,2024
2850,26/12/2024,202,NEA,28,6,1,Efectivo,Completa,Jugos de frutas,$9.45,Bebidas,$56.70,diciembre,12,jueves-12,Bebidas - Efectivo,2024
1076,27/12/2024,316,Centro,2,1,3,Tarjeta de Débito,Completa,Yogur,$5.21,Lácteos,$5.21,diciembre,12,viernes-12,Lácteos - Tarjeta de Débito,2024
1344,27/12/2024,261,NOA,30,4,3,Tarjeta de Débito,Pendiente,Vino tinto,$13.54,Bebidas,$54.16,diciembre,12,viernes-12,Bebidas - Tarjeta de Débito,2024
198,28/12/2024,106,NEA,7,5,4,Mercado Pago,Completa,Chorizo,$11.25,Carnicería,$56.25,diciembre,12,sábado-12,Carnicería - Mercado Pago,2024
406,28/12/2024,161,Patagonia,35,6,4,Mercado Pago,Completa,Arroz,$4.25,Conservas,$25.50,diciembre,12,sábado-12,Conservas - Mercado Pago,2024
585,28/12/2024,192,Cuyo,22,3,3,Tarjeta de Débito,Completa,Cebolla,$4.21,Frutas y Verduras,$12.63,diciembre,12,sábado-12,Frutas y Verduras - Tarjeta de Débito,2024
1013,28/12/2024,72,Centro,9,5,4,Mercado Pago,Completa,Pollo,$18.56,Carnicería,$92.80,diciembre,12,sábado-12,Carnicería - Mercado Pago,2024
1104,28/12/2024,176,NEA,6,4,2,Tarjeta de Crédito,Completa,Asado,$28.56,Carnicería,$114.24,diciembre,12,sábado-12,Carnicería - Tarjeta de Crédito,2024
1202,28/12/2024,45,Buenos Aires,8,2,4,Mercado Pago,Completa,Milanesa,$16.21,Carnicería,$32.42,diciembre,12,sábado-12,Carnicería - Mercado Pago,2024
1365,28/12/2024,176,NEA,31,2,4,Mercado Pago,Completa,Galletitas de agua,$5.24,Galletitas y Snacks,$10.48,diciembre,12,sábado-12,Galletitas y Snacks - Mercado Pago,2024
1770,28/12/2024,263,Buenos Aires,36,1,5,Transferencia,Completa,Lentejas,$3.25,Conservas,$3.25,diciembre,12,sábado-12,Conservas - Transferencia,2024
2472,28/12/2024,236,Buenos Aires,26,4,2,Tarjeta de Crédito,Completa,Hamburgesas congeladas,$9.54,Congelados,$38.16,diciembre,12,sábado-12,Congelados - Tarjeta de Crédito,2024
2640,28/12/2024,25,Patagonia,30,1,5,Transferencia,Completa,Vino tinto,$13.54,Bebidas,$13.54,diciembre,12,sábado-12,Bebidas - Transferencia,2024
2782,28/12/2024,119,Patagonia,27,2,4,Mercado Pago,Completa,Agua mineral,$6.21,Bebidas,$12.42,diciembre,12,sábado-12,Bebidas - Mercado Pago,2024
230,29/12/2024,252,Patagonia,6,3,5,Transferencia,Completa,Asado,$28.56,Carnicería,$85.68,diciembre,12,domingo-12,Carnicería - Transferencia,2024
529,29/12/2024,212,Buenos Aires,12,6,2,Tarjeta de Crédito,Completa,Pan francés,$8.12,Panadería,$48.72,diciembre,12,domingo-12,Panadería - Tarjeta de Crédito,2024
721,29/12/2024,148,Centro,16,2,2,Tarjeta de Crédito,Completa,Tortas,$15.23,Panadería,$30.46,diciembre,12,domingo-12,Panadería - Tarjeta de Crédito,2024
850,29/12/2024,194,Buenos Aires,31,1,5,Transferencia,Completa,Galletitas de agua,$5.24,Galletitas y Snacks,$5.24,diciembre,12,domingo-12,Galletitas y Snacks - Transferencia,2024
1285,29/12/2024,10,Buenos Aires,33,4,3,Tarjeta de Débito,Completa,Papas chips,$8.54,Galletitas y Snacks,$34.16,diciembre,12,domingo-12,Galletitas y Snacks - Tarjeta de Débito,2024
1511,29/12/2024,141,NEA,31,5,4,Mercado Pago,Completa,Galletitas de agua,$5.24,Galletitas y Snacks,$26.20,diciembre,12,domingo-12,Galletitas y Snacks - Mercado Pago,2024
1715,29/12/2024,87,Patagonia,5,1,1,Efectivo,Completa,Manteca,$5.65,Lácteos,$5.65,diciembre,12,domingo-12,Lácteos - Efectivo,2024
2446,29/12/2024,302,Patagonia,8,4,3,Tarjeta de Débito,Completa,Milanesa,$16.21,Carnicería,$64.84,diciembre,12,domingo-12,Carnicería - Tarjeta de Débito,2024
2643,29/12/2024,121,Cuyo,12,5,4,Mercado Pago,Completa,Pan francés,$8.12,Panadería,$40.60,diciembre,12,domingo-12,Panadería - Mercado Pago,2024
2792,29/12/2024,109,Cuyo,34,4,4,Mercado Pago,Pendiente,Maníes,$5.45,Galletitas y Snacks,$21.80,diciembre,12,domingo-12,Galletitas y Snacks - Mercado Pago,2024
563,30/12/2024,272,Buenos Aires,25,5,4,Mercado Pago,Completa,Pizza congelada,$15.45,Congelados,$77.25,diciembre,12,lunes-12,Congelados - Mercado Pago,2024
900,30/12/2024,248,Centro,10,5,1,Efectivo,Completa,Costilla de cerdo,$14.25,Carnicería,$71.25,diciembre,12,lunes-12,Carnicería - Efectivo,2024
954,30/12/2024,44,Buenos Aires,12,6,4,Mercado Pago,Completa,Pan francés,$8.12,Panadería,$48.72,diciembre,12,lunes-12,Panadería - Mercado Pago,2024
1390,30/12/2024,26,Centro,31,3,4,Mercado Pago,Completa,Galletitas de agua,$5.24,Galletitas y Snacks,$15.72,diciembre,12,lunes-12,Galletitas y Snacks - Mercado Pago,2024
1519,30/12/2024,246,NEA,11,3,3,Tarjeta de Débito,Completa,Salchicha,$11.23,Carnicería,$33.69,diciembre,12,lunes-12,Carnicería - Tarjeta de Débito,2024
2147,30/12/2024,231,Patagonia,22,2,1,Efectivo,Pendiente,Cebolla,$4.21,Frutas y Verduras,$8.42,diciembre,12,lunes-12,Frutas y Verduras - Efectivo,2024
2239,30/12/2024,172,Buenos Aires,17,3,3,Tarjeta de Débito,Completa,Manzanas,$6.54,Frutas y Verduras,$19.62,diciembre,12,lunes-12,Frutas y Verduras - Tarjeta de Débito,2024